Date,Company,Symbol,Open,High,Low,Close,Volume
2025-10-03,3M India Ltd,3MINDIA.NS,29400.0,29400.0,28855.0,29135.0,3059
2025-10-06,3M India Ltd,3MINDIA.NS,29190.0,29480.0,29015.0,29325.0,1555
2025-10-07,3M India Ltd,3MINDIA.NS,29350.0,29365.0,29015.0,29110.0,2405
2025-10-08,3M India Ltd,3MINDIA.NS,29305.0,29305.0,28910.0,29200.0,1592
2025-10-09,3M India Ltd,3MINDIA.NS,29205.0,29370.0,28995.0,29265.0,1835
2025-10-10,3M India Ltd,3MINDIA.NS,29270.0,29670.0,29230.0,29590.0,2220
2025-10-13,3M India Ltd,3MINDIA.NS,29495.0,29635.0,28845.0,28930.0,4194
2025-10-14,3M India Ltd,3MINDIA.NS,29040.0,29350.0,28960.0,29100.0,2303
2025-10-15,3M India Ltd,3MINDIA.NS,29100.0,29390.0,28990.0,29305.0,5824
2025-10-16,3M India Ltd,3MINDIA.NS,29420.0,29500.0,29110.0,29395.0,1748
2025-10-17,3M India Ltd,3MINDIA.NS,29200.0,29665.0,29200.0,29565.0,2867
2025-10-20,3M India Ltd,3MINDIA.NS,29565.0,29900.0,29380.0,29675.0,2021
2025-10-21,3M India Ltd,3MINDIA.NS,29940.0,29940.0,29710.0,29790.0,453
2025-10-23,3M India Ltd,3MINDIA.NS,30000.0,30090.0,29555.0,29735.0,2559
2025-10-24,3M India Ltd,3MINDIA.NS,29900.0,29900.0,29510.0,29735.0,1728
2025-10-27,3M India Ltd,3MINDIA.NS,29815.0,30170.0,29800.0,30015.0,4273
2025-10-28,3M India Ltd,3MINDIA.NS,29930.0,30250.0,29470.0,29545.0,1555
2025-10-29,3M India Ltd,3MINDIA.NS,29590.0,29835.0,29400.0,29765.0,1532
2025-10-30,3M India Ltd,3MINDIA.NS,29870.0,30020.0,29465.0,29865.0,1760
2025-10-31,3M India Ltd,3MINDIA.NS,29705.0,29965.0,29380.0,29560.0,5604
2025-11-03,3M India Ltd,3MINDIA.NS,29595.0,31085.0,29490.0,30700.0,26118
2025-11-04,3M India Ltd,3MINDIA.NS,33060.0,36480.0,32610.0,35885.0,222196
2025-11-06,3M India Ltd,3MINDIA.NS,35700.0,37000.0,35480.0,35790.0,53590
2025-11-07,3M India Ltd,3MINDIA.NS,35500.0,36000.0,34910.0,35580.0,31552
2025-11-10,3M India Ltd,3MINDIA.NS,35060.0,36425.0,35060.0,36025.0,30571
2025-11-11,3M India Ltd,3MINDIA.NS,36000.0,36600.0,35565.0,36035.0,10630
2025-11-12,3M India Ltd,3MINDIA.NS,36100.0,36315.0,35845.0,36005.0,7814
2025-11-13,3M India Ltd,3MINDIA.NS,36200.0,36435.0,35905.0,36075.0,7754
2025-11-14,3M India Ltd,3MINDIA.NS,36175.0,36210.0,35565.0,35910.0,5710
2025-11-17,3M India Ltd,3MINDIA.NS,35840.0,36570.0,35820.0,36130.0,6424
2025-11-18,3M India Ltd,3MINDIA.NS,36400.0,36400.0,35950.0,36090.0,5299
2025-11-19,3M India Ltd,3MINDIA.NS,36100.0,36220.0,35750.0,35970.0,3435
2025-11-20,3M India Ltd,3MINDIA.NS,36240.0,36240.0,35495.0,35685.0,3044
2025-11-21,3M India Ltd,3MINDIA.NS,35755.0,35760.0,35160.0,35455.0,8367
2025-11-24,3M India Ltd,3MINDIA.NS,35455.0,35745.0,34990.0,35350.0,6396
2025-11-25,3M India Ltd,3MINDIA.NS,35100.0,35440.0,34865.0,35290.0,6685
2025-11-26,3M India Ltd,3MINDIA.NS,35300.0,35750.0,35255.0,35520.0,4581
2025-11-27,3M India Ltd,3MINDIA.NS,35815.0,35815.0,34955.0,35030.0,2707
2025-11-28,3M India Ltd,3MINDIA.NS,34960.0,35240.0,34735.0,34840.0,2167
2025-12-01,3M India Ltd,3MINDIA.NS,35175.0,35175.0,34700.0,34815.0,1715
2025-12-02,3M India Ltd,3MINDIA.NS,34815.0,35020.0,34565.0,34750.0,2126
2025-12-03,3M India Ltd,3MINDIA.NS,34750.0,34870.0,34635.0,34760.0,1329
2025-12-04,3M India Ltd,3MINDIA.NS,34760.0,35125.0,34350.0,34750.0,4288
2025-12-05,3M India Ltd,3MINDIA.NS,34770.0,34970.0,33490.0,34125.0,1840
2025-12-08,3M India Ltd,3MINDIA.NS,34130.0,35175.0,33890.0,34915.0,12250
2025-12-09,3M India Ltd,3MINDIA.NS,34650.0,34745.0,34155.0,34495.0,3747
2025-12-10,3M India Ltd,3MINDIA.NS,34495.0,35000.0,34215.0,34585.0,2616
2025-12-11,3M India Ltd,3MINDIA.NS,34440.0,34750.0,33950.0,34480.0,3725
2025-12-12,3M India Ltd,3MINDIA.NS,34735.0,35540.0,34475.0,35465.0,5706
2025-12-15,3M India Ltd,3MINDIA.NS,35465.0,35810.0,35195.0,35565.0,2096
2025-12-16,3M India Ltd,3MINDIA.NS,35300.0,35545.0,35155.0,35370.0,1870
2025-12-17,3M India Ltd,3MINDIA.NS,35205.0,35865.0,35010.0,35130.0,2460
2025-12-18,3M India Ltd,3MINDIA.NS,35295.0,35295.0,34780.0,35015.0,1746
2025-12-19,3M India Ltd,3MINDIA.NS,35025.0,35590.0,34705.0,34875.0,3857
2025-12-22,3M India Ltd,3MINDIA.NS,35300.0,35690.0,35075.0,35435.0,2391
2025-12-23,3M India Ltd,3MINDIA.NS,35300.0,35845.0,34880.0,35010.0,2339
2025-12-24,3M India Ltd,3MINDIA.NS,35010.0,35370.0,34400.0,34575.0,1768
2025-12-26,3M India Ltd,3MINDIA.NS,34780.0,34910.0,34490.0,34575.0,1658
2025-12-29,3M India Ltd,3MINDIA.NS,34600.0,34700.0,34100.0,34315.0,1335
2025-12-30,3M India Ltd,3MINDIA.NS,34495.0,35950.0,34175.0,35290.0,16030
2025-12-31,3M India Ltd,3MINDIA.NS,35015.0,35230.0,34835.0,35115.0,2603
2026-01-01,3M India Ltd,3MINDIA.NS,35185.0,36065.0,34750.0,36000.0,4965
2026-01-02,3M India Ltd,3MINDIA.NS,36070.0,37305.0,35530.0,36170.0,8030
2026-01-05,3M India Ltd,3MINDIA.NS,36360.0,36725.0,36200.0,36385.0,3130
2026-01-06,3M India Ltd,3MINDIA.NS,36355.0,36355.0,34920.0,35020.0,4644
2026-01-07,3M India Ltd,3MINDIA.NS,34900.0,35010.0,34350.0,34875.0,2869
2026-01-08,3M India Ltd,3MINDIA.NS,34875.0,35255.0,34680.0,34830.0,2631
2026-01-09,3M India Ltd,3MINDIA.NS,34250.0,35215.0,34000.0,34135.0,6219
2026-01-12,3M India Ltd,3MINDIA.NS,34135.0,35625.0,33675.0,34830.0,3455
2026-01-13,3M India Ltd,3MINDIA.NS,34830.0,35215.0,34155.0,34995.0,5361
2026-01-14,3M India Ltd,3MINDIA.NS,34985.0,35580.0,34490.0,35435.0,3033
2026-01-16,3M India Ltd,3MINDIA.NS,35435.0,35620.0,34780.0,35250.0,3650
2026-01-19,3M India Ltd,3MINDIA.NS,34850.0,35195.0,34255.0,34445.0,1965
2026-01-20,3M India Ltd,3MINDIA.NS,34445.0,34445.0,33000.0,33375.0,4275
2026-01-21,3M India Ltd,3MINDIA.NS,33435.0,34150.0,33250.0,33980.0,4292
2026-01-22,3M India Ltd,3MINDIA.NS,34160.0,34320.0,33700.0,33900.0,1820
2026-01-23,3M India Ltd,3MINDIA.NS,33900.0,34100.0,33225.0,33315.0,1691
2026-01-27,3M India Ltd,3MINDIA.NS,33300.0,33650.0,32750.0,33075.0,4610
2026-01-28,3M India Ltd,3MINDIA.NS,33075.0,33900.0,33075.0,33780.0,1685
2026-01-29,3M India Ltd,3MINDIA.NS,34095.0,35500.0,33300.0,34605.0,2908
2026-01-30,3M India Ltd,3MINDIA.NS,34295.0,34970.0,33900.0,34390.0,4490
2026-02-02,3M India Ltd,3MINDIA.NS,34490.0,34850.0,33840.0,34490.0,2593
2026-02-03,3M India Ltd,3MINDIA.NS,35600.0,35650.0,34705.0,35025.0,3587
2026-02-04,3M India Ltd,3MINDIA.NS,34815.0,36150.0,34685.0,35765.0,5086
2026-02-05,3M India Ltd,3MINDIA.NS,35765.0,35855.0,35100.0,35450.0,3135
2026-02-06,3M India Ltd,3MINDIA.NS,35375.0,35375.0,34925.0,35190.0,4542
2026-02-09,3M India Ltd,3MINDIA.NS,35355.0,37740.0,35200.0,36485.0,7114
2026-02-10,3M India Ltd,3MINDIA.NS,36500.0,38030.0,36375.0,37635.0,11004
2026-02-11,3M India Ltd,3MINDIA.NS,37800.0,37800.0,36910.0,37580.0,4096
2026-02-12,3M India Ltd,3MINDIA.NS,37880.0,37880.0,35800.0,37515.0,21762
2026-02-13,3M India Ltd,3MINDIA.NS,36995.0,36995.0,34705.0,35115.0,9115
2026-02-16,3M India Ltd,3MINDIA.NS,34905.0,36220.0,33985.0,36095.0,6516
2026-02-17,3M India Ltd,3MINDIA.NS,36000.0,36335.0,35605.0,36030.0,3357
2026-02-18,3M India Ltd,3MINDIA.NS,36050.0,37000.0,35875.0,36915.0,4495
2026-02-19,3M India Ltd,3MINDIA.NS,36815.0,37700.0,36385.0,36895.0,3550
2026-02-20,3M India Ltd,3MINDIA.NS,36810.0,36870.0,35865.0,36145.0,2214
2026-02-23,3M India Ltd,3MINDIA.NS,36500.0,36565.0,36005.0,36115.0,2540
2026-02-24,3M India Ltd,3MINDIA.NS,36030.0,36320.0,35700.0,35875.0,1902
2026-02-25,3M India Ltd,3MINDIA.NS,36000.0,36695.0,35740.0,36440.0,3213
2026-02-26,3M India Ltd,3MINDIA.NS,36545.0,36900.0,36225.0,36455.0,1681
2026-02-27,3M India Ltd,3MINDIA.NS,36340.0,37800.0,36175.0,37505.0,7761
2026-03-02,3M India Ltd,3MINDIA.NS,35755.0,36975.0,35005.0,35675.0,5084
2026-03-04,3M India Ltd,3MINDIA.NS,35525.0,35525.0,34155.0,34280.0,5374
2026-03-05,3M India Ltd,3MINDIA.NS,34690.0,34810.0,33800.0,34530.0,3452
2026-03-06,3M India Ltd,3MINDIA.NS,34450.0,34690.0,34100.0,34320.0,2187
2026-03-09,3M India Ltd,3MINDIA.NS,34005.0,34005.0,33010.0,33445.0,2281
2026-03-10,3M India Ltd,3MINDIA.NS,33560.0,34275.0,33480.0,33975.0,2489
2026-03-11,3M India Ltd,3MINDIA.NS,34075.0,34625.0,33625.0,33720.0,1880
2026-03-12,3M India Ltd,3MINDIA.NS,33720.0,35175.0,33045.0,34305.0,8868
2026-03-13,3M India Ltd,3MINDIA.NS,34250.0,34305.0,32750.0,32985.0,7692
2026-03-16,3M India Ltd,3MINDIA.NS,32985.0,33100.0,32005.0,32970.0,7966
2026-03-17,3M India Ltd,3MINDIA.NS,33200.0,33775.0,32820.0,33110.0,3501
2026-03-18,3M India Ltd,3MINDIA.NS,33150.0,33645.0,32890.0,32975.0,3580
2026-03-19,3M India Ltd,3MINDIA.NS,32795.0,33195.0,32265.0,32980.0,2441
2026-03-20,3M India Ltd,3MINDIA.NS,33000.0,33435.0,32125.0,32270.0,4927
2026-03-23,3M India Ltd,3MINDIA.NS,31960.0,32035.0,31000.0,31100.0,4038
2026-03-24,3M India Ltd,3MINDIA.NS,31730.0,31785.0,30675.0,31560.0,2974
2026-03-25,3M India Ltd,3MINDIA.NS,31565.0,32220.0,31545.0,31790.0,2491
2026-03-27,3M India Ltd,3MINDIA.NS,31785.0,31785.0,30710.0,30865.0,3530
2026-03-30,3M India Ltd,3MINDIA.NS,30855.0,30900.0,29980.0,30120.0,3374
2026-04-01,3M India Ltd,3MINDIA.NS,30560.0,31305.0,29125.0,29395.0,11036
2026-04-02,3M India Ltd,3MINDIA.NS,29300.0,30095.0,28730.0,29735.0,8060
2026-04-06,3M India Ltd,3MINDIA.NS,29750.0,29960.0,29215.0,29385.0,6077
2026-04-07,3M India Ltd,3MINDIA.NS,29400.0,29600.0,29130.0,29260.0,3492
2026-04-08,3M India Ltd,3MINDIA.NS,29850.0,31725.0,29845.0,31595.0,16254
2026-04-09,3M India Ltd,3MINDIA.NS,31500.0,32060.0,30925.0,31050.0,9034
2026-04-10,3M India Ltd,3MINDIA.NS,31450.0,31705.0,31210.0,31475.0,3579
2026-04-13,3M India Ltd,3MINDIA.NS,31250.0,31890.0,30675.0,31255.0,3313
2026-04-15,3M India Ltd,3MINDIA.NS,32000.0,32000.0,31390.0,31440.0,2554
2026-04-16,3M India Ltd,3MINDIA.NS,31900.0,31900.0,31050.0,31265.0,2982
2026-04-17,3M India Ltd,3MINDIA.NS,31700.0,31700.0,31260.0,31410.0,3143
2026-04-20,3M India Ltd,3MINDIA.NS,31320.0,31750.0,30910.0,31480.0,2882
2026-04-21,3M India Ltd,3MINDIA.NS,31480.0,31730.0,31395.0,31585.0,4818
2026-04-22,3M India Ltd,3MINDIA.NS,31700.0,33055.0,31680.0,32550.0,22561
2026-04-23,3M India Ltd,3MINDIA.NS,32800.0,33260.0,32485.0,33135.0,4350
2026-04-24,3M India Ltd,3MINDIA.NS,33135.0,33235.0,32230.0,32635.0,3764
2026-04-27,3M India Ltd,3MINDIA.NS,32660.0,33895.0,32660.0,33630.0,4834
2026-04-28,3M India Ltd,3MINDIA.NS,33600.0,33880.0,33000.0,33260.0,4763
2026-04-29,3M India Ltd,3MINDIA.NS,33585.0,33800.0,32720.0,33175.0,6423
2026-04-30,3M India Ltd,3MINDIA.NS,33125.0,33490.0,32770.0,33300.0,1816
2026-05-04,3M India Ltd,3MINDIA.NS,33300.0,33640.0,32845.0,33080.0,2157
2026-05-05,3M India Ltd,3MINDIA.NS,32890.0,33115.0,32370.0,32425.0,2636
2026-05-06,3M India Ltd,3MINDIA.NS,32505.0,32795.0,31995.0,32525.0,2929
2026-05-07,3M India Ltd,3MINDIA.NS,32500.0,32960.0,32445.0,32650.0,1677
2026-05-08,3M India Ltd,3MINDIA.NS,32700.0,32700.0,32000.0,32045.0,2139
2026-05-11,3M India Ltd,3MINDIA.NS,32040.0,32200.0,31340.0,31680.0,2752
2026-05-12,3M India Ltd,3MINDIA.NS,31675.0,31700.0,30930.0,31000.0,2770
2026-05-13,3M India Ltd,3MINDIA.NS,30790.0,31930.0,30790.0,31070.0,1265
2026-05-14,3M India Ltd,3MINDIA.NS,31225.0,31360.0,30850.0,31195.0,1100
2026-05-15,3M India Ltd,3MINDIA.NS,31350.0,31595.0,31120.0,31245.0,953
2026-05-18,3M India Ltd,3MINDIA.NS,31000.0,31795.0,30280.0,31705.0,3861
2026-05-19,3M India Ltd,3MINDIA.NS,31700.0,32275.0,31600.0,31810.0,3651
2026-05-20,3M India Ltd,3MINDIA.NS,31700.0,31700.0,31000.0,31140.0,2801
2026-05-21,3M India Ltd,3MINDIA.NS,31425.0,32650.0,30800.0,32200.0,9817
2026-05-22,3M India Ltd,3MINDIA.NS,32500.0,34545.0,32350.0,33315.0,49022
2026-05-25,3M India Ltd,3MINDIA.NS,33950.0,34300.0,33185.0,33615.0,13508
2026-05-26,3M India Ltd,3MINDIA.NS,34180.0,34180.0,33000.0,33100.0,5962
2026-05-27,3M India Ltd,3MINDIA.NS,33250.0,33610.0,33110.0,33225.0,2695
2026-05-28,3M India Ltd,3MINDIA.NS,33225.0,33225.0,33225.0,33225.0,0
2026-05-29,3M India Ltd,3MINDIA.NS,33245.0,33475.0,32510.0,32810.0,4786
2026-06-01,3M India Ltd,3MINDIA.NS,33090.0,33200.0,32350.0,32560.0,3108
2026-06-02,3M India Ltd,3MINDIA.NS,32400.0,32850.0,32390.0,32610.0,1573
2026-06-03,3M India Ltd,3MINDIA.NS,32520.0,32700.0,32210.0,32445.0,1512
2026-06-04,3M India Ltd,3MINDIA.NS,32445.0,32810.0,32060.0,32290.0,2629
2026-06-05,3M India Ltd,3MINDIA.NS,32580.0,32580.0,31800.0,31995.0,2208
2026-06-08,3M India Ltd,3MINDIA.NS,31800.0,31970.0,31500.0,31540.0,2108
2026-06-09,3M India Ltd,3MINDIA.NS,31925.0,32095.0,31620.0,31785.0,1671
2026-06-10,3M India Ltd,3MINDIA.NS,31850.0,31990.0,31530.0,31580.0,1234
2026-06-11,3M India Ltd,3MINDIA.NS,31600.0,31985.0,31010.0,31165.0,1740
2026-06-12,3M India Ltd,3MINDIA.NS,31550.0,31695.0,31255.0,31550.0,1149
2026-06-15,3M India Ltd,3MINDIA.NS,31750.0,32195.0,31575.0,31665.0,2529
2026-06-16,3M India Ltd,3MINDIA.NS,31690.0,32615.0,31435.0,32300.0,4732
2026-06-17,3M India Ltd,3MINDIA.NS,32300.0,33200.0,32175.0,33060.0,3525
2026-06-18,3M India Ltd,3MINDIA.NS,33000.0,33405.0,32750.0,33250.0,3182
2026-06-19,3M India Ltd,3MINDIA.NS,33250.0,33400.0,32805.0,33125.0,2784
2026-06-22,3M India Ltd,3MINDIA.NS,33350.0,33455.0,33160.0,33325.0,1870
2026-06-23,3M India Ltd,3MINDIA.NS,33320.0,34295.0,33110.0,33615.0,6739
2026-06-24,3M India Ltd,3MINDIA.NS,33600.0,33690.0,33310.0,33535.0,1711
2026-06-25,3M India Ltd,3MINDIA.NS,33540.0,33780.0,33315.0,33380.0,1511
2026-06-26,3M India Ltd,3MINDIA.NS,33380.0,33380.0,33380.0,33380.0,0
2026-06-29,3M India Ltd,3MINDIA.NS,33380.0,34275.0,32330.0,32710.0,10449
2026-06-30,3M India Ltd,3MINDIA.NS,33050.0,34250.0,32605.0,32900.0,7444
2026-07-01,3M India Ltd,3MINDIA.NS,33100.0,33710.0,33040.0,33435.0,4012
2026-07-02,3M India Ltd,3MINDIA.NS,33500.0,34150.0,33320.0,33960.0,2869
2026-07-03,3M India Ltd,3MINDIA.NS,34105.0,35360.0,33800.0,35235.0,13634
2026-07-06,3M India Ltd,3MINDIA.NS,35235.0,35325.0,34875.0,35210.0,2986
2026-07-07,3M India Ltd,3MINDIA.NS,35200.0,35500.0,34975.0,35260.0,2587
2026-07-08,3M India Ltd,3MINDIA.NS,35205.0,35495.0,33905.0,34255.0,3946
2026-07-09,3M India Ltd,3MINDIA.NS,34300.0,35470.0,34300.0,34745.0,6446
2026-07-10,3M India Ltd,3MINDIA.NS,35200.0,35450.0,34850.0,35370.0,2908
2026-07-13,3M India Ltd,3MINDIA.NS,35300.0,36585.0,35140.0,36430.0,6108
2026-07-14,3M India Ltd,3MINDIA.NS,36000.0,36690.0,36000.0,36540.0,6617
2026-07-15,3M India Ltd,3MINDIA.NS,36700.0,36880.0,35800.0,35930.0,9149
2026-07-16,3M India Ltd,3MINDIA.NS,35900.0,36395.0,35330.0,35445.0,5146
2026-07-17,3M India Ltd,3MINDIA.NS,34900.0,35240.0,34710.0,34870.0,3002
2026-07-20,3M India Ltd,3MINDIA.NS,34940.0,35570.0,34710.0,35240.0,3974
2026-07-21,3M India Ltd,3MINDIA.NS,35240.0,35490.0,34865.0,35170.0,2543
2026-07-22,3M India Ltd,3MINDIA.NS,35300.0,35975.0,35030.0,35725.0,5695
2026-07-23,3M India Ltd,3MINDIA.NS,35600.0,36030.0,35120.0,35245.0,4267
2026-07-24,3M India Ltd,3MINDIA.NS,35110.0,35790.0,34915.0,35500.0,2736
2026-07-27,3M India Ltd,3MINDIA.NS,35790.0,35830.0,35150.0,35195.0,1279
2026-07-28,3M India Ltd,3MINDIA.NS,35195.0,35455.0,34700.0,35090.0,2192
2026-07-29,3M India Ltd,3MINDIA.NS,35400.0,35700.0,35100.0,35425.0,1650
2026-07-30,3M India Ltd,3MINDIA.NS,35425.0,35635.0,34810.0,34940.0,1703
2026-07-31,3M India Ltd,3MINDIA.NS,35050.0,35895.0,34485.0,34615.0,6328
2026-08-03,3M India Ltd,3MINDIA.NS,35170.0,36660.0,35020.0,35955.0,6489
2026-08-04,3M India Ltd,3MINDIA.NS,36100.0,36100.0,35650.0,35725.0,1536
2026-08-05,3M India Ltd,3MINDIA.NS,35885.0,36280.0,35605.0,35805.0,3173
2026-08-06,3M India Ltd,3MINDIA.NS,35805.0,36595.0,35710.0,36000.0,4631
2026-08-07,3M India Ltd,3MINDIA.NS,35940.0,36270.0,35870.0,36035.0,3976
2026-08-10,3M India Ltd,3MINDIA.NS,36280.0,36370.0,35665.0,35900.0,2056
2026-08-11,3M India Ltd,3MINDIA.NS,36200.0,36470.0,35740.0,36115.0,3128
2026-08-12,3M India Ltd,3MINDIA.NS,36300.0,36390.0,35760.0,35935.0,2637
2026-08-13,3M India Ltd,3MINDIA.NS,35800.0,36695.0,35800.0,36165.0,4039
2026-08-14,3M India Ltd,3MINDIA.NS,36565.0,37300.0,35000.0,35340.0,20827
2026-08-17,3M India Ltd,3MINDIA.NS,35280.0,35280.0,34750.0,34910.0,3192
2026-08-18,3M India Ltd,3MINDIA.NS,35085.0,35290.0,34900.0,34945.0,1635
2026-08-19,3M India Ltd,3MINDIA.NS,35100.0,35100.0,33355.0,33505.0,7449
2026-08-20,3M India Ltd,3MINDIA.NS,33790.0,34205.0,33485.0,33550.0,1957
2026-08-21,3M India Ltd,3MINDIA.NS,33550.0,33885.0,33290.0,33640.0,1581
2026-08-24,3M India Ltd,3MINDIA.NS,33640.0,34065.0,33530.0,33885.0,1835
2026-08-25,3M India Ltd,3MINDIA.NS,33800.0,33990.0,33400.0,33695.0,1288
2026-08-26,3M India Ltd,3MINDIA.NS,33695.0,33895.0,33340.0,33570.0,1465
2026-08-27,3M India Ltd,3MINDIA.NS,33520.0,34515.0,33520.0,34245.0,3288
2026-08-28,3M India Ltd,3MINDIA.NS,34245.0,34840.0,34130.0,34415.0,2422
2026-08-31,3M India Ltd,3MINDIA.NS,34415.0,34415.0,33125.0,33320.0,7423
2026-09-01,3M India Ltd,3MINDIA.NS,33470.0,33695.0,32980.0,33315.0,2999
2026-09-02,3M India Ltd,3MINDIA.NS,33205.0,33290.0,32805.0,32895.0,1858
2026-09-03,3M India Ltd,3MINDIA.NS,32995.0,33050.0,32665.0,32820.0,1978
2026-09-04,3M India Ltd,3MINDIA.NS,32730.0,32965.0,32680.0,32845.0,932
2026-09-07,3M India Ltd,3MINDIA.NS,32700.0,32985.0,32480.0,32840.0,1326
2026-09-08,3M India Ltd,3MINDIA.NS,32840.0,33330.0,32620.0,33145.0,2158
2026-09-09,3M India Ltd,3MINDIA.NS,33145.0,33145.0,32745.0,33025.0,1275
2026-09-10,3M India Ltd,3MINDIA.NS,32750.0,33330.0,32490.0,32800.0,1403
2026-09-11,3M India Ltd,3MINDIA.NS,32410.0,32865.0,32400.0,32710.0,1598
2026-09-15,3M India Ltd,3MINDIA.NS,32710.0,32895.0,31500.0,31590.0,2096
2026-09-16,3M India Ltd,3MINDIA.NS,31710.0,33550.0,31600.0,31935.0,27574
2026-09-17,3M India Ltd,3MINDIA.NS,32040.0,32640.0,31710.0,32530.0,2039
2026-09-18,3M India Ltd,3MINDIA.NS,32530.0,34450.0,32380.0,34095.0,8040
2026-09-21,3M India Ltd,3MINDIA.NS,33915.0,34890.0,33855.0,34725.0,4444
2026-09-22,3M India Ltd,3MINDIA.NS,34890.0,35095.0,34065.0,34220.0,4367
2026-09-23,3M India Ltd,3MINDIA.NS,34225.0,35000.0,34225.0,34615.0,4992
2026-09-24,3M India Ltd,3MINDIA.NS,34600.0,34790.0,34285.0,34590.0,1608
2026-09-25,3M India Ltd,3MINDIA.NS,34595.0,34595.0,33800.0,33925.0,2731
2026-09-28,3M India Ltd,3MINDIA.NS,33965.0,33990.0,33230.0,33415.0,1497
2026-09-29,3M India Ltd,3MINDIA.NS,33200.0,33400.0,31600.0,31890.0,29335
2026-09-30,3M India Ltd,3MINDIA.NS,31890.0,32695.0,31890.0,32160.0,3548
2026-10-01,3M India Ltd,3MINDIA.NS,31920.0,31920.0,30550.0,30795.0,6078
2025-10-03,5Paisa Capital Ltd,5PAISA.NS,349.29998779296875,357.0,349.20001220703125,354.6499938964844,12972
2025-10-06,5Paisa Capital Ltd,5PAISA.NS,354.6000061035156,358.75,346.5,349.3999938964844,14245
2025-10-07,5Paisa Capital Ltd,5PAISA.NS,351.0,354.75,349.29998779296875,352.20001220703125,11120
2025-10-08,5Paisa Capital Ltd,5PAISA.NS,352.20001220703125,353.1499938964844,345.0,347.6499938964844,15722
2025-10-09,5Paisa Capital Ltd,5PAISA.NS,349.5,354.0,345.0,345.25,24767
2025-10-10,5Paisa Capital Ltd,5PAISA.NS,331.0,397.0,316.25,328.70001220703125,8785132
2025-10-13,5Paisa Capital Ltd,5PAISA.NS,330.0,335.0,318.0,320.04998779296875,565021
2025-10-14,5Paisa Capital Ltd,5PAISA.NS,324.29998779296875,326.0,312.0,316.1499938964844,205955
2025-10-15,5Paisa Capital Ltd,5PAISA.NS,317.8500061035156,322.95001220703125,315.0,316.6499938964844,112679
2025-10-16,5Paisa Capital Ltd,5PAISA.NS,316.0,320.5,313.1000061035156,314.79998779296875,89427
2025-10-17,5Paisa Capital Ltd,5PAISA.NS,314.79998779296875,317.0,311.0,312.79998779296875,57038
2025-10-20,5Paisa Capital Ltd,5PAISA.NS,314.3999938964844,316.95001220703125,311.1000061035156,312.45001220703125,45091
2025-10-21,5Paisa Capital Ltd,5PAISA.NS,311.54998779296875,316.5,311.54998779296875,315.75,14079
2025-10-23,5Paisa Capital Ltd,5PAISA.NS,320.0,320.0,314.25,315.1000061035156,34931
2025-10-24,5Paisa Capital Ltd,5PAISA.NS,316.0,318.45001220703125,311.04998779296875,312.3999938964844,38527
2025-10-27,5Paisa Capital Ltd,5PAISA.NS,313.6000061035156,319.6499938964844,313.29998779296875,316.5,47142
2025-10-28,5Paisa Capital Ltd,5PAISA.NS,318.0,321.0,315.0,316.6000061035156,29717
2025-10-29,5Paisa Capital Ltd,5PAISA.NS,318.6000061035156,319.04998779296875,314.3500061035156,317.25,21909
2025-10-30,5Paisa Capital Ltd,5PAISA.NS,315.0,318.8500061035156,310.0,313.0,66974
2025-10-31,5Paisa Capital Ltd,5PAISA.NS,312.0,315.29998779296875,310.5,311.70001220703125,40486
2025-11-03,5Paisa Capital Ltd,5PAISA.NS,313.29998779296875,315.0,311.1499938964844,311.79998779296875,38510
2025-11-04,5Paisa Capital Ltd,5PAISA.NS,313.3999938964844,313.3999938964844,307.8500061035156,309.04998779296875,43978
2025-11-06,5Paisa Capital Ltd,5PAISA.NS,308.0,308.25,305.0,306.29998779296875,47928
2025-11-07,5Paisa Capital Ltd,5PAISA.NS,306.29998779296875,315.95001220703125,298.8999938964844,302.25,64199
2025-11-10,5Paisa Capital Ltd,5PAISA.NS,303.0,303.3500061035156,292.20001220703125,294.3999938964844,75290
2025-11-11,5Paisa Capital Ltd,5PAISA.NS,295.79998779296875,300.0,288.3500061035156,290.20001220703125,60508
2025-11-12,5Paisa Capital Ltd,5PAISA.NS,290.20001220703125,295.70001220703125,288.54998779296875,290.04998779296875,60127
2025-11-13,5Paisa Capital Ltd,5PAISA.NS,292.0,294.95001220703125,288.29998779296875,289.1000061035156,49705
2025-11-14,5Paisa Capital Ltd,5PAISA.NS,290.6000061035156,292.0,287.6499938964844,289.1499938964844,39395
2025-11-17,5Paisa Capital Ltd,5PAISA.NS,293.0,320.0,288.20001220703125,315.20001220703125,1565107
2025-11-18,5Paisa Capital Ltd,5PAISA.NS,327.5,361.0,327.04998779296875,346.6499938964844,6315367
2025-11-19,5Paisa Capital Ltd,5PAISA.NS,344.0,344.0,329.5,333.6499938964844,714488
2025-11-20,5Paisa Capital Ltd,5PAISA.NS,333.6499938964844,360.0,325.3999938964844,356.6000061035156,1142261
2025-11-21,5Paisa Capital Ltd,5PAISA.NS,356.25,363.75,340.20001220703125,342.8500061035156,405431
2025-11-24,5Paisa Capital Ltd,5PAISA.NS,344.20001220703125,345.20001220703125,331.0,335.25,175930
2025-11-25,5Paisa Capital Ltd,5PAISA.NS,335.25,344.20001220703125,329.04998779296875,333.54998779296875,127288
2025-11-26,5Paisa Capital Ltd,5PAISA.NS,335.0,349.79998779296875,333.54998779296875,343.8500061035156,257867
2025-11-27,5Paisa Capital Ltd,5PAISA.NS,343.8500061035156,348.95001220703125,337.20001220703125,340.79998779296875,82956
2025-11-28,5Paisa Capital Ltd,5PAISA.NS,340.0,340.0,332.29998779296875,334.95001220703125,59401
2025-12-01,5Paisa Capital Ltd,5PAISA.NS,332.04998779296875,336.0,325.3500061035156,329.6000061035156,63900
2025-12-02,5Paisa Capital Ltd,5PAISA.NS,328.0,342.5,328.0,335.75,179013
2025-12-03,5Paisa Capital Ltd,5PAISA.NS,335.75,337.5,315.0,318.70001220703125,136070
2025-12-04,5Paisa Capital Ltd,5PAISA.NS,321.25,321.25,315.79998779296875,317.1499938964844,48462
2025-12-05,5Paisa Capital Ltd,5PAISA.NS,317.0,319.3999938964844,309.6000061035156,314.45001220703125,46903
2025-12-08,5Paisa Capital Ltd,5PAISA.NS,314.45001220703125,316.1000061035156,298.75,302.3500061035156,88322
2025-12-09,5Paisa Capital Ltd,5PAISA.NS,299.6499938964844,308.0,290.3500061035156,304.5,117102
2025-12-10,5Paisa Capital Ltd,5PAISA.NS,304.0,310.1499938964844,298.95001220703125,303.1499938964844,48923
2025-12-11,5Paisa Capital Ltd,5PAISA.NS,302.1000061035156,309.54998779296875,300.54998779296875,307.5,45286
2025-12-12,5Paisa Capital Ltd,5PAISA.NS,307.5,315.29998779296875,305.0,307.95001220703125,38794
2025-12-15,5Paisa Capital Ltd,5PAISA.NS,307.95001220703125,321.0,307.8999938964844,317.04998779296875,69579
2025-12-16,5Paisa Capital Ltd,5PAISA.NS,318.0,318.70001220703125,307.6000061035156,310.3999938964844,45765
2025-12-17,5Paisa Capital Ltd,5PAISA.NS,309.0,313.3999938964844,304.3500061035156,307.1000061035156,30700
2025-12-18,5Paisa Capital Ltd,5PAISA.NS,307.6000061035156,310.3500061035156,302.79998779296875,308.25,52670
2025-12-19,5Paisa Capital Ltd,5PAISA.NS,307.5,312.20001220703125,306.29998779296875,310.79998779296875,24485
2025-12-22,5Paisa Capital Ltd,5PAISA.NS,310.79998779296875,325.0,309.8500061035156,317.75,84446
2025-12-23,5Paisa Capital Ltd,5PAISA.NS,317.79998779296875,320.29998779296875,314.0,315.79998779296875,30219
2025-12-24,5Paisa Capital Ltd,5PAISA.NS,314.79998779296875,356.3999938964844,314.75,340.70001220703125,2239630
2025-12-26,5Paisa Capital Ltd,5PAISA.NS,340.8500061035156,346.70001220703125,334.0,337.8999938964844,141480
2025-12-29,5Paisa Capital Ltd,5PAISA.NS,339.1000061035156,345.0,332.3500061035156,339.0,54266
2025-12-30,5Paisa Capital Ltd,5PAISA.NS,337.1000061035156,338.3999938964844,328.1000061035156,331.70001220703125,44835
2025-12-31,5Paisa Capital Ltd,5PAISA.NS,331.70001220703125,343.8500061035156,331.70001220703125,333.8500061035156,81052
2026-01-01,5Paisa Capital Ltd,5PAISA.NS,335.6000061035156,385.8999938964844,333.0,375.79998779296875,2719813
2026-01-02,5Paisa Capital Ltd,5PAISA.NS,375.5,375.54998779296875,361.45001220703125,367.79998779296875,719809
2026-01-05,5Paisa Capital Ltd,5PAISA.NS,369.04998779296875,380.54998779296875,361.54998779296875,375.6000061035156,285089
2026-01-06,5Paisa Capital Ltd,5PAISA.NS,375.0,393.70001220703125,365.0,387.95001220703125,586701
2026-01-07,5Paisa Capital Ltd,5PAISA.NS,383.8500061035156,387.8999938964844,381.0,384.75,109368
2026-01-08,5Paisa Capital Ltd,5PAISA.NS,384.75,390.8999938964844,371.3500061035156,373.70001220703125,142558
2026-01-09,5Paisa Capital Ltd,5PAISA.NS,376.8999938964844,381.6499938964844,355.6499938964844,359.29998779296875,140426
2026-01-12,5Paisa Capital Ltd,5PAISA.NS,361.79998779296875,372.0,349.1000061035156,369.1000061035156,183057
2026-01-13,5Paisa Capital Ltd,5PAISA.NS,369.0,371.20001220703125,355.0,356.6499938964844,139496
2026-01-14,5Paisa Capital Ltd,5PAISA.NS,346.29998779296875,393.54998779296875,331.0,382.5,1510684
2026-01-15,5Paisa Capital Ltd,5PAISA.NS,382.5,382.5,382.5,382.5,0
2026-01-16,5Paisa Capital Ltd,5PAISA.NS,382.8500061035156,387.75,367.3999938964844,374.70001220703125,198191
2026-01-19,5Paisa Capital Ltd,5PAISA.NS,371.0,396.5,364.3500061035156,378.95001220703125,569361
2026-01-20,5Paisa Capital Ltd,5PAISA.NS,377.04998779296875,393.6000061035156,353.95001220703125,358.0,321398
2026-01-21,5Paisa Capital Ltd,5PAISA.NS,361.45001220703125,368.54998779296875,352.3500061035156,357.54998779296875,154312
2026-01-22,5Paisa Capital Ltd,5PAISA.NS,358.5,363.95001220703125,351.3999938964844,353.6000061035156,62409
2026-01-23,5Paisa Capital Ltd,5PAISA.NS,353.6000061035156,356.45001220703125,334.0,337.20001220703125,73935
2026-01-27,5Paisa Capital Ltd,5PAISA.NS,340.54998779296875,347.25,334.0,341.6000061035156,67929
2026-01-28,5Paisa Capital Ltd,5PAISA.NS,343.3999938964844,363.6499938964844,343.29998779296875,354.54998779296875,101862
2026-01-29,5Paisa Capital Ltd,5PAISA.NS,356.3999938964844,360.04998779296875,348.0,349.54998779296875,30793
2026-01-30,5Paisa Capital Ltd,5PAISA.NS,351.29998779296875,351.6499938964844,341.70001220703125,346.6000061035156,45208
2026-02-02,5Paisa Capital Ltd,5PAISA.NS,331.0,339.1499938964844,324.0,331.1000061035156,72358
2026-02-03,5Paisa Capital Ltd,5PAISA.NS,339.79998779296875,357.04998779296875,329.3999938964844,334.04998779296875,172415
2026-02-04,5Paisa Capital Ltd,5PAISA.NS,334.04998779296875,345.0,331.0,341.25,73628
2026-02-05,5Paisa Capital Ltd,5PAISA.NS,338.1000061035156,339.20001220703125,330.25,333.8999938964844,53843
2026-02-06,5Paisa Capital Ltd,5PAISA.NS,333.79998779296875,336.0,326.04998779296875,329.25,26749
2026-02-09,5Paisa Capital Ltd,5PAISA.NS,329.6000061035156,343.70001220703125,329.29998779296875,340.79998779296875,45424
2026-02-10,5Paisa Capital Ltd,5PAISA.NS,344.3500061035156,344.45001220703125,337.25,339.1000061035156,31824
2026-02-11,5Paisa Capital Ltd,5PAISA.NS,339.29998779296875,341.0,331.0,333.25,37447
2026-02-12,5Paisa Capital Ltd,5PAISA.NS,333.0,337.8500061035156,329.20001220703125,331.20001220703125,33422
2026-02-13,5Paisa Capital Ltd,5PAISA.NS,331.0,331.25,321.0,323.45001220703125,34876
2026-02-16,5Paisa Capital Ltd,5PAISA.NS,320.0,333.3999938964844,312.95001220703125,327.3999938964844,72649
2026-02-17,5Paisa Capital Ltd,5PAISA.NS,325.0,330.6000061035156,323.8999938964844,327.45001220703125,29494
2026-02-18,5Paisa Capital Ltd,5PAISA.NS,325.1499938964844,329.75,319.0,323.1000061035156,54178
2026-02-19,5Paisa Capital Ltd,5PAISA.NS,319.0,325.95001220703125,310.5,313.45001220703125,58720
2026-02-20,5Paisa Capital Ltd,5PAISA.NS,310.5,343.79998779296875,310.5,323.8500061035156,448159
2026-02-23,5Paisa Capital Ltd,5PAISA.NS,323.8500061035156,325.95001220703125,316.04998779296875,319.95001220703125,61377
2026-02-24,5Paisa Capital Ltd,5PAISA.NS,316.8999938964844,333.95001220703125,313.1000061035156,328.25,83352
2026-02-25,5Paisa Capital Ltd,5PAISA.NS,328.45001220703125,334.20001220703125,322.25,325.1499938964844,42743
2026-02-26,5Paisa Capital Ltd,5PAISA.NS,320.04998779296875,332.0,316.3500061035156,320.79998779296875,36301
2026-02-27,5Paisa Capital Ltd,5PAISA.NS,320.0,324.0,316.1000061035156,319.8500061035156,32891
2026-03-02,5Paisa Capital Ltd,5PAISA.NS,302.0,313.75,302.0,306.95001220703125,59943
2026-03-04,5Paisa Capital Ltd,5PAISA.NS,301.04998779296875,308.75,300.5,303.79998779296875,25675
2026-03-05,5Paisa Capital Ltd,5PAISA.NS,303.79998779296875,313.75,302.54998779296875,305.8999938964844,23914
2026-03-06,5Paisa Capital Ltd,5PAISA.NS,305.6000061035156,307.70001220703125,300.0,302.6499938964844,25151
2026-03-09,5Paisa Capital Ltd,5PAISA.NS,299.0,301.0,292.3999938964844,296.79998779296875,31681
2026-03-10,5Paisa Capital Ltd,5PAISA.NS,310.0,311.0,296.79998779296875,308.8500061035156,55130
2026-03-11,5Paisa Capital Ltd,5PAISA.NS,310.5,317.79998779296875,300.5,304.0,56788
2026-03-12,5Paisa Capital Ltd,5PAISA.NS,309.0,310.1499938964844,297.04998779296875,301.79998779296875,45409
2026-03-13,5Paisa Capital Ltd,5PAISA.NS,298.0,305.1499938964844,297.1499938964844,300.1000061035156,46736
2026-03-16,5Paisa Capital Ltd,5PAISA.NS,300.75,300.75,288.3500061035156,292.54998779296875,57984
2026-03-17,5Paisa Capital Ltd,5PAISA.NS,296.0,299.8500061035156,289.0,291.1000061035156,88847
2026-03-18,5Paisa Capital Ltd,5PAISA.NS,291.1000061035156,304.5,290.79998779296875,297.3500061035156,55150
2026-03-19,5Paisa Capital Ltd,5PAISA.NS,293.0,294.70001220703125,286.04998779296875,288.04998779296875,56273
2026-03-20,5Paisa Capital Ltd,5PAISA.NS,288.0,298.0,287.8500061035156,291.6000061035156,63078
2026-03-23,5Paisa Capital Ltd,5PAISA.NS,286.20001220703125,290.75,278.1499938964844,279.20001220703125,70668
2026-03-24,5Paisa Capital Ltd,5PAISA.NS,287.0,289.8500061035156,272.1000061035156,273.79998779296875,101346
2026-03-25,5Paisa Capital Ltd,5PAISA.NS,275.1000061035156,281.95001220703125,273.29998779296875,274.8999938964844,104367
2026-03-27,5Paisa Capital Ltd,5PAISA.NS,273.0,274.8999938964844,258.0,261.75,89973
2026-03-30,5Paisa Capital Ltd,5PAISA.NS,258.0,270.6499938964844,245.5,249.10000610351562,160114
2026-04-01,5Paisa Capital Ltd,5PAISA.NS,251.0,273.0,251.0,270.2099914550781,82094
2026-04-02,5Paisa Capital Ltd,5PAISA.NS,261.0,293.989990234375,253.1300048828125,285.3800048828125,124929
2026-04-06,5Paisa Capital Ltd,5PAISA.NS,285.3699951171875,285.75,275.70001220703125,280.3999938964844,63286
2026-04-07,5Paisa Capital Ltd,5PAISA.NS,276.19000244140625,307.0,276.19000244140625,289.1000061035156,162318
2026-04-08,5Paisa Capital Ltd,5PAISA.NS,304.20001220703125,310.0,296.010009765625,302.75,53217
2026-04-09,5Paisa Capital Ltd,5PAISA.NS,302.75,306.7099914550781,299.1000061035156,300.5,44597
2026-04-10,5Paisa Capital Ltd,5PAISA.NS,302.6000061035156,306.989990234375,301.1499938964844,305.1099853515625,36337
2026-04-13,5Paisa Capital Ltd,5PAISA.NS,295.1099853515625,304.54998779296875,295.0,300.8500061035156,41886
2026-04-15,5Paisa Capital Ltd,5PAISA.NS,301.8599853515625,318.8900146484375,301.8599853515625,314.57000732421875,84311
2026-04-16,5Paisa Capital Ltd,5PAISA.NS,314.6000061035156,324.8999938964844,309.0,317.29998779296875,55439
2026-04-17,5Paisa Capital Ltd,5PAISA.NS,320.6499938964844,325.989990234375,315.0,323.19000244140625,51866
2026-04-20,5Paisa Capital Ltd,5PAISA.NS,322.010009765625,327.0,314.489990234375,318.989990234375,41887
2026-04-21,5Paisa Capital Ltd,5PAISA.NS,314.70001220703125,329.79998779296875,314.70001220703125,325.6000061035156,64701
2026-04-22,5Paisa Capital Ltd,5PAISA.NS,325.0,346.32000732421875,323.2300109863281,338.5400085449219,115884
2026-04-23,5Paisa Capital Ltd,5PAISA.NS,335.1499938964844,362.3900146484375,331.3500061035156,336.5899963378906,166953
2026-04-24,5Paisa Capital Ltd,5PAISA.NS,336.0,343.17999267578125,324.0199890136719,325.55999755859375,85299
2026-04-27,5Paisa Capital Ltd,5PAISA.NS,325.6000061035156,342.20001220703125,325.6000061035156,339.1400146484375,49937
2026-04-28,5Paisa Capital Ltd,5PAISA.NS,339.1400146484375,352.0,334.75,339.2300109863281,83593
2026-04-29,5Paisa Capital Ltd,5PAISA.NS,336.8500061035156,347.7799987792969,335.010009765625,339.7699890136719,44182
2026-04-30,5Paisa Capital Ltd,5PAISA.NS,338.989990234375,343.55999755859375,325.25,335.489990234375,161179
2026-05-04,5Paisa Capital Ltd,5PAISA.NS,337.04998779296875,354.45001220703125,333.1000061035156,336.3999938964844,49643
2026-05-05,5Paisa Capital Ltd,5PAISA.NS,337.8500061035156,337.8999938964844,330.0,333.29998779296875,27259
2026-05-06,5Paisa Capital Ltd,5PAISA.NS,336.04998779296875,344.0,333.5,339.3999938964844,31529
2026-05-07,5Paisa Capital Ltd,5PAISA.NS,343.0,343.8500061035156,334.3999938964844,339.95001220703125,46928
2026-05-08,5Paisa Capital Ltd,5PAISA.NS,342.79998779296875,342.79998779296875,332.0,335.04998779296875,29285
2026-05-11,5Paisa Capital Ltd,5PAISA.NS,328.1000061035156,334.5,324.0,325.95001220703125,23411
2026-05-12,5Paisa Capital Ltd,5PAISA.NS,321.6000061035156,326.75,301.5,306.1499938964844,98150
2026-05-13,5Paisa Capital Ltd,5PAISA.NS,309.0,318.5,307.1499938964844,310.25,30905
2026-05-14,5Paisa Capital Ltd,5PAISA.NS,314.95001220703125,314.95001220703125,302.29998779296875,306.25,41177
2026-05-15,5Paisa Capital Ltd,5PAISA.NS,311.0,311.0,301.0,303.75,30242
2026-05-18,5Paisa Capital Ltd,5PAISA.NS,300.0,306.0,296.5,302.70001220703125,29673
2026-05-19,5Paisa Capital Ltd,5PAISA.NS,307.25,317.0,294.0,313.1000061035156,60564
2026-05-20,5Paisa Capital Ltd,5PAISA.NS,312.0,313.3500061035156,306.6000061035156,310.6000061035156,23636
2026-05-21,5Paisa Capital Ltd,5PAISA.NS,315.79998779296875,323.8999938964844,310.6499938964844,318.6499938964844,37332
2026-05-22,5Paisa Capital Ltd,5PAISA.NS,321.8500061035156,324.0,314.0,317.6000061035156,21999
2026-05-25,5Paisa Capital Ltd,5PAISA.NS,315.25,323.8999938964844,315.25,319.95001220703125,29575
2026-05-26,5Paisa Capital Ltd,5PAISA.NS,316.70001220703125,338.8500061035156,316.70001220703125,336.0,138409
2026-05-27,5Paisa Capital Ltd,5PAISA.NS,337.95001220703125,341.5,330.1499938964844,335.1000061035156,32796
2026-05-28,5Paisa Capital Ltd,5PAISA.NS,335.1000061035156,335.1000061035156,335.1000061035156,335.1000061035156,0
2026-05-29,5Paisa Capital Ltd,5PAISA.NS,335.1000061035156,336.0,324.5,327.70001220703125,25083
2026-06-01,5Paisa Capital Ltd,5PAISA.NS,346.0,346.0,321.0,324.6499938964844,42006
2026-06-02,5Paisa Capital Ltd,5PAISA.NS,321.0,327.95001220703125,318.3500061035156,324.75,26330
2026-06-03,5Paisa Capital Ltd,5PAISA.NS,328.0,328.0,318.0,325.04998779296875,23480
2026-06-04,5Paisa Capital Ltd,5PAISA.NS,319.1000061035156,326.29998779296875,319.1000061035156,320.6000061035156,13197
2026-06-05,5Paisa Capital Ltd,5PAISA.NS,323.79998779296875,324.1000061035156,309.8500061035156,311.6000061035156,46458
2026-06-08,5Paisa Capital Ltd,5PAISA.NS,307.0,312.8999938964844,305.0,307.1000061035156,20327
2026-06-09,5Paisa Capital Ltd,5PAISA.NS,307.3999938964844,312.45001220703125,304.20001220703125,311.29998779296875,23587
2026-06-10,5Paisa Capital Ltd,5PAISA.NS,311.29998779296875,314.3500061035156,299.6000061035156,302.70001220703125,50036
2026-06-11,5Paisa Capital Ltd,5PAISA.NS,302.1499938964844,308.0,299.0,303.5,16852
2026-06-12,5Paisa Capital Ltd,5PAISA.NS,303.6000061035156,311.0,303.6000061035156,309.70001220703125,24561
2026-06-15,5Paisa Capital Ltd,5PAISA.NS,317.8999938964844,324.95001220703125,311.95001220703125,316.79998779296875,65641
2026-06-16,5Paisa Capital Ltd,5PAISA.NS,323.8999938964844,332.3999938964844,317.54998779296875,325.6000061035156,103184
2026-06-17,5Paisa Capital Ltd,5PAISA.NS,328.0,328.3999938964844,321.0,322.6499938964844,16036
2026-06-18,5Paisa Capital Ltd,5PAISA.NS,325.0,331.75,320.70001220703125,324.0,46073
2026-06-19,5Paisa Capital Ltd,5PAISA.NS,320.54998779296875,332.0,320.04998779296875,325.20001220703125,22320
2026-06-22,5Paisa Capital Ltd,5PAISA.NS,326.0,344.79998779296875,326.0,337.79998779296875,72685
2026-06-23,5Paisa Capital Ltd,5PAISA.NS,338.0,344.79998779296875,334.8999938964844,337.0,45320
2026-06-24,5Paisa Capital Ltd,5PAISA.NS,336.5,357.0,336.5,351.0,96033
2026-06-25,5Paisa Capital Ltd,5PAISA.NS,354.5,359.75,351.5,353.6000061035156,70508
2026-06-26,5Paisa Capital Ltd,5PAISA.NS,353.6000061035156,353.6000061035156,353.6000061035156,353.6000061035156,0
2026-06-29,5Paisa Capital Ltd,5PAISA.NS,350.45001220703125,357.8999938964844,348.3500061035156,351.04998779296875,46787
2026-06-30,5Paisa Capital Ltd,5PAISA.NS,351.3999938964844,356.8999938964844,351.0,355.95001220703125,34009
2026-07-01,5Paisa Capital Ltd,5PAISA.NS,353.45001220703125,378.8999938964844,353.45001220703125,363.45001220703125,156474
2026-07-02,5Paisa Capital Ltd,5PAISA.NS,363.5,394.0,363.5,385.29998779296875,327646
2026-07-03,5Paisa Capital Ltd,5PAISA.NS,389.3999938964844,398.0,382.70001220703125,387.6499938964844,144817
2026-07-06,5Paisa Capital Ltd,5PAISA.NS,384.0,392.95001220703125,377.70001220703125,380.6499938964844,57567
2026-07-07,5Paisa Capital Ltd,5PAISA.NS,378.20001220703125,383.1000061035156,363.29998779296875,366.25,65407
2026-07-08,5Paisa Capital Ltd,5PAISA.NS,365.54998779296875,376.3500061035156,361.04998779296875,366.3999938964844,55180
2026-07-09,5Paisa Capital Ltd,5PAISA.NS,363.6499938964844,380.8500061035156,363.25,378.1000061035156,39439
2026-07-10,5Paisa Capital Ltd,5PAISA.NS,381.29998779296875,381.29998779296875,362.70001220703125,365.75,109502
2026-07-13,5Paisa Capital Ltd,5PAISA.NS,365.75,373.70001220703125,361.1000061035156,370.70001220703125,30960
2026-07-14,5Paisa Capital Ltd,5PAISA.NS,369.0,389.5,367.6000061035156,384.95001220703125,125767
2026-07-15,5Paisa Capital Ltd,5PAISA.NS,389.79998779296875,400.0,386.8999938964844,390.8500061035156,114226
2026-07-16,5Paisa Capital Ltd,5PAISA.NS,393.20001220703125,396.70001220703125,380.5,385.04998779296875,67641
2026-07-17,5Paisa Capital Ltd,5PAISA.NS,375.20001220703125,381.8500061035156,360.5,365.6000061035156,111843
2026-07-20,5Paisa Capital Ltd,5PAISA.NS,366.6499938964844,379.75,363.04998779296875,377.79998779296875,53969
2026-07-21,5Paisa Capital Ltd,5PAISA.NS,381.79998779296875,385.0,371.0,377.45001220703125,54585
2026-07-22,5Paisa Capital Ltd,5PAISA.NS,375.0,378.8500061035156,367.29998779296875,369.95001220703125,49320
2026-07-23,5Paisa Capital Ltd,5PAISA.NS,367.04998779296875,373.20001220703125,366.04998779296875,367.29998779296875,29596
2026-07-24,5Paisa Capital Ltd,5PAISA.NS,368.0,373.54998779296875,363.1000061035156,373.1000061035156,23335
2026-07-27,5Paisa Capital Ltd,5PAISA.NS,375.45001220703125,381.95001220703125,368.0,369.25,34073
2026-07-28,5Paisa Capital Ltd,5PAISA.NS,369.29998779296875,370.8500061035156,351.6000061035156,353.0,58490
2026-07-29,5Paisa Capital Ltd,5PAISA.NS,358.0,358.0,345.04998779296875,348.3999938964844,54846
2026-07-30,5Paisa Capital Ltd,5PAISA.NS,349.70001220703125,351.0,344.0,347.0,42557
2026-07-31,5Paisa Capital Ltd,5PAISA.NS,350.0,353.3999938964844,345.29998779296875,348.6000061035156,34543
2026-08-03,5Paisa Capital Ltd,5PAISA.NS,353.75,356.20001220703125,350.3999938964844,353.25,16751
2026-08-04,5Paisa Capital Ltd,5PAISA.NS,353.25,359.95001220703125,348.1000061035156,351.0,41168
2026-08-05,5Paisa Capital Ltd,5PAISA.NS,359.0,369.8999938964844,352.3500061035156,367.20001220703125,58609
2026-08-06,5Paisa Capital Ltd,5PAISA.NS,370.0,372.0,364.79998779296875,366.1000061035156,23398
2026-08-07,5Paisa Capital Ltd,5PAISA.NS,372.3999938964844,372.3999938964844,364.45001220703125,367.54998779296875,22993
2026-08-10,5Paisa Capital Ltd,5PAISA.NS,363.6499938964844,390.0,363.6499938964844,384.3999938964844,116104
2026-08-11,5Paisa Capital Ltd,5PAISA.NS,384.3999938964844,389.0,375.1000061035156,377.3500061035156,30571
2026-08-12,5Paisa Capital Ltd,5PAISA.NS,377.3500061035156,392.0,376.54998779296875,387.04998779296875,70773
2026-08-13,5Paisa Capital Ltd,5PAISA.NS,387.04998779296875,393.3999938964844,385.54998779296875,391.6499938964844,54890
2026-08-14,5Paisa Capital Ltd,5PAISA.NS,393.3999938964844,408.3500061035156,381.04998779296875,383.79998779296875,109705
2026-08-17,5Paisa Capital Ltd,5PAISA.NS,385.6499938964844,385.79998779296875,373.5,380.79998779296875,41349
2026-08-18,5Paisa Capital Ltd,5PAISA.NS,380.79998779296875,403.79998779296875,380.79998779296875,388.29998779296875,191663
2026-08-19,5Paisa Capital Ltd,5PAISA.NS,391.0,416.95001220703125,386.54998779296875,405.6000061035156,416349
2026-08-20,5Paisa Capital Ltd,5PAISA.NS,412.95001220703125,413.25,387.8999938964844,390.8999938964844,117862
2026-08-21,5Paisa Capital Ltd,5PAISA.NS,389.0,391.8999938964844,382.04998779296875,384.25,47557
2026-08-24,5Paisa Capital Ltd,5PAISA.NS,384.0,385.54998779296875,373.5,374.79998779296875,51363
2026-08-25,5Paisa Capital Ltd,5PAISA.NS,374.79998779296875,383.0,369.20001220703125,380.6499938964844,30476
2026-08-26,5Paisa Capital Ltd,5PAISA.NS,381.8500061035156,381.95001220703125,373.04998779296875,376.3999938964844,24865
2026-08-27,5Paisa Capital Ltd,5PAISA.NS,376.95001220703125,377.04998779296875,370.0,371.1499938964844,18714
2026-08-28,5Paisa Capital Ltd,5PAISA.NS,371.0,372.5,365.0,368.3500061035156,16145
2026-08-31,5Paisa Capital Ltd,5PAISA.NS,367.5,370.75,355.0,356.6000061035156,68919
2026-09-01,5Paisa Capital Ltd,5PAISA.NS,353.0,362.54998779296875,341.1000061035156,344.8500061035156,86636
2026-09-02,5Paisa Capital Ltd,5PAISA.NS,344.25,344.79998779296875,335.0,336.54998779296875,26993
2026-09-03,5Paisa Capital Ltd,5PAISA.NS,337.6000061035156,344.3999938964844,337.5,342.45001220703125,18209
2026-09-04,5Paisa Capital Ltd,5PAISA.NS,342.45001220703125,367.8999938964844,336.3500061035156,342.1000061035156,258086
2026-09-07,5Paisa Capital Ltd,5PAISA.NS,339.0,344.8500061035156,337.04998779296875,339.8500061035156,29942
2026-09-08,5Paisa Capital Ltd,5PAISA.NS,337.0,342.0,335.0,337.3999938964844,16944
2026-09-09,5Paisa Capital Ltd,5PAISA.NS,337.20001220703125,338.95001220703125,327.54998779296875,334.29998779296875,55842
2026-09-10,5Paisa Capital Ltd,5PAISA.NS,333.75,338.95001220703125,328.29998779296875,332.5,28304
2026-09-11,5Paisa Capital Ltd,5PAISA.NS,330.0,331.79998779296875,322.3500061035156,326.54998779296875,38072
2026-09-14,5Paisa Capital Ltd,5PAISA.NS,326.54998779296875,326.54998779296875,326.54998779296875,326.54998779296875,0
2026-09-15,5Paisa Capital Ltd,5PAISA.NS,325.1000061035156,327.8999938964844,311.29998779296875,313.20001220703125,40835
2026-09-16,5Paisa Capital Ltd,5PAISA.NS,313.20001220703125,319.0,307.20001220703125,316.8500061035156,33376
2026-09-17,5Paisa Capital Ltd,5PAISA.NS,317.6499938964844,323.75,313.0,315.3999938964844,21052
2026-09-18,5Paisa Capital Ltd,5PAISA.NS,314.1000061035156,323.0,314.1000061035156,321.3500061035156,21347
2026-09-21,5Paisa Capital Ltd,5PAISA.NS,322.5,322.5,312.0,314.1000061035156,30462
2026-09-22,5Paisa Capital Ltd,5PAISA.NS,312.54998779296875,318.95001220703125,312.54998779296875,315.29998779296875,10273
2026-09-23,5Paisa Capital Ltd,5PAISA.NS,317.25,321.70001220703125,315.0,318.1499938964844,30838
2026-09-24,5Paisa Capital Ltd,5PAISA.NS,318.1499938964844,318.1499938964844,305.1499938964844,308.3999938964844,26049
2026-09-25,5Paisa Capital Ltd,5PAISA.NS,310.0,315.0,305.0,308.8999938964844,27267
2026-09-28,5Paisa Capital Ltd,5PAISA.NS,310.3999938964844,310.3999938964844,303.54998779296875,305.1499938964844,14996
2026-09-29,5Paisa Capital Ltd,5PAISA.NS,303.04998779296875,307.45001220703125,301.0,304.8999938964844,13569
2026-09-30,5Paisa Capital Ltd,5PAISA.NS,304.04998779296875,309.70001220703125,302.3500061035156,305.20001220703125,19885
2026-10-01,5Paisa Capital Ltd,5PAISA.NS,305.20001220703125,321.8500061035156,299.0,316.3500061035156,104625
2025-10-03,AAVAS Financiers Ltd,AAVAS.NS,1637.800048828125,1670.0,1636.9000244140625,1662.0,78711
2025-10-06,AAVAS Financiers Ltd,AAVAS.NS,1662.0,1683.5999755859375,1642.0,1671.800048828125,90551
2025-10-07,AAVAS Financiers Ltd,AAVAS.NS,1672.0,1689.9000244140625,1656.9000244140625,1673.5,86818
2025-10-08,AAVAS Financiers Ltd,AAVAS.NS,1673.5,1685.4000244140625,1662.4000244140625,1667.9000244140625,48628
2025-10-09,AAVAS Financiers Ltd,AAVAS.NS,1663.699951171875,1663.699951171875,1616.0,1624.300048828125,105747
2025-10-10,AAVAS Financiers Ltd,AAVAS.NS,1624.300048828125,1641.9000244140625,1612.4000244140625,1631.699951171875,92611
2025-10-13,AAVAS Financiers Ltd,AAVAS.NS,1621.699951171875,1645.0,1613.199951171875,1620.4000244140625,71198
2025-10-14,AAVAS Financiers Ltd,AAVAS.NS,1628.0,1628.800048828125,1587.9000244140625,1597.0,49758
2025-10-15,AAVAS Financiers Ltd,AAVAS.NS,1604.5,1605.800048828125,1580.4000244140625,1587.300048828125,67401
2025-10-16,AAVAS Financiers Ltd,AAVAS.NS,1587.0,1615.9000244140625,1581.0,1607.5999755859375,93556
2025-10-17,AAVAS Financiers Ltd,AAVAS.NS,1607.4000244140625,1610.0,1596.0,1605.800048828125,49454
2025-10-20,AAVAS Financiers Ltd,AAVAS.NS,1605.0,1648.9000244140625,1605.0,1620.199951171875,153073
2025-10-21,AAVAS Financiers Ltd,AAVAS.NS,1610.0999755859375,1632.199951171875,1610.0999755859375,1620.5999755859375,13125
2025-10-23,AAVAS Financiers Ltd,AAVAS.NS,1629.9000244140625,1687.199951171875,1629.9000244140625,1668.199951171875,215677
2025-10-24,AAVAS Financiers Ltd,AAVAS.NS,1670.800048828125,1727.800048828125,1670.800048828125,1688.0,246690
2025-10-27,AAVAS Financiers Ltd,AAVAS.NS,1706.9000244140625,1706.9000244140625,1648.0,1653.800048828125,122932
2025-10-28,AAVAS Financiers Ltd,AAVAS.NS,1661.199951171875,1667.199951171875,1647.699951171875,1663.199951171875,52436
2025-10-29,AAVAS Financiers Ltd,AAVAS.NS,1665.0,1669.800048828125,1650.0,1665.300048828125,57092
2025-10-30,AAVAS Financiers Ltd,AAVAS.NS,1671.9000244140625,1688.0999755859375,1647.800048828125,1680.800048828125,92983
2025-10-31,AAVAS Financiers Ltd,AAVAS.NS,1675.0,1703.0,1648.0,1650.0,90863
2025-11-03,AAVAS Financiers Ltd,AAVAS.NS,1641.800048828125,1675.5,1636.0999755859375,1649.5,98070
2025-11-04,AAVAS Financiers Ltd,AAVAS.NS,1655.9000244140625,1658.199951171875,1630.0999755859375,1641.300048828125,47216
2025-11-06,AAVAS Financiers Ltd,AAVAS.NS,1640.0,1640.0,1596.0,1603.9000244140625,106726
2025-11-07,AAVAS Financiers Ltd,AAVAS.NS,1590.0,1590.0,1564.800048828125,1574.0999755859375,136282
2025-11-10,AAVAS Financiers Ltd,AAVAS.NS,1573.0,1694.0,1562.4000244140625,1654.0,370107
2025-11-11,AAVAS Financiers Ltd,AAVAS.NS,1656.9000244140625,1681.300048828125,1607.9000244140625,1619.199951171875,101448
2025-11-12,AAVAS Financiers Ltd,AAVAS.NS,1645.0,1748.699951171875,1645.0,1704.0,1206226
2025-11-13,AAVAS Financiers Ltd,AAVAS.NS,1704.0,1771.9000244140625,1694.0999755859375,1736.4000244140625,241861
2025-11-14,AAVAS Financiers Ltd,AAVAS.NS,1736.9000244140625,1751.199951171875,1695.300048828125,1712.199951171875,92850
2025-11-17,AAVAS Financiers Ltd,AAVAS.NS,1715.9000244140625,1724.5999755859375,1670.0,1690.0,272918
2025-11-18,AAVAS Financiers Ltd,AAVAS.NS,1703.0,1703.0,1641.0999755859375,1671.4000244140625,195541
2025-11-19,AAVAS Financiers Ltd,AAVAS.NS,1665.0,1665.699951171875,1624.5,1643.0999755859375,229714
2025-11-20,AAVAS Financiers Ltd,AAVAS.NS,1650.0,1650.0,1620.0,1635.5999755859375,57859
2025-11-21,AAVAS Financiers Ltd,AAVAS.NS,1630.0,1639.0,1608.0999755859375,1632.199951171875,52752
2025-11-24,AAVAS Financiers Ltd,AAVAS.NS,1635.4000244140625,1705.199951171875,1612.699951171875,1669.5999755859375,712139
2025-11-25,AAVAS Financiers Ltd,AAVAS.NS,1651.0999755859375,1663.800048828125,1610.0,1618.699951171875,177830
2025-11-26,AAVAS Financiers Ltd,AAVAS.NS,1631.5999755859375,1631.699951171875,1589.699951171875,1593.5999755859375,129603
2025-11-27,AAVAS Financiers Ltd,AAVAS.NS,1595.0,1604.5,1573.0,1576.5999755859375,200177
2025-11-28,AAVAS Financiers Ltd,AAVAS.NS,1582.699951171875,1582.699951171875,1543.9000244140625,1546.5,160520
2025-12-01,AAVAS Financiers Ltd,AAVAS.NS,1555.800048828125,1558.0,1512.9000244140625,1516.300048828125,250033
2025-12-02,AAVAS Financiers Ltd,AAVAS.NS,1516.300048828125,1524.9000244140625,1502.5,1514.800048828125,122741
2025-12-03,AAVAS Financiers Ltd,AAVAS.NS,1515.0,1519.0,1457.0,1465.699951171875,264331
2025-12-04,AAVAS Financiers Ltd,AAVAS.NS,1467.9000244140625,1497.800048828125,1460.0,1482.0999755859375,812839
2025-12-05,AAVAS Financiers Ltd,AAVAS.NS,1486.5,1510.0,1450.0,1497.0999755859375,526959
2025-12-08,AAVAS Financiers Ltd,AAVAS.NS,1500.0,1502.0,1478.5999755859375,1496.5,253392
2025-12-09,AAVAS Financiers Ltd,AAVAS.NS,1496.5,1554.0999755859375,1482.300048828125,1549.800048828125,149136
2025-12-10,AAVAS Financiers Ltd,AAVAS.NS,1549.800048828125,1555.0,1514.0999755859375,1540.0,104635
2025-12-11,AAVAS Financiers Ltd,AAVAS.NS,1527.5,1567.699951171875,1513.199951171875,1558.199951171875,67141
2025-12-12,AAVAS Financiers Ltd,AAVAS.NS,1559.0,1574.9000244140625,1545.5,1569.199951171875,248226
2025-12-15,AAVAS Financiers Ltd,AAVAS.NS,1568.800048828125,1568.800048828125,1534.0,1549.0999755859375,90878
2025-12-16,AAVAS Financiers Ltd,AAVAS.NS,1540.0,1540.0999755859375,1468.0,1487.0,311486
2025-12-17,AAVAS Financiers Ltd,AAVAS.NS,1488.0,1492.699951171875,1457.5,1472.300048828125,559432
2025-12-18,AAVAS Financiers Ltd,AAVAS.NS,1472.0999755859375,1472.0999755859375,1447.0,1455.699951171875,136952
2025-12-19,AAVAS Financiers Ltd,AAVAS.NS,1458.9000244140625,1467.4000244140625,1435.0,1458.199951171875,237823
2025-12-22,AAVAS Financiers Ltd,AAVAS.NS,1458.300048828125,1473.0,1450.800048828125,1457.800048828125,181629
2025-12-23,AAVAS Financiers Ltd,AAVAS.NS,1465.5,1491.9000244140625,1456.0,1483.0,293162
2025-12-24,AAVAS Financiers Ltd,AAVAS.NS,1490.800048828125,1517.800048828125,1471.300048828125,1511.800048828125,135273
2025-12-26,AAVAS Financiers Ltd,AAVAS.NS,1520.0,1520.0,1475.300048828125,1480.300048828125,99353
2025-12-29,AAVAS Financiers Ltd,AAVAS.NS,1478.0999755859375,1487.0,1454.5,1478.0,134339
2025-12-30,AAVAS Financiers Ltd,AAVAS.NS,1475.0,1481.699951171875,1455.699951171875,1466.0,141051
2025-12-31,AAVAS Financiers Ltd,AAVAS.NS,1469.0,1477.199951171875,1456.0999755859375,1464.0,274351
2026-01-01,AAVAS Financiers Ltd,AAVAS.NS,1464.0,1471.199951171875,1455.699951171875,1459.199951171875,31357
2026-01-02,AAVAS Financiers Ltd,AAVAS.NS,1451.0,1459.699951171875,1418.0999755859375,1443.4000244140625,383092
2026-01-05,AAVAS Financiers Ltd,AAVAS.NS,1443.9000244140625,1448.0,1433.0999755859375,1439.9000244140625,97274
2026-01-06,AAVAS Financiers Ltd,AAVAS.NS,1440.0999755859375,1467.0,1428.199951171875,1462.300048828125,129163
2026-01-07,AAVAS Financiers Ltd,AAVAS.NS,1458.0,1472.5,1449.0,1467.199951171875,71568
2026-01-08,AAVAS Financiers Ltd,AAVAS.NS,1470.199951171875,1479.5999755859375,1441.800048828125,1459.9000244140625,107213
2026-01-09,AAVAS Financiers Ltd,AAVAS.NS,1460.0999755859375,1462.0999755859375,1423.5,1449.4000244140625,142999
2026-01-12,AAVAS Financiers Ltd,AAVAS.NS,1435.0,1460.4000244140625,1415.0,1451.800048828125,232280
2026-01-13,AAVAS Financiers Ltd,AAVAS.NS,1460.0,1460.0,1435.0,1447.0,56656
2026-01-14,AAVAS Financiers Ltd,AAVAS.NS,1434.0,1472.199951171875,1434.0,1443.5999755859375,2521040
2026-01-15,AAVAS Financiers Ltd,AAVAS.NS,1443.5999755859375,1443.5999755859375,1443.5999755859375,1443.5999755859375,0
2026-01-16,AAVAS Financiers Ltd,AAVAS.NS,1460.0,1467.0,1424.699951171875,1435.5999755859375,214176
2026-01-19,AAVAS Financiers Ltd,AAVAS.NS,1425.0,1430.4000244140625,1405.0,1413.699951171875,84490
2026-01-20,AAVAS Financiers Ltd,AAVAS.NS,1413.5999755859375,1413.699951171875,1377.5,1384.699951171875,194016
2026-01-21,AAVAS Financiers Ltd,AAVAS.NS,1374.0,1407.0,1351.0999755859375,1388.0999755859375,398120
2026-01-22,AAVAS Financiers Ltd,AAVAS.NS,1388.0999755859375,1465.0,1388.0999755859375,1462.800048828125,202169
2026-01-23,AAVAS Financiers Ltd,AAVAS.NS,1463.0,1512.800048828125,1453.5,1479.5,227896
2026-01-27,AAVAS Financiers Ltd,AAVAS.NS,1474.9000244140625,1500.800048828125,1474.9000244140625,1485.5999755859375,178510
2026-01-28,AAVAS Financiers Ltd,AAVAS.NS,1470.0,1520.0,1448.0,1493.0,122548
2026-01-29,AAVAS Financiers Ltd,AAVAS.NS,1485.0999755859375,1485.0999755859375,1456.5999755859375,1463.199951171875,52132
2026-01-30,AAVAS Financiers Ltd,AAVAS.NS,1457.0999755859375,1486.800048828125,1429.5,1461.300048828125,152446
2026-02-02,AAVAS Financiers Ltd,AAVAS.NS,1433.800048828125,1465.800048828125,1410.0,1447.800048828125,91459
2026-02-03,AAVAS Financiers Ltd,AAVAS.NS,1459.9000244140625,1500.0,1411.0,1429.4000244140625,529883
2026-02-04,AAVAS Financiers Ltd,AAVAS.NS,1429.4000244140625,1433.199951171875,1412.4000244140625,1420.199951171875,84173
2026-02-05,AAVAS Financiers Ltd,AAVAS.NS,1427.9000244140625,1430.0,1375.0,1379.5,134525
2026-02-06,AAVAS Financiers Ltd,AAVAS.NS,1380.0,1388.199951171875,1277.0999755859375,1301.4000244140625,1086561
2026-02-09,AAVAS Financiers Ltd,AAVAS.NS,1305.199951171875,1338.0,1282.5,1328.0,256422
2026-02-10,AAVAS Financiers Ltd,AAVAS.NS,1341.0,1354.5999755859375,1321.5,1343.0999755859375,161260
2026-02-11,AAVAS Financiers Ltd,AAVAS.NS,1345.0999755859375,1351.4000244140625,1296.0,1309.9000244140625,362307
2026-02-12,AAVAS Financiers Ltd,AAVAS.NS,1309.9000244140625,1320.0,1294.0999755859375,1308.5,246242
2026-02-13,AAVAS Financiers Ltd,AAVAS.NS,1300.5,1303.5999755859375,1264.0999755859375,1286.5999755859375,399683
2026-02-16,AAVAS Financiers Ltd,AAVAS.NS,1272.699951171875,1299.300048828125,1266.5999755859375,1296.199951171875,111954
2026-02-17,AAVAS Financiers Ltd,AAVAS.NS,1296.199951171875,1315.5999755859375,1293.0,1302.5999755859375,55533
2026-02-18,AAVAS Financiers Ltd,AAVAS.NS,1308.0,1322.9000244140625,1299.0,1305.5999755859375,58311
2026-02-19,AAVAS Financiers Ltd,AAVAS.NS,1310.0,1311.0,1281.0,1289.0,86209
2026-02-20,AAVAS Financiers Ltd,AAVAS.NS,1281.0,1290.199951171875,1265.0999755859375,1280.0,160876
2026-02-23,AAVAS Financiers Ltd,AAVAS.NS,1291.5999755859375,1291.5999755859375,1264.199951171875,1285.4000244140625,181284
2026-02-24,AAVAS Financiers Ltd,AAVAS.NS,1276.0999755859375,1278.800048828125,1255.0999755859375,1269.199951171875,129123
2026-02-25,AAVAS Financiers Ltd,AAVAS.NS,1269.199951171875,1294.9000244140625,1247.0,1285.9000244140625,232503
2026-02-26,AAVAS Financiers Ltd,AAVAS.NS,1286.0,1306.0,1280.0,1291.300048828125,440852
2026-02-27,AAVAS Financiers Ltd,AAVAS.NS,1291.300048828125,1291.300048828125,1263.199951171875,1285.5999755859375,176841
2026-03-02,AAVAS Financiers Ltd,AAVAS.NS,1222.0,1259.5,1222.0,1240.0999755859375,242679
2026-03-04,AAVAS Financiers Ltd,AAVAS.NS,1220.0,1250.0,1204.9000244140625,1233.199951171875,185722
2026-03-05,AAVAS Financiers Ltd,AAVAS.NS,1229.9000244140625,1242.300048828125,1211.800048828125,1224.9000244140625,159073
2026-03-06,AAVAS Financiers Ltd,AAVAS.NS,1224.9000244140625,1239.800048828125,1218.0,1227.9000244140625,435925
2026-03-09,AAVAS Financiers Ltd,AAVAS.NS,1204.0,1216.0,1152.0999755859375,1199.5999755859375,349580
2026-03-10,AAVAS Financiers Ltd,AAVAS.NS,1207.0,1231.199951171875,1179.0999755859375,1220.0999755859375,229712
2026-03-11,AAVAS Financiers Ltd,AAVAS.NS,1231.0,1231.0,1200.0,1211.800048828125,97504
2026-03-12,AAVAS Financiers Ltd,AAVAS.NS,1202.699951171875,1211.0,1163.0,1179.800048828125,347566
2026-03-13,AAVAS Financiers Ltd,AAVAS.NS,1172.0,1181.800048828125,1145.0,1169.800048828125,135775
2026-03-16,AAVAS Financiers Ltd,AAVAS.NS,1159.5,1164.300048828125,1121.0,1128.0999755859375,321137
2026-03-17,AAVAS Financiers Ltd,AAVAS.NS,1133.4000244140625,1134.0,1096.0,1101.5999755859375,401479
2026-03-18,AAVAS Financiers Ltd,AAVAS.NS,1101.5999755859375,1131.0,1096.800048828125,1123.699951171875,510227
2026-03-19,AAVAS Financiers Ltd,AAVAS.NS,1103.0999755859375,1117.9000244140625,1083.699951171875,1105.800048828125,221977
2026-03-20,AAVAS Financiers Ltd,AAVAS.NS,1115.0,1125.0,1087.199951171875,1098.0999755859375,181266
2026-03-23,AAVAS Financiers Ltd,AAVAS.NS,1091.0,1091.9000244140625,1060.4000244140625,1073.9000244140625,262585
2026-03-24,AAVAS Financiers Ltd,AAVAS.NS,1100.0,1119.9000244140625,1068.0,1114.199951171875,199662
2026-03-25,AAVAS Financiers Ltd,AAVAS.NS,1130.0,1162.199951171875,1114.699951171875,1135.5,272644
2026-03-27,AAVAS Financiers Ltd,AAVAS.NS,1121.0,1130.9000244140625,1096.5999755859375,1110.4000244140625,297828
2026-03-30,AAVAS Financiers Ltd,AAVAS.NS,1090.0,1100.0,1065.0,1078.0,336146
2026-04-01,AAVAS Financiers Ltd,AAVAS.NS,1126.0999755859375,1138.0,1100.0,1134.199951171875,128259
2026-04-02,AAVAS Financiers Ltd,AAVAS.NS,1120.0,1174.0,1101.300048828125,1138.5999755859375,149467
2026-04-06,AAVAS Financiers Ltd,AAVAS.NS,1142.9000244140625,1153.0,1115.0999755859375,1149.4000244140625,71555
2026-04-07,AAVAS Financiers Ltd,AAVAS.NS,1149.4000244140625,1154.0999755859375,1120.0,1124.800048828125,61659
2026-04-08,AAVAS Financiers Ltd,AAVAS.NS,1179.0,1219.0,1134.9000244140625,1209.300048828125,263889
2026-04-09,AAVAS Financiers Ltd,AAVAS.NS,1219.0,1227.0,1194.0,1220.5,111399
2026-04-10,AAVAS Financiers Ltd,AAVAS.NS,1233.5999755859375,1247.0,1224.0999755859375,1243.800048828125,285659
2026-04-13,AAVAS Financiers Ltd,AAVAS.NS,1215.0999755859375,1290.0,1194.0,1283.5999755859375,255702
2026-04-15,AAVAS Financiers Ltd,AAVAS.NS,1321.0,1321.0,1265.0,1293.0,174212
2026-04-16,AAVAS Financiers Ltd,AAVAS.NS,1313.4000244140625,1320.5,1287.0,1308.300048828125,167972
2026-04-17,AAVAS Financiers Ltd,AAVAS.NS,1319.800048828125,1356.300048828125,1313.800048828125,1347.9000244140625,80784
2026-04-20,AAVAS Financiers Ltd,AAVAS.NS,1345.0,1374.9000244140625,1327.5,1355.800048828125,90454
2026-04-21,AAVAS Financiers Ltd,AAVAS.NS,1363.800048828125,1420.0,1355.800048828125,1399.800048828125,255634
2026-04-22,AAVAS Financiers Ltd,AAVAS.NS,1400.0,1418.0,1388.699951171875,1392.0,94365
2026-04-23,AAVAS Financiers Ltd,AAVAS.NS,1385.0,1468.0,1383.0,1411.300048828125,339607
2026-04-24,AAVAS Financiers Ltd,AAVAS.NS,1411.199951171875,1422.4000244140625,1387.699951171875,1411.300048828125,122362
2026-04-27,AAVAS Financiers Ltd,AAVAS.NS,1414.300048828125,1418.5999755859375,1381.0,1384.9000244140625,70284
2026-04-28,AAVAS Financiers Ltd,AAVAS.NS,1383.9000244140625,1389.199951171875,1346.0,1376.0999755859375,56611
2026-04-29,AAVAS Financiers Ltd,AAVAS.NS,1399.0,1399.0,1365.0,1382.0999755859375,42077
2026-04-30,AAVAS Financiers Ltd,AAVAS.NS,1380.199951171875,1386.4000244140625,1351.0,1380.699951171875,101440
2026-05-01,AAVAS Financiers Ltd,AAVAS.NS,1380.699951171875,1380.699951171875,1380.699951171875,1380.699951171875,0
2026-05-04,AAVAS Financiers Ltd,AAVAS.NS,1373.0,1392.9000244140625,1370.5999755859375,1381.5999755859375,45448
2026-05-05,AAVAS Financiers Ltd,AAVAS.NS,1375.0,1459.4000244140625,1374.699951171875,1445.800048828125,220936
2026-05-06,AAVAS Financiers Ltd,AAVAS.NS,1494.9000244140625,1494.9000244140625,1417.800048828125,1435.4000244140625,224157
2026-05-07,AAVAS Financiers Ltd,AAVAS.NS,1435.4000244140625,1446.800048828125,1406.199951171875,1419.5999755859375,57149
2026-05-08,AAVAS Financiers Ltd,AAVAS.NS,1419.9000244140625,1460.0,1415.0,1443.5999755859375,82898
2026-05-11,AAVAS Financiers Ltd,AAVAS.NS,1443.5999755859375,1455.0,1400.0,1404.9000244140625,108990
2026-05-12,AAVAS Financiers Ltd,AAVAS.NS,1398.199951171875,1402.4000244140625,1378.4000244140625,1387.0,45911
2026-05-13,AAVAS Financiers Ltd,AAVAS.NS,1379.0999755859375,1437.0,1346.5,1405.0999755859375,43999
2026-05-14,AAVAS Financiers Ltd,AAVAS.NS,1405.0999755859375,1405.0999755859375,1380.0999755859375,1396.199951171875,26445
2026-05-15,AAVAS Financiers Ltd,AAVAS.NS,1383.0,1401.0999755859375,1374.0999755859375,1384.699951171875,27798
2026-05-18,AAVAS Financiers Ltd,AAVAS.NS,1365.0999755859375,1375.0,1328.5999755859375,1339.199951171875,40853
2026-05-19,AAVAS Financiers Ltd,AAVAS.NS,1339.5999755859375,1351.5,1324.199951171875,1336.4000244140625,86179
2026-05-20,AAVAS Financiers Ltd,AAVAS.NS,1325.0,1372.800048828125,1319.4000244140625,1358.199951171875,41006
2026-05-21,AAVAS Financiers Ltd,AAVAS.NS,1369.5999755859375,1384.0,1350.0999755859375,1374.800048828125,43450
2026-05-22,AAVAS Financiers Ltd,AAVAS.NS,1356.9000244140625,1412.0,1356.0,1396.9000244140625,176013
2026-05-25,AAVAS Financiers Ltd,AAVAS.NS,1399.9000244140625,1416.699951171875,1361.9000244140625,1375.0,37767
2026-05-26,AAVAS Financiers Ltd,AAVAS.NS,1375.0,1408.0,1366.699951171875,1393.300048828125,198555
2026-05-27,AAVAS Financiers Ltd,AAVAS.NS,1390.0,1402.5,1364.300048828125,1369.0,187307
2026-05-28,AAVAS Financiers Ltd,AAVAS.NS,1369.0,1369.0,1369.0,1369.0,0
2026-05-29,AAVAS Financiers Ltd,AAVAS.NS,1369.0,1382.9000244140625,1326.4000244140625,1343.0999755859375,105409
2026-06-01,AAVAS Financiers Ltd,AAVAS.NS,1320.199951171875,1343.699951171875,1306.199951171875,1324.4000244140625,65296
2026-06-02,AAVAS Financiers Ltd,AAVAS.NS,1301.199951171875,1312.199951171875,1290.0,1305.0,52201
2026-06-03,AAVAS Financiers Ltd,AAVAS.NS,1300.0,1319.300048828125,1294.0,1312.0,101148
2026-06-04,AAVAS Financiers Ltd,AAVAS.NS,1300.0,1319.0,1292.0999755859375,1300.4000244140625,130169
2026-06-05,AAVAS Financiers Ltd,AAVAS.NS,1302.9000244140625,1317.9000244140625,1286.0,1297.800048828125,175656
2026-06-08,AAVAS Financiers Ltd,AAVAS.NS,1281.0,1290.0,1251.199951171875,1259.300048828125,183438
2026-06-09,AAVAS Financiers Ltd,AAVAS.NS,1260.0,1284.5,1247.5999755859375,1256.9000244140625,136094
2026-06-10,AAVAS Financiers Ltd,AAVAS.NS,1263.4000244140625,1311.800048828125,1256.9000244140625,1299.5999755859375,155946
2026-06-11,AAVAS Financiers Ltd,AAVAS.NS,1293.0999755859375,1368.0,1281.0,1328.199951171875,872894
2026-06-12,AAVAS Financiers Ltd,AAVAS.NS,1360.0,1444.800048828125,1353.4000244140625,1405.699951171875,840069
2026-06-15,AAVAS Financiers Ltd,AAVAS.NS,1416.9000244140625,1424.9000244140625,1392.0,1405.199951171875,154471
2026-06-16,AAVAS Financiers Ltd,AAVAS.NS,1395.0999755859375,1420.0,1386.0,1393.5,64358
2026-06-17,AAVAS Financiers Ltd,AAVAS.NS,1399.9000244140625,1460.9000244140625,1399.9000244140625,1452.4000244140625,202484
2026-06-18,AAVAS Financiers Ltd,AAVAS.NS,1463.800048828125,1475.0,1445.199951171875,1467.5999755859375,95095
2026-06-19,AAVAS Financiers Ltd,AAVAS.NS,1467.699951171875,1488.0,1458.4000244140625,1471.9000244140625,152382
2026-06-22,AAVAS Financiers Ltd,AAVAS.NS,1360.0,1495.0,1346.4000244140625,1466.5999755859375,815589
2026-06-23,AAVAS Financiers Ltd,AAVAS.NS,1450.0,1476.5,1446.0,1452.199951171875,134176
2026-06-24,AAVAS Financiers Ltd,AAVAS.NS,1450.0,1495.0999755859375,1448.9000244140625,1482.5999755859375,227838
2026-06-25,AAVAS Financiers Ltd,AAVAS.NS,1480.0999755859375,1501.0,1450.0,1489.9000244140625,86272
2026-06-26,AAVAS Financiers Ltd,AAVAS.NS,1489.9000244140625,1489.9000244140625,1489.9000244140625,1489.9000244140625,0
2026-06-29,AAVAS Financiers Ltd,AAVAS.NS,1489.9000244140625,1499.0,1466.0,1483.800048828125,203363
2026-06-30,AAVAS Financiers Ltd,AAVAS.NS,1487.9000244140625,1530.0,1483.0999755859375,1520.800048828125,154482
2026-07-01,AAVAS Financiers Ltd,AAVAS.NS,1520.0,1540.800048828125,1492.5999755859375,1518.300048828125,103288
2026-07-02,AAVAS Financiers Ltd,AAVAS.NS,1520.0,1533.9000244140625,1501.800048828125,1503.9000244140625,56476
2026-07-03,AAVAS Financiers Ltd,AAVAS.NS,1504.0999755859375,1525.199951171875,1493.0,1506.0999755859375,55158
2026-07-06,AAVAS Financiers Ltd,AAVAS.NS,1515.0,1520.0,1502.0,1514.0,60107
2026-07-07,AAVAS Financiers Ltd,AAVAS.NS,1514.0,1530.800048828125,1503.0,1506.199951171875,61237
2026-07-08,AAVAS Financiers Ltd,AAVAS.NS,1501.0999755859375,1515.0,1472.5999755859375,1499.800048828125,100365
2026-07-09,AAVAS Financiers Ltd,AAVAS.NS,1499.800048828125,1519.800048828125,1493.800048828125,1505.300048828125,48377
2026-07-10,AAVAS Financiers Ltd,AAVAS.NS,1503.0,1534.9000244140625,1502.199951171875,1525.9000244140625,44959
2026-07-13,AAVAS Financiers Ltd,AAVAS.NS,1526.9000244140625,1530.0,1490.0,1498.4000244140625,46777
2026-07-14,AAVAS Financiers Ltd,AAVAS.NS,1495.0,1495.0999755859375,1439.9000244140625,1447.5,66824
2026-07-15,AAVAS Financiers Ltd,AAVAS.NS,1454.9000244140625,1510.0999755859375,1440.0,1500.9000244140625,67799
2026-07-16,AAVAS Financiers Ltd,AAVAS.NS,1493.4000244140625,1505.800048828125,1476.9000244140625,1500.800048828125,32468
2026-07-17,AAVAS Financiers Ltd,AAVAS.NS,1498.0,1508.199951171875,1471.0,1481.4000244140625,26018
2026-07-20,AAVAS Financiers Ltd,AAVAS.NS,1477.0,1515.0,1476.9000244140625,1497.4000244140625,34533
2026-07-21,AAVAS Financiers Ltd,AAVAS.NS,1495.5,1529.9000244140625,1483.0,1521.699951171875,75525
2026-07-22,AAVAS Financiers Ltd,AAVAS.NS,1523.9000244140625,1544.9000244140625,1425.0,1444.0,487839
2026-07-23,AAVAS Financiers Ltd,AAVAS.NS,1422.199951171875,1440.0,1380.0,1385.9000244140625,124946
2026-07-24,AAVAS Financiers Ltd,AAVAS.NS,1350.0,1399.9000244140625,1350.0,1379.0,62171
2026-07-27,AAVAS Financiers Ltd,AAVAS.NS,1398.0,1398.0,1380.300048828125,1390.5999755859375,20553
2026-07-28,AAVAS Financiers Ltd,AAVAS.NS,1384.0,1388.9000244140625,1367.800048828125,1376.0999755859375,31601
2026-07-29,AAVAS Financiers Ltd,AAVAS.NS,1369.4000244140625,1393.9000244140625,1369.4000244140625,1387.300048828125,28681
2026-07-30,AAVAS Financiers Ltd,AAVAS.NS,1387.300048828125,1387.4000244140625,1355.0,1362.5999755859375,32568
2026-07-31,AAVAS Financiers Ltd,AAVAS.NS,1360.0999755859375,1370.4000244140625,1346.199951171875,1359.800048828125,27076
2026-08-03,AAVAS Financiers Ltd,AAVAS.NS,1359.800048828125,1453.199951171875,1359.800048828125,1439.0,142280
2026-08-04,AAVAS Financiers Ltd,AAVAS.NS,1450.0,1450.0,1386.0,1392.5999755859375,34360
2026-08-05,AAVAS Financiers Ltd,AAVAS.NS,1392.5999755859375,1405.800048828125,1368.0999755859375,1375.699951171875,53803
2026-08-06,AAVAS Financiers Ltd,AAVAS.NS,1390.0,1396.4000244140625,1367.699951171875,1376.300048828125,47943
2026-08-07,AAVAS Financiers Ltd,AAVAS.NS,1365.0,1396.300048828125,1354.0999755859375,1371.5,64072
2026-08-10,AAVAS Financiers Ltd,AAVAS.NS,1378.300048828125,1420.0,1365.0,1404.0,129631
2026-08-11,AAVAS Financiers Ltd,AAVAS.NS,1414.0,1440.0,1378.0,1396.800048828125,159507
2026-08-12,AAVAS Financiers Ltd,AAVAS.NS,1396.800048828125,1433.300048828125,1388.0999755859375,1416.199951171875,70390
2026-08-13,AAVAS Financiers Ltd,AAVAS.NS,1410.0,1444.5,1410.0,1431.800048828125,54640
2026-08-14,AAVAS Financiers Ltd,AAVAS.NS,1431.800048828125,1435.9000244140625,1385.199951171875,1397.4000244140625,51565
2026-08-17,AAVAS Financiers Ltd,AAVAS.NS,1390.0999755859375,1399.9000244140625,1380.0,1389.800048828125,113239
2026-08-18,AAVAS Financiers Ltd,AAVAS.NS,1375.0,1393.9000244140625,1375.0,1388.300048828125,49386
2026-08-19,AAVAS Financiers Ltd,AAVAS.NS,1387.0999755859375,1407.9000244140625,1365.5999755859375,1372.800048828125,75310
2026-08-20,AAVAS Financiers Ltd,AAVAS.NS,1373.0999755859375,1380.0,1355.0,1364.9000244140625,104899
2026-08-21,AAVAS Financiers Ltd,AAVAS.NS,1364.800048828125,1374.5999755859375,1351.0,1355.300048828125,53900
2026-08-24,AAVAS Financiers Ltd,AAVAS.NS,1349.0,1358.5,1330.0,1336.300048828125,91922
2026-08-25,AAVAS Financiers Ltd,AAVAS.NS,1329.800048828125,1334.9000244140625,1310.0999755859375,1313.199951171875,92050
2026-08-26,AAVAS Financiers Ltd,AAVAS.NS,1314.9000244140625,1321.800048828125,1279.199951171875,1285.800048828125,139634
2026-08-27,AAVAS Financiers Ltd,AAVAS.NS,1279.4000244140625,1293.5999755859375,1257.9000244140625,1269.4000244140625,349968
2026-08-28,AAVAS Financiers Ltd,AAVAS.NS,1273.4000244140625,1333.800048828125,1264.0999755859375,1275.5,348832
2026-08-31,AAVAS Financiers Ltd,AAVAS.NS,1277.0999755859375,1322.699951171875,1254.4000244140625,1261.199951171875,242642
2026-09-01,AAVAS Financiers Ltd,AAVAS.NS,1261.699951171875,1270.4000244140625,1235.699951171875,1248.4000244140625,172413
2026-09-02,AAVAS Financiers Ltd,AAVAS.NS,1248.5,1287.5999755859375,1234.199951171875,1258.699951171875,229811
2026-09-03,AAVAS Financiers Ltd,AAVAS.NS,1264.9000244140625,1304.5,1262.0,1297.800048828125,230500
2026-09-04,AAVAS Financiers Ltd,AAVAS.NS,1298.300048828125,1318.0,1298.300048828125,1304.199951171875,60456
2026-09-07,AAVAS Financiers Ltd,AAVAS.NS,1291.0,1311.4000244140625,1285.199951171875,1306.199951171875,82507
2026-09-08,AAVAS Financiers Ltd,AAVAS.NS,1300.0,1314.800048828125,1290.0,1293.5,35998
2026-09-09,AAVAS Financiers Ltd,AAVAS.NS,1290.0,1305.5,1280.0,1290.300048828125,80715
2026-09-10,AAVAS Financiers Ltd,AAVAS.NS,1287.0,1302.9000244140625,1277.199951171875,1286.0999755859375,69794
2026-09-11,AAVAS Financiers Ltd,AAVAS.NS,1282.300048828125,1284.9000244140625,1256.5999755859375,1275.0999755859375,59394
2026-09-14,AAVAS Financiers Ltd,AAVAS.NS,1275.0999755859375,1275.0999755859375,1275.0999755859375,1275.0999755859375,0
2026-09-15,AAVAS Financiers Ltd,AAVAS.NS,1270.0999755859375,1290.5999755859375,1262.0999755859375,1270.300048828125,114642
2026-09-16,AAVAS Financiers Ltd,AAVAS.NS,1265.0,1289.4000244140625,1252.800048828125,1282.5,61560
2026-09-17,AAVAS Financiers Ltd,AAVAS.NS,1272.5,1302.199951171875,1272.5,1291.800048828125,36253
2026-09-18,AAVAS Financiers Ltd,AAVAS.NS,1296.0,1304.9000244140625,1273.800048828125,1284.5999755859375,164549
2026-09-21,AAVAS Financiers Ltd,AAVAS.NS,1285.0,1323.800048828125,1285.0,1321.199951171875,84855
2026-09-22,AAVAS Financiers Ltd,AAVAS.NS,1321.9000244140625,1342.5999755859375,1307.800048828125,1313.0999755859375,128992
2026-09-23,AAVAS Financiers Ltd,AAVAS.NS,1313.199951171875,1339.800048828125,1280.300048828125,1285.800048828125,77904
2026-09-24,AAVAS Financiers Ltd,AAVAS.NS,1270.0,1270.0,1243.0,1256.4000244140625,88763
2026-09-25,AAVAS Financiers Ltd,AAVAS.NS,1246.0999755859375,1277.199951171875,1242.699951171875,1267.699951171875,49117
2026-09-28,AAVAS Financiers Ltd,AAVAS.NS,1256.0,1313.699951171875,1250.0,1282.4000244140625,88608
2026-09-29,AAVAS Financiers Ltd,AAVAS.NS,1277.0999755859375,1282.4000244140625,1233.5999755859375,1248.4000244140625,63420
2026-09-30,AAVAS Financiers Ltd,AAVAS.NS,1240.0,1250.800048828125,1206.0,1211.9000244140625,80671
2026-10-01,AAVAS Financiers Ltd,AAVAS.NS,1207.0,1211.0,1167.199951171875,1190.9000244140625,280168
2025-10-03,ABB India Ltd,ABB.NS,5190.0,5208.5,5148.5,5183.5,291382
2025-10-06,ABB India Ltd,ABB.NS,5190.5,5244.5,5176.0,5218.0,156474
2025-10-07,ABB India Ltd,ABB.NS,5233.0,5343.0,5209.5,5219.5,382453
2025-10-08,ABB India Ltd,ABB.NS,5236.5,5236.5,5101.0,5128.5,399870
2025-10-09,ABB India Ltd,ABB.NS,5120.0,5162.0,5075.0,5146.5,212517
2025-10-10,ABB India Ltd,ABB.NS,5151.0,5210.0,5147.5,5186.0,180079
2025-10-13,ABB India Ltd,ABB.NS,5160.0,5175.5,5101.0,5147.5,284296
2025-10-14,ABB India Ltd,ABB.NS,5169.5,5169.5,5081.5,5119.5,299352
2025-10-15,ABB India Ltd,ABB.NS,5119.5,5228.0,5097.5,5173.5,218559
2025-10-16,ABB India Ltd,ABB.NS,5190.0,5260.0,5077.5,5212.0,542569
2025-10-17,ABB India Ltd,ABB.NS,5208.5,5227.0,5176.0,5202.0,145812
2025-10-20,ABB India Ltd,ABB.NS,5228.0,5273.5,5203.5,5231.5,141485
2025-10-21,ABB India Ltd,ABB.NS,5248.0,5262.0,5220.0,5240.0,26961
2025-10-23,ABB India Ltd,ABB.NS,5244.0,5279.5,5165.0,5181.5,333500
2025-10-24,ABB India Ltd,ABB.NS,5198.0,5210.0,5151.5,5181.0,245669
2025-10-27,ABB India Ltd,ABB.NS,5198.0,5240.0,5172.0,5238.0,72330
2025-10-28,ABB India Ltd,ABB.NS,5260.0,5275.0,5141.5,5175.5,236636
2025-10-29,ABB India Ltd,ABB.NS,5175.5,5300.0,5175.5,5289.0,193168
2025-10-30,ABB India Ltd,ABB.NS,5297.5,5306.0,5237.0,5279.0,121312
2025-10-31,ABB India Ltd,ABB.NS,5284.0,5295.5,5204.5,5220.0,146857
2025-11-03,ABB India Ltd,ABB.NS,5215.0,5279.0,5205.0,5256.0,79178
2025-11-04,ABB India Ltd,ABB.NS,5263.0,5270.5,5225.5,5244.0,101847
2025-11-06,ABB India Ltd,ABB.NS,5258.0,5280.5,5172.0,5228.0,302941
2025-11-07,ABB India Ltd,ABB.NS,5099.0,5151.0,4962.5,5016.5,1147124
2025-11-10,ABB India Ltd,ABB.NS,4964.0,5009.0,4921.5,4992.0,207748
2025-11-11,ABB India Ltd,ABB.NS,5021.5,5026.5,4941.0,4978.5,202095
2025-11-12,ABB India Ltd,ABB.NS,4994.0,5000.0,4911.0,4924.0,322415
2025-11-13,ABB India Ltd,ABB.NS,4933.0,4959.0,4896.0,4913.0,308690
2025-11-14,ABB India Ltd,ABB.NS,4913.0,4963.0,4899.0,4952.5,120184
2025-11-17,ABB India Ltd,ABB.NS,4955.0,5060.0,4926.0,5041.5,201519
2025-11-18,ABB India Ltd,ABB.NS,5041.5,5095.0,4998.5,5080.5,185933
2025-11-19,ABB India Ltd,ABB.NS,5081.5,5099.0,5037.0,5083.0,241340
2025-11-20,ABB India Ltd,ABB.NS,5083.0,5172.0,5083.0,5147.0,315841
2025-11-21,ABB India Ltd,ABB.NS,5130.0,5132.0,5068.5,5092.0,195539
2025-11-24,ABB India Ltd,ABB.NS,5092.0,5100.0,5024.5,5057.0,453211
2025-11-25,ABB India Ltd,ABB.NS,5042.5,5092.0,5035.0,5070.5,179842
2025-11-26,ABB India Ltd,ABB.NS,5070.5,5206.5,5058.0,5197.5,157689
2025-11-27,ABB India Ltd,ABB.NS,5235.0,5264.5,5188.5,5240.5,123457
2025-11-28,ABB India Ltd,ABB.NS,5260.0,5260.5,5170.0,5175.0,82669
2025-12-01,ABB India Ltd,ABB.NS,5218.0,5219.5,5148.5,5189.5,68252
2025-12-02,ABB India Ltd,ABB.NS,5171.0,5221.5,5161.0,5183.0,149427
2025-12-03,ABB India Ltd,ABB.NS,5183.0,5183.0,5088.5,5107.0,81229
2025-12-04,ABB India Ltd,ABB.NS,5100.0,5182.0,5095.0,5172.5,90233
2025-12-05,ABB India Ltd,ABB.NS,5172.5,5194.0,5140.5,5173.5,99564
2025-12-08,ABB India Ltd,ABB.NS,5171.5,5194.0,5049.0,5057.5,130551
2025-12-09,ABB India Ltd,ABB.NS,5051.0,5128.0,4981.0,5117.0,113585
2025-12-10,ABB India Ltd,ABB.NS,5109.5,5192.0,5098.0,5152.0,118196
2025-12-11,ABB India Ltd,ABB.NS,5154.0,5257.5,5147.0,5242.5,197330
2025-12-12,ABB India Ltd,ABB.NS,5270.0,5299.0,5230.0,5278.0,200377
2025-12-15,ABB India Ltd,ABB.NS,5288.0,5298.0,5200.5,5285.0,191017
2025-12-16,ABB India Ltd,ABB.NS,5280.0,5280.0,5227.0,5242.0,71299
2025-12-17,ABB India Ltd,ABB.NS,5238.0,5262.5,5152.0,5171.0,85858
2025-12-18,ABB India Ltd,ABB.NS,5185.0,5185.0,5075.5,5097.5,362593
2025-12-19,ABB India Ltd,ABB.NS,5106.0,5191.5,5100.0,5177.0,351488
2025-12-22,ABB India Ltd,ABB.NS,5180.5,5233.0,5170.0,5181.0,67499
2025-12-23,ABB India Ltd,ABB.NS,5185.0,5215.0,5151.0,5204.0,64953
2025-12-24,ABB India Ltd,ABB.NS,5212.5,5266.0,5202.0,5215.0,103441
2025-12-26,ABB India Ltd,ABB.NS,5215.0,5244.5,5164.5,5183.0,54254
2025-12-29,ABB India Ltd,ABB.NS,5218.5,5218.5,5155.0,5165.0,53679
2025-12-30,ABB India Ltd,ABB.NS,5155.0,5169.0,5100.0,5138.5,107504
2025-12-31,ABB India Ltd,ABB.NS,5150.0,5207.5,5141.5,5170.0,106827
2026-01-01,ABB India Ltd,ABB.NS,5183.0,5195.5,5146.0,5176.5,37884
2026-01-02,ABB India Ltd,ABB.NS,5156.5,5220.0,5156.5,5205.5,63490
2026-01-05,ABB India Ltd,ABB.NS,5230.0,5249.5,5131.0,5168.5,101498
2026-01-06,ABB India Ltd,ABB.NS,5168.5,5254.5,5160.5,5224.5,122892
2026-01-07,ABB India Ltd,ABB.NS,5215.0,5307.5,5181.5,5299.0,123203
2026-01-08,ABB India Ltd,ABB.NS,5312.0,5368.0,4983.5,5021.0,681840
2026-01-09,ABB India Ltd,ABB.NS,5050.0,5138.0,4983.5,5093.0,329338
2026-01-12,ABB India Ltd,ABB.NS,5075.0,5075.5,4951.0,5048.0,172796
2026-01-13,ABB India Ltd,ABB.NS,5050.0,5081.5,4923.0,4966.0,113004
2026-01-14,ABB India Ltd,ABB.NS,4960.5,4992.0,4925.0,4935.0,107017
2026-01-15,ABB India Ltd,ABB.NS,4935.0,4935.0,4935.0,4935.0,0
2026-01-16,ABB India Ltd,ABB.NS,4935.0,4960.0,4852.0,4872.5,186282
2026-01-19,ABB India Ltd,ABB.NS,4877.5,4942.0,4839.0,4865.5,238177
2026-01-20,ABB India Ltd,ABB.NS,4855.0,4855.0,4673.0,4691.5,413609
2026-01-21,ABB India Ltd,ABB.NS,4692.5,4751.5,4637.5,4707.5,349292
2026-01-22,ABB India Ltd,ABB.NS,4725.0,4807.0,4719.0,4755.5,145026
2026-01-23,ABB India Ltd,ABB.NS,4760.0,4775.0,4668.5,4694.5,114255
2026-01-27,ABB India Ltd,ABB.NS,4694.5,4777.0,4649.5,4707.5,178884
2026-01-28,ABB India Ltd,ABB.NS,4759.0,5075.0,4750.0,5043.5,419235
2026-01-29,ABB India Ltd,ABB.NS,5050.0,5547.5,4983.5,5474.0,2492153
2026-01-30,ABB India Ltd,ABB.NS,5440.0,5605.5,5400.0,5578.5,634906
2026-02-02,ABB India Ltd,ABB.NS,5490.0,5537.0,5368.5,5468.0,156864
2026-02-03,ABB India Ltd,ABB.NS,5641.5,5769.0,5608.0,5668.5,646658
2026-02-04,ABB India Ltd,ABB.NS,5661.0,5867.0,5582.5,5755.0,509746
2026-02-05,ABB India Ltd,ABB.NS,5750.0,5840.5,5663.0,5770.0,205411
2026-02-06,ABB India Ltd,ABB.NS,5769.0,5845.0,5726.5,5816.0,304093
2026-02-09,ABB India Ltd,ABB.NS,5845.0,5850.0,5748.0,5815.5,137449
2026-02-10,ABB India Ltd,ABB.NS,5850.0,5884.0,5806.0,5870.0,155125
2026-02-11,ABB India Ltd,ABB.NS,5851.0,5861.0,5781.0,5825.5,91365
2026-02-12,ABB India Ltd,ABB.NS,5819.0,5864.5,5760.0,5788.5,169801
2026-02-13,ABB India Ltd,ABB.NS,5788.5,5855.0,5726.5,5780.5,152957
2026-02-16,ABB India Ltd,ABB.NS,5781.0,5914.0,5742.5,5888.0,188248
2026-02-17,ABB India Ltd,ABB.NS,5922.5,5940.0,5806.0,5836.0,116120
2026-02-18,ABB India Ltd,ABB.NS,5836.0,5909.0,5771.5,5881.5,178419
2026-02-19,ABB India Ltd,ABB.NS,5885.0,5908.0,5695.0,5719.5,136031
2026-02-20,ABB India Ltd,ABB.NS,5725.0,6246.0,5719.5,5987.0,4034978
2026-02-23,ABB India Ltd,ABB.NS,6090.0,6090.0,5775.0,5917.5,831004
2026-02-24,ABB India Ltd,ABB.NS,5881.5,6075.0,5881.5,6056.0,782563
2026-02-25,ABB India Ltd,ABB.NS,6101.0,6180.0,6046.5,6167.5,363747
2026-02-26,ABB India Ltd,ABB.NS,6170.0,6205.5,6110.5,6133.0,283878
2026-02-27,ABB India Ltd,ABB.NS,6128.0,6128.0,6039.0,6073.0,602254
2026-03-02,ABB India Ltd,ABB.NS,5840.0,6073.0,5835.0,5983.0,275442
2026-03-04,ABB India Ltd,ABB.NS,5900.0,5911.5,5793.5,5830.5,275613
2026-03-05,ABB India Ltd,ABB.NS,5844.0,6000.5,5833.5,5929.0,268401
2026-03-06,ABB India Ltd,ABB.NS,5900.0,6118.0,5869.0,6062.0,377080
2026-03-09,ABB India Ltd,ABB.NS,5982.0,6000.0,5853.0,5982.5,249926
2026-03-10,ABB India Ltd,ABB.NS,6032.5,6250.0,6032.0,6224.5,474110
2026-03-11,ABB India Ltd,ABB.NS,6230.0,6325.0,6181.0,6280.0,599883
2026-03-12,ABB India Ltd,ABB.NS,6242.0,6429.5,6146.0,6409.0,596298
2026-03-13,ABB India Ltd,ABB.NS,6439.5,6554.0,6339.5,6392.5,1070957
2026-03-16,ABB India Ltd,ABB.NS,6400.0,6417.0,6162.5,6218.0,371084
2026-03-17,ABB India Ltd,ABB.NS,6237.5,6337.5,6176.5,6310.5,297126
2026-03-18,ABB India Ltd,ABB.NS,6320.5,6415.5,6280.5,6337.5,280678
2026-03-19,ABB India Ltd,ABB.NS,6261.0,6322.0,6178.5,6214.0,212355
2026-03-20,ABB India Ltd,ABB.NS,6250.0,6380.0,6250.0,6297.0,274862
2026-03-23,ABB India Ltd,ABB.NS,6264.0,6264.0,5975.0,6041.5,274731
2026-03-24,ABB India Ltd,ABB.NS,6200.0,6244.5,6045.0,6162.0,280421
2026-03-25,ABB India Ltd,ABB.NS,6200.0,6290.0,6185.5,6212.5,231844
2026-03-27,ABB India Ltd,ABB.NS,6190.0,6190.0,5987.0,6105.0,425645
2026-03-30,ABB India Ltd,ABB.NS,5995.0,6100.0,5911.0,5941.5,342351
2026-04-01,ABB India Ltd,ABB.NS,6180.0,6188.5,6012.0,6063.0,339497
2026-04-02,ABB India Ltd,ABB.NS,6021.5,6158.0,5916.5,6142.0,275527
2026-04-06,ABB India Ltd,ABB.NS,6150.0,6247.5,6088.0,6193.5,259645
2026-04-07,ABB India Ltd,ABB.NS,6175.0,6280.0,6081.5,6269.0,253657
2026-04-08,ABB India Ltd,ABB.NS,6399.0,6584.5,6370.0,6565.0,626418
2026-04-09,ABB India Ltd,ABB.NS,6575.0,6642.0,6483.5,6614.0,591302
2026-04-10,ABB India Ltd,ABB.NS,6642.0,6905.5,6612.5,6859.5,798909
2026-04-13,ABB India Ltd,ABB.NS,6725.0,6878.5,6688.0,6828.5,320237
2026-04-15,ABB India Ltd,ABB.NS,6890.0,6993.0,6844.0,6873.0,499662
2026-04-16,ABB India Ltd,ABB.NS,6873.5,6907.0,6732.5,6883.5,548523
2026-04-17,ABB India Ltd,ABB.NS,6880.0,7083.0,6833.5,7029.5,558816
2026-04-20,ABB India Ltd,ABB.NS,7054.5,7319.5,6993.5,7158.0,559841
2026-04-21,ABB India Ltd,ABB.NS,7200.0,7300.0,7184.0,7255.0,260767
2026-04-22,ABB India Ltd,ABB.NS,7253.0,7822.5,7161.0,7587.0,1729200
2026-04-23,ABB India Ltd,ABB.NS,7587.0,7650.0,7533.5,7575.5,376857
2026-04-24,ABB India Ltd,ABB.NS,7575.5,7594.0,7304.0,7328.5,343502
2026-04-27,ABB India Ltd,ABB.NS,7330.5,7475.0,7282.5,7430.5,267337
2026-04-28,ABB India Ltd,ABB.NS,7449.0,7490.0,7251.5,7288.0,296110
2026-04-29,ABB India Ltd,ABB.NS,7340.0,7373.0,7212.0,7264.5,361430
2026-04-30,ABB India Ltd,ABB.NS,7250.0,7305.0,7102.0,7230.0,327820
2026-05-01,ABB India Ltd,ABB.NS,7230.0,7230.0,7230.0,7230.0,0
2026-05-04,ABB India Ltd,ABB.NS,7269.0,7363.0,7185.0,7236.5,364239
2026-05-05,ABB India Ltd,ABB.NS,7248.0,7349.0,7215.0,7328.0,324323
2026-05-06,ABB India Ltd,ABB.NS,7389.0,7389.0,7135.0,7182.5,282411
2026-05-07,ABB India Ltd,ABB.NS,7183.0,7279.5,7000.0,7188.0,367185
2026-05-08,ABB India Ltd,ABB.NS,7210.0,7210.0,6991.5,7012.5,443952
2026-05-11,ABB India Ltd,ABB.NS,6662.0,6687.0,6323.5,6387.5,2419336
2026-05-12,ABB India Ltd,ABB.NS,6360.0,6403.0,6171.5,6328.5,976463
2026-05-13,ABB India Ltd,ABB.NS,6344.0,6395.0,6212.5,6305.0,367052
2026-05-14,ABB India Ltd,ABB.NS,6350.0,6439.0,6220.0,6429.0,327209
2026-05-15,ABB India Ltd,ABB.NS,6425.0,6433.5,6307.0,6381.0,249403
2026-05-18,ABB India Ltd,ABB.NS,6310.0,6445.0,6225.0,6413.5,370285
2026-05-19,ABB India Ltd,ABB.NS,6430.5,6463.5,6310.0,6329.0,344676
2026-05-20,ABB India Ltd,ABB.NS,6260.0,6624.0,6259.5,6605.0,546490
2026-05-21,ABB India Ltd,ABB.NS,6673.0,6718.0,6566.0,6598.0,498808
2026-05-22,ABB India Ltd,ABB.NS,6600.5,6741.0,6594.0,6689.5,371775
2026-05-25,ABB India Ltd,ABB.NS,6734.0,6826.0,6712.5,6755.0,263153
2026-05-26,ABB India Ltd,ABB.NS,6755.0,6822.0,6722.0,6804.0,200573
2026-05-27,ABB India Ltd,ABB.NS,6841.5,7244.0,6808.0,7219.0,636096
2026-05-28,ABB India Ltd,ABB.NS,7219.0,7219.0,7219.0,7219.0,0
2026-05-29,ABB India Ltd,ABB.NS,7280.0,7340.0,7121.0,7253.0,1105117
2026-06-01,ABB India Ltd,ABB.NS,7253.0,7254.0,7004.0,7027.5,452205
2026-06-02,ABB India Ltd,ABB.NS,6970.0,7169.0,6957.0,7146.0,511846
2026-06-03,ABB India Ltd,ABB.NS,7146.0,7247.0,7083.0,7196.0,309040
2026-06-04,ABB India Ltd,ABB.NS,7192.0,7327.0,7122.5,7156.0,298566
2026-06-05,ABB India Ltd,ABB.NS,7175.0,7217.0,7108.5,7167.5,249982
2026-06-08,ABB India Ltd,ABB.NS,7105.5,7129.5,6893.0,6958.0,240753
2026-06-09,ABB India Ltd,ABB.NS,7000.0,7063.5,6908.0,6931.0,254364
2026-06-10,ABB India Ltd,ABB.NS,6905.5,6951.5,6769.0,6801.0,463997
2026-06-11,ABB India Ltd,ABB.NS,6782.0,6815.5,6653.0,6719.0,262862
2026-06-12,ABB India Ltd,ABB.NS,6783.0,6854.5,6722.0,6770.5,188800
2026-06-15,ABB India Ltd,ABB.NS,6880.0,6977.5,6821.0,6922.5,227935
2026-06-16,ABB India Ltd,ABB.NS,6955.0,7079.5,6939.0,7021.0,366666
2026-06-17,ABB India Ltd,ABB.NS,7021.0,7187.5,6980.0,7164.0,298071
2026-06-18,ABB India Ltd,ABB.NS,7175.0,7254.0,7089.5,7229.0,239735
2026-06-19,ABB India Ltd,ABB.NS,7288.0,7304.0,7183.0,7248.0,241827
2026-06-22,ABB India Ltd,ABB.NS,7250.0,7290.5,7200.0,7258.0,150159
2026-06-23,ABB India Ltd,ABB.NS,7253.5,7285.0,7109.0,7158.5,186185
2026-06-24,ABB India Ltd,ABB.NS,7174.5,7199.0,6935.0,6967.5,280561
2026-06-25,ABB India Ltd,ABB.NS,7040.0,7098.0,6963.0,6993.0,231515
2026-06-26,ABB India Ltd,ABB.NS,6993.0,6993.0,6993.0,6993.0,0
2026-06-29,ABB India Ltd,ABB.NS,7000.0,7268.0,6886.5,7128.0,915384
2026-06-30,ABB India Ltd,ABB.NS,7070.0,7100.0,6993.0,7031.0,367996
2026-07-01,ABB India Ltd,ABB.NS,7046.0,7073.5,6915.0,6937.0,146578
2026-07-02,ABB India Ltd,ABB.NS,6950.0,6961.0,6830.5,6861.0,264804
2026-07-03,ABB India Ltd,ABB.NS,6881.0,6975.0,6752.0,6950.5,345071
2026-07-06,ABB India Ltd,ABB.NS,6985.5,7085.0,6891.0,7073.0,238108
2026-07-07,ABB India Ltd,ABB.NS,7107.0,7107.0,6868.0,6978.0,229515
2026-07-08,ABB India Ltd,ABB.NS,6908.5,6943.5,6725.0,6771.5,331230
2026-07-09,ABB India Ltd,ABB.NS,6780.0,6861.5,6780.0,6820.0,119092
2026-07-10,ABB India Ltd,ABB.NS,6835.0,6911.0,6812.0,6836.0,110261
2026-07-13,ABB India Ltd,ABB.NS,6800.0,6872.0,6715.5,6807.0,297882
2026-07-14,ABB India Ltd,ABB.NS,6778.5,6920.0,6744.0,6892.0,187662
2026-07-15,ABB India Ltd,ABB.NS,6940.0,7270.0,6926.5,7204.5,763817
2026-07-16,ABB India Ltd,ABB.NS,7210.5,7924.5,7191.0,7667.5,2577801
2026-07-17,ABB India Ltd,ABB.NS,7667.5,7706.5,7485.0,7506.0,366304
2026-07-20,ABB India Ltd,ABB.NS,7495.5,7574.0,7416.5,7517.0,272955
2026-07-21,ABB India Ltd,ABB.NS,7525.5,7633.0,7492.5,7532.0,254098
2026-07-22,ABB India Ltd,ABB.NS,7532.0,7639.0,7485.5,7506.0,212131
2026-07-23,ABB India Ltd,ABB.NS,7519.0,7684.5,7486.0,7528.0,304111
2026-07-24,ABB India Ltd,ABB.NS,7498.0,7583.0,7333.0,7375.5,258917
2026-07-27,ABB India Ltd,ABB.NS,7419.0,7434.0,7225.0,7327.5,370848
2026-07-28,ABB India Ltd,ABB.NS,7327.5,7350.0,7190.0,7243.5,293933
2026-07-29,ABB India Ltd,ABB.NS,7247.0,7458.0,7085.0,7310.5,570622
2026-07-30,ABB India Ltd,ABB.NS,7332.0,7332.0,7195.0,7291.5,335960
2026-07-31,ABB India Ltd,ABB.NS,7350.5,7485.0,7201.5,7284.5,348950
2026-08-03,ABB India Ltd,ABB.NS,7243.5,7657.0,7243.0,7601.0,1207164
2026-08-04,ABB India Ltd,ABB.NS,7601.0,7894.5,7600.5,7700.0,718380
2026-08-05,ABB India Ltd,ABB.NS,7748.0,7833.0,7675.0,7690.5,267379
2026-08-06,ABB India Ltd,ABB.NS,7737.0,7784.5,7671.0,7735.0,159592
2026-08-07,ABB India Ltd,ABB.NS,7657.5,7670.0,7580.0,7600.0,179322
2026-08-10,ABB India Ltd,ABB.NS,7639.5,7723.5,7535.0,7649.5,202217
2026-08-11,ABB India Ltd,ABB.NS,7649.5,7714.0,7561.5,7611.5,147983
2026-08-12,ABB India Ltd,ABB.NS,7611.5,7741.0,7585.5,7710.0,224512
2026-08-13,ABB India Ltd,ABB.NS,7750.0,7772.0,7659.0,7710.0,131083
2026-08-14,ABB India Ltd,ABB.NS,7710.0,7825.0,7639.0,7649.0,163080
2026-08-17,ABB India Ltd,ABB.NS,7652.5,7760.0,7627.0,7660.0,93962
2026-08-18,ABB India Ltd,ABB.NS,7660.0,7734.0,7528.5,7546.0,126259
2026-08-19,ABB India Ltd,ABB.NS,7525.0,7543.0,7391.5,7430.0,187000
2026-08-20,ABB India Ltd,ABB.NS,7450.5,7481.5,7393.0,7479.0,195920
2026-08-21,ABB India Ltd,ABB.NS,7474.0,7545.0,7405.0,7424.0,85392
2026-08-24,ABB India Ltd,ABB.NS,7460.0,7566.5,7429.5,7504.0,118675
2026-08-25,ABB India Ltd,ABB.NS,7510.0,7627.0,7435.0,7627.0,178245
2026-08-26,ABB India Ltd,ABB.NS,7630.0,7699.0,7581.0,7609.0,200058
2026-08-27,ABB India Ltd,ABB.NS,7600.0,7693.0,7490.0,7490.0,189460
2026-08-28,ABB India Ltd,ABB.NS,7501.0,7529.0,7440.0,7509.0,98513
2026-08-31,ABB India Ltd,ABB.NS,7488.0,7638.5,7306.0,7638.5,227223
2026-09-01,ABB India Ltd,ABB.NS,7521.5,7524.5,7331.5,7396.0,253254
2026-09-02,ABB India Ltd,ABB.NS,7348.5,7447.5,7258.0,7447.5,163580
2026-09-03,ABB India Ltd,ABB.NS,7438.0,7475.0,7405.0,7432.0,153649
2026-09-04,ABB India Ltd,ABB.NS,7445.5,7470.0,7376.0,7410.0,150500
2026-09-07,ABB India Ltd,ABB.NS,7410.0,7459.5,7327.0,7434.0,111152
2026-09-08,ABB India Ltd,ABB.NS,7389.0,7472.0,7340.0,7387.0,167057
2026-09-09,ABB India Ltd,ABB.NS,7377.0,7480.0,7361.0,7401.5,309539
2026-09-10,ABB India Ltd,ABB.NS,7400.0,7418.5,7287.0,7329.0,93304
2026-09-11,ABB India Ltd,ABB.NS,7294.0,7324.0,7173.0,7274.0,192422
2026-09-14,ABB India Ltd,ABB.NS,7274.0,7274.0,7274.0,7274.0,0
2026-09-15,ABB India Ltd,ABB.NS,7268.0,7268.0,7005.0,7005.0,195095
2026-09-16,ABB India Ltd,ABB.NS,7005.0,7051.0,6905.5,6980.0,115646
2026-09-17,ABB India Ltd,ABB.NS,6980.0,7168.0,6975.5,7130.5,207124
2026-09-18,ABB India Ltd,ABB.NS,7185.5,7307.0,7151.0,7270.5,383030
2026-09-21,ABB India Ltd,ABB.NS,7240.0,7330.0,7221.0,7271.0,161482
2026-09-22,ABB India Ltd,ABB.NS,7261.5,7405.5,7117.5,7120.5,196683
2026-09-23,ABB India Ltd,ABB.NS,7141.5,7185.0,7077.0,7120.0,91561
2026-09-24,ABB India Ltd,ABB.NS,7080.0,7144.5,7062.5,7129.0,141360
2026-09-25,ABB India Ltd,ABB.NS,7111.0,7201.5,7025.0,7052.5,80574
2026-09-28,ABB India Ltd,ABB.NS,7038.0,7041.5,6910.5,6972.5,209202
2026-09-29,ABB India Ltd,ABB.NS,6950.0,6953.0,6660.5,6660.5,213768
2026-09-30,ABB India Ltd,ABB.NS,6801.0,6927.5,6771.0,6776.0,229223
2026-10-01,ABB India Ltd,ABB.NS,6780.0,6947.5,6735.0,6900.0,240835
2025-10-03,ACC Ltd,ACC.NS,1828.0,1853.0,1828.0,1849.0999755859375,130479
2025-10-06,ACC Ltd,ACC.NS,1850.0,1865.300048828125,1828.9000244140625,1833.4000244140625,396704
2025-10-07,ACC Ltd,ACC.NS,1838.800048828125,1860.0,1835.5999755859375,1857.5999755859375,167405
2025-10-08,ACC Ltd,ACC.NS,1855.0,1869.800048828125,1842.300048828125,1865.5999755859375,238917
2025-10-09,ACC Ltd,ACC.NS,1860.0,1881.199951171875,1853.5999755859375,1874.800048828125,127639
2025-10-10,ACC Ltd,ACC.NS,1874.5999755859375,1891.199951171875,1862.0999755859375,1885.5999755859375,125206
2025-10-13,ACC Ltd,ACC.NS,1874.800048828125,1880.0,1862.199951171875,1870.0999755859375,119451
2025-10-14,ACC Ltd,ACC.NS,1870.5,1877.699951171875,1854.0999755859375,1862.5,217041
2025-10-15,ACC Ltd,ACC.NS,1860.0,1872.0999755859375,1853.0,1857.4000244140625,65709
2025-10-16,ACC Ltd,ACC.NS,1858.0,1872.5,1853.0999755859375,1860.0999755859375,87900
2025-10-17,ACC Ltd,ACC.NS,1859.4000244140625,1867.5,1817.699951171875,1832.699951171875,175319
2025-10-20,ACC Ltd,ACC.NS,1844.4000244140625,1847.699951171875,1822.800048828125,1830.9000244140625,195604
2025-10-21,ACC Ltd,ACC.NS,1835.4000244140625,1856.0999755859375,1835.4000244140625,1848.9000244140625,38297
2025-10-23,ACC Ltd,ACC.NS,1855.0,1860.0,1836.0,1855.699951171875,270595
2025-10-24,ACC Ltd,ACC.NS,1860.699951171875,1861.699951171875,1841.5,1850.0999755859375,285233
2025-10-27,ACC Ltd,ACC.NS,1850.0,1868.0,1838.699951171875,1862.699951171875,217898
2025-10-28,ACC Ltd,ACC.NS,1862.699951171875,1868.5999755859375,1848.0,1860.699951171875,180058
2025-10-29,ACC Ltd,ACC.NS,1862.4000244140625,1888.0,1856.0999755859375,1879.300048828125,355913
2025-10-30,ACC Ltd,ACC.NS,1880.800048828125,1887.9000244140625,1844.0,1859.4000244140625,214003
2025-10-31,ACC Ltd,ACC.NS,1868.199951171875,1915.0999755859375,1856.5,1881.5,1153977
2025-11-03,ACC Ltd,ACC.NS,1920.0,1920.0,1850.0,1870.5,645046
2025-11-04,ACC Ltd,ACC.NS,1870.4000244140625,1879.699951171875,1825.0,1832.5999755859375,565834
2025-11-06,ACC Ltd,ACC.NS,1835.5999755859375,1842.0,1827.0999755859375,1832.4000244140625,244677
2025-11-07,ACC Ltd,ACC.NS,1828.0,1853.199951171875,1818.9000244140625,1840.5,231911
2025-11-10,ACC Ltd,ACC.NS,1835.0,1852.199951171875,1832.5,1845.0,125507
2025-11-11,ACC Ltd,ACC.NS,1854.0,1854.0,1837.9000244140625,1845.300048828125,133569
2025-11-12,ACC Ltd,ACC.NS,1848.0,1863.800048828125,1846.4000244140625,1852.9000244140625,157767
2025-11-13,ACC Ltd,ACC.NS,1855.0,1861.0,1840.0,1844.800048828125,188561
2025-11-14,ACC Ltd,ACC.NS,1844.0,1851.5999755859375,1836.0999755859375,1840.300048828125,108174
2025-11-17,ACC Ltd,ACC.NS,1843.4000244140625,1858.0,1841.199951171875,1846.699951171875,120125
2025-11-18,ACC Ltd,ACC.NS,1846.699951171875,1852.0,1825.0,1838.699951171875,150898
2025-11-19,ACC Ltd,ACC.NS,1838.9000244140625,1847.0,1834.0,1836.9000244140625,215477
2025-11-20,ACC Ltd,ACC.NS,1846.9000244140625,1865.0,1842.5,1851.4000244140625,279134
2025-11-21,ACC Ltd,ACC.NS,1855.0,1855.0,1824.300048828125,1830.0999755859375,179113
2025-11-24,ACC Ltd,ACC.NS,1830.9000244140625,1987.0,1807.199951171875,1913.699951171875,3525734
2025-11-25,ACC Ltd,ACC.NS,1902.0,1909.4000244140625,1858.4000244140625,1869.0999755859375,373922
2025-11-26,ACC Ltd,ACC.NS,1869.0999755859375,1888.0,1856.300048828125,1884.5,204008
2025-11-27,ACC Ltd,ACC.NS,1888.0,1888.0,1864.0,1870.199951171875,115737
2025-11-28,ACC Ltd,ACC.NS,1864.199951171875,1872.0,1847.0,1850.5999755859375,182795
2025-12-01,ACC Ltd,ACC.NS,1868.0,1868.0,1847.699951171875,1850.5,115717
2025-12-02,ACC Ltd,ACC.NS,1850.5,1860.0,1844.199951171875,1851.9000244140625,95661
2025-12-03,ACC Ltd,ACC.NS,1852.0,1865.5999755859375,1835.5999755859375,1840.199951171875,118566
2025-12-04,ACC Ltd,ACC.NS,1838.0,1843.9000244140625,1808.0,1815.199951171875,209730
2025-12-05,ACC Ltd,ACC.NS,1815.5999755859375,1825.0,1795.0999755859375,1798.199951171875,264463
2025-12-08,ACC Ltd,ACC.NS,1798.199951171875,1812.800048828125,1788.4000244140625,1796.0,153659
2025-12-09,ACC Ltd,ACC.NS,1796.0,1796.4000244140625,1770.4000244140625,1785.0,171828
2025-12-10,ACC Ltd,ACC.NS,1787.9000244140625,1801.0,1779.0,1782.300048828125,140814
2025-12-11,ACC Ltd,ACC.NS,1781.0,1788.800048828125,1772.0999755859375,1778.9000244140625,156499
2025-12-12,ACC Ltd,ACC.NS,1784.9000244140625,1796.199951171875,1770.0,1771.699951171875,240221
2025-12-15,ACC Ltd,ACC.NS,1774.0,1789.9000244140625,1770.0999755859375,1777.5999755859375,131589
2025-12-16,ACC Ltd,ACC.NS,1783.0,1784.699951171875,1767.5,1771.4000244140625,112332
2025-12-17,ACC Ltd,ACC.NS,1772.0,1774.9000244140625,1751.0,1758.9000244140625,119306
2025-12-18,ACC Ltd,ACC.NS,1758.800048828125,1761.9000244140625,1750.9000244140625,1754.9000244140625,91071
2025-12-19,ACC Ltd,ACC.NS,1763.9000244140625,1770.0,1747.0,1751.5,220065
2025-12-22,ACC Ltd,ACC.NS,1760.0,1789.5999755859375,1760.0,1782.5,131493
2025-12-23,ACC Ltd,ACC.NS,1794.9000244140625,1804.800048828125,1746.0,1754.199951171875,873238
2025-12-24,ACC Ltd,ACC.NS,1755.0,1760.0999755859375,1735.0,1739.4000244140625,419682
2025-12-26,ACC Ltd,ACC.NS,1744.199951171875,1752.0,1725.0,1735.300048828125,358878
2025-12-29,ACC Ltd,ACC.NS,1735.9000244140625,1738.4000244140625,1723.0,1725.199951171875,154517
2025-12-30,ACC Ltd,ACC.NS,1725.199951171875,1745.0,1715.0,1732.0999755859375,227716
2025-12-31,ACC Ltd,ACC.NS,1737.0,1741.800048828125,1725.0,1737.699951171875,196513
2026-01-01,ACC Ltd,ACC.NS,1737.9000244140625,1744.9000244140625,1730.0999755859375,1740.4000244140625,161847
2026-01-02,ACC Ltd,ACC.NS,1740.0999755859375,1751.9000244140625,1737.0999755859375,1748.800048828125,177224
2026-01-05,ACC Ltd,ACC.NS,1751.9000244140625,1778.9000244140625,1750.199951171875,1771.5999755859375,221151
2026-01-06,ACC Ltd,ACC.NS,1777.0,1777.0,1745.5,1752.0,165747
2026-01-07,ACC Ltd,ACC.NS,1751.199951171875,1759.0,1747.5,1755.4000244140625,92042
2026-01-08,ACC Ltd,ACC.NS,1755.4000244140625,1755.4000244140625,1717.0,1723.4000244140625,139385
2026-01-09,ACC Ltd,ACC.NS,1723.4000244140625,1725.800048828125,1701.0,1703.199951171875,152899
2026-01-12,ACC Ltd,ACC.NS,1703.199951171875,1714.199951171875,1687.0,1706.699951171875,145178
2026-01-13,ACC Ltd,ACC.NS,1712.5999755859375,1729.5999755859375,1702.0,1707.300048828125,145199
2026-01-14,ACC Ltd,ACC.NS,1708.9000244140625,1729.0,1705.0,1728.0999755859375,102791
2026-01-15,ACC Ltd,ACC.NS,1728.0999755859375,1728.0999755859375,1728.0999755859375,1728.0999755859375,0
2026-01-16,ACC Ltd,ACC.NS,1729.9000244140625,1763.0,1712.5999755859375,1755.5999755859375,245388
2026-01-19,ACC Ltd,ACC.NS,1755.5,1755.5,1728.0,1733.699951171875,78984
2026-01-20,ACC Ltd,ACC.NS,1731.0999755859375,1743.4000244140625,1691.0999755859375,1696.800048828125,180990
2026-01-21,ACC Ltd,ACC.NS,1696.800048828125,1731.699951171875,1673.0999755859375,1716.699951171875,191606
2026-01-22,ACC Ltd,ACC.NS,1729.9000244140625,1738.0,1720.199951171875,1728.199951171875,93146
2026-01-23,ACC Ltd,ACC.NS,1728.199951171875,1729.0,1663.9000244140625,1669.0999755859375,291265
2026-01-27,ACC Ltd,ACC.NS,1699.0,1699.0,1668.800048828125,1687.9000244140625,160507
2026-01-28,ACC Ltd,ACC.NS,1688.0,1704.199951171875,1669.0999755859375,1684.300048828125,336420
2026-01-29,ACC Ltd,ACC.NS,1684.300048828125,1689.5,1668.0999755859375,1678.5,294451
2026-01-30,ACC Ltd,ACC.NS,1671.0,1679.0,1626.0999755859375,1636.9000244140625,227280
2026-02-02,ACC Ltd,ACC.NS,1620.800048828125,1645.5,1593.0,1636.0,192361
2026-02-03,ACC Ltd,ACC.NS,1667.699951171875,1688.4000244140625,1654.0999755859375,1668.9000244140625,243255
2026-02-04,ACC Ltd,ACC.NS,1668.9000244140625,1694.0,1656.0,1692.0999755859375,103704
2026-02-05,ACC Ltd,ACC.NS,1694.0,1694.0,1668.0,1676.199951171875,87906
2026-02-06,ACC Ltd,ACC.NS,1675.0,1689.5999755859375,1652.5,1667.4000244140625,124609
2026-02-09,ACC Ltd,ACC.NS,1671.9000244140625,1709.800048828125,1671.9000244140625,1706.0999755859375,131395
2026-02-10,ACC Ltd,ACC.NS,1710.0999755859375,1713.5,1689.0999755859375,1695.4000244140625,126437
2026-02-11,ACC Ltd,ACC.NS,1706.9000244140625,1706.9000244140625,1683.0,1698.0,92105
2026-02-12,ACC Ltd,ACC.NS,1703.9000244140625,1703.9000244140625,1665.5,1671.300048828125,117026
2026-02-13,ACC Ltd,ACC.NS,1667.9000244140625,1675.0,1632.0,1637.0999755859375,129132
2026-02-16,ACC Ltd,ACC.NS,1638.0,1648.9000244140625,1620.199951171875,1632.199951171875,146223
2026-02-17,ACC Ltd,ACC.NS,1633.0999755859375,1649.199951171875,1625.699951171875,1639.4000244140625,148310
2026-02-18,ACC Ltd,ACC.NS,1639.4000244140625,1648.800048828125,1630.0999755859375,1640.5999755859375,65970
2026-02-19,ACC Ltd,ACC.NS,1640.5999755859375,1646.800048828125,1611.0,1617.5999755859375,89225
2026-02-20,ACC Ltd,ACC.NS,1610.0,1625.800048828125,1602.0,1612.5999755859375,85754
2026-02-23,ACC Ltd,ACC.NS,1628.699951171875,1628.800048828125,1611.0,1618.800048828125,96024
2026-02-24,ACC Ltd,ACC.NS,1618.5,1624.4000244140625,1605.5999755859375,1619.0999755859375,87389
2026-02-25,ACC Ltd,ACC.NS,1620.199951171875,1631.5999755859375,1618.0,1623.9000244140625,99578
2026-02-26,ACC Ltd,ACC.NS,1628.0,1630.0,1610.0999755859375,1613.0999755859375,104053
2026-02-27,ACC Ltd,ACC.NS,1614.0,1617.199951171875,1585.0999755859375,1592.4000244140625,173456
2026-03-02,ACC Ltd,ACC.NS,1568.0,1576.0,1546.0999755859375,1553.199951171875,212450
2026-03-04,ACC Ltd,ACC.NS,1542.0,1545.5,1510.0,1529.699951171875,258447
2026-03-05,ACC Ltd,ACC.NS,1523.5999755859375,1528.4000244140625,1505.0999755859375,1523.5999755859375,165123
2026-03-06,ACC Ltd,ACC.NS,1514.0,1535.0,1499.0,1501.199951171875,259409
2026-03-09,ACC Ltd,ACC.NS,1476.0,1476.0,1435.699951171875,1450.5,239746
2026-03-10,ACC Ltd,ACC.NS,1463.300048828125,1482.199951171875,1447.199951171875,1474.0,212739
2026-03-11,ACC Ltd,ACC.NS,1481.0,1497.4000244140625,1452.699951171875,1456.4000244140625,205801
2026-03-12,ACC Ltd,ACC.NS,1455.699951171875,1455.699951171875,1425.199951171875,1433.4000244140625,258116
2026-03-13,ACC Ltd,ACC.NS,1430.0,1430.0999755859375,1360.0,1376.4000244140625,418777
2026-03-16,ACC Ltd,ACC.NS,1377.0,1386.0999755859375,1361.800048828125,1373.199951171875,278403
2026-03-17,ACC Ltd,ACC.NS,1380.0,1391.0999755859375,1368.5,1385.0,247661
2026-03-18,ACC Ltd,ACC.NS,1385.0999755859375,1409.5,1376.4000244140625,1405.199951171875,201573
2026-03-19,ACC Ltd,ACC.NS,1390.0,1396.5,1349.0999755859375,1352.9000244140625,294292
2026-03-20,ACC Ltd,ACC.NS,1362.0,1390.0,1358.5999755859375,1381.4000244140625,380815
2026-03-23,ACC Ltd,ACC.NS,1374.9000244140625,1374.9000244140625,1320.0,1329.800048828125,413599
2026-03-24,ACC Ltd,ACC.NS,1356.5,1357.9000244140625,1319.5,1334.300048828125,249566
2026-03-25,ACC Ltd,ACC.NS,1340.0,1383.300048828125,1340.0,1367.9000244140625,254138
2026-03-27,ACC Ltd,ACC.NS,1367.9000244140625,1367.9000244140625,1305.0,1314.4000244140625,480450
2026-03-30,ACC Ltd,ACC.NS,1305.0999755859375,1306.5,1251.699951171875,1254.5999755859375,496998
2026-04-01,ACC Ltd,ACC.NS,1280.0999755859375,1331.9000244140625,1280.0999755859375,1327.9000244140625,208873
2026-04-02,ACC Ltd,ACC.NS,1311.0,1329.0,1289.699951171875,1325.9000244140625,190185
2026-04-06,ACC Ltd,ACC.NS,1325.9000244140625,1369.9000244140625,1310.0999755859375,1362.0999755859375,148242
2026-04-07,ACC Ltd,ACC.NS,1357.9000244140625,1358.5999755859375,1333.0999755859375,1340.0,127358
2026-04-08,ACC Ltd,ACC.NS,1376.0,1451.0,1376.0,1411.0,312369
2026-04-09,ACC Ltd,ACC.NS,1409.800048828125,1409.800048828125,1380.0,1391.9000244140625,192918
2026-04-10,ACC Ltd,ACC.NS,1398.699951171875,1430.0,1395.5999755859375,1424.5999755859375,186253
2026-04-13,ACC Ltd,ACC.NS,1408.199951171875,1414.0,1367.0999755859375,1410.5,330446
2026-04-15,ACC Ltd,ACC.NS,1429.0,1446.699951171875,1422.4000244140625,1431.199951171875,267004
2026-04-16,ACC Ltd,ACC.NS,1434.9000244140625,1447.0999755859375,1425.199951171875,1442.800048828125,196798
2026-04-17,ACC Ltd,ACC.NS,1446.0,1449.9000244140625,1428.199951171875,1432.199951171875,497877
2026-04-20,ACC Ltd,ACC.NS,1435.0,1444.800048828125,1413.0,1428.800048828125,222508
2026-04-21,ACC Ltd,ACC.NS,1429.0,1444.800048828125,1425.0,1438.0,116234
2026-04-22,ACC Ltd,ACC.NS,1437.0,1455.0,1424.4000244140625,1446.4000244140625,212480
2026-04-23,ACC Ltd,ACC.NS,1439.0,1439.699951171875,1420.0,1423.0999755859375,128954
2026-04-24,ACC Ltd,ACC.NS,1423.0,1429.0,1398.800048828125,1412.699951171875,173032
2026-04-27,ACC Ltd,ACC.NS,1418.0,1459.5999755859375,1416.4000244140625,1439.800048828125,274971
2026-04-28,ACC Ltd,ACC.NS,1441.9000244140625,1443.0,1432.0,1439.300048828125,123384
2026-04-29,ACC Ltd,ACC.NS,1447.9000244140625,1457.5,1433.300048828125,1436.5999755859375,137892
2026-04-30,ACC Ltd,ACC.NS,1438.0,1438.0,1406.0,1422.0999755859375,174028
2026-05-01,ACC Ltd,ACC.NS,1422.0999755859375,1422.0999755859375,1422.0999755859375,1422.0999755859375,0
2026-05-04,ACC Ltd,ACC.NS,1412.0999755859375,1436.5,1391.0,1398.199951171875,509584
2026-05-05,ACC Ltd,ACC.NS,1396.0999755859375,1396.0999755859375,1375.0999755859375,1392.5999755859375,316020
2026-05-06,ACC Ltd,ACC.NS,1397.5999755859375,1425.9000244140625,1392.0999755859375,1414.0,159515
2026-05-07,ACC Ltd,ACC.NS,1421.5999755859375,1435.0,1409.199951171875,1414.5999755859375,189832
2026-05-08,ACC Ltd,ACC.NS,1416.800048828125,1432.9000244140625,1387.699951171875,1391.9000244140625,507255
2026-05-11,ACC Ltd,ACC.NS,1385.0,1390.0,1340.4000244140625,1357.9000244140625,939282
2026-05-12,ACC Ltd,ACC.NS,1354.0,1370.0,1340.0,1347.0,336085
2026-05-13,ACC Ltd,ACC.NS,1347.4000244140625,1372.5,1341.800048828125,1366.4000244140625,195955
2026-05-14,ACC Ltd,ACC.NS,1369.800048828125,1387.5,1357.199951171875,1378.199951171875,125220
2026-05-15,ACC Ltd,ACC.NS,1386.0,1398.800048828125,1356.4000244140625,1362.800048828125,116644
2026-05-18,ACC Ltd,ACC.NS,1359.0999755859375,1364.300048828125,1332.0,1359.5999755859375,346093
2026-05-19,ACC Ltd,ACC.NS,1367.5,1373.0999755859375,1353.300048828125,1359.300048828125,111606
2026-05-20,ACC Ltd,ACC.NS,1353.800048828125,1353.800048828125,1343.0,1351.5999755859375,95705
2026-05-21,ACC Ltd,ACC.NS,1358.0,1365.0,1354.699951171875,1360.800048828125,119454
2026-05-22,ACC Ltd,ACC.NS,1362.800048828125,1370.4000244140625,1357.0999755859375,1360.0,141070
2026-05-25,ACC Ltd,ACC.NS,1368.9000244140625,1394.0999755859375,1365.699951171875,1382.300048828125,184811
2026-05-26,ACC Ltd,ACC.NS,1385.0,1420.300048828125,1381.4000244140625,1412.5999755859375,189369
2026-05-27,ACC Ltd,ACC.NS,1415.0,1429.9000244140625,1397.800048828125,1426.5999755859375,206555
2026-05-28,ACC Ltd,ACC.NS,1426.5999755859375,1426.5999755859375,1426.5999755859375,1426.5999755859375,0
2026-05-29,ACC Ltd,ACC.NS,1430.0,1433.5,1388.0,1399.300048828125,195857
2026-06-01,ACC Ltd,ACC.NS,1404.300048828125,1409.0,1354.199951171875,1360.0,161855
2026-06-02,ACC Ltd,ACC.NS,1363.699951171875,1374.4000244140625,1342.300048828125,1369.9000244140625,138561
2026-06-03,ACC Ltd,ACC.NS,1377.9000244140625,1377.9000244140625,1346.0,1350.9000244140625,142891
2026-06-04,ACC Ltd,ACC.NS,1347.0,1356.4000244140625,1342.9000244140625,1350.800048828125,163492
2026-06-05,ACC Ltd,ACC.NS,1365.0,1373.5999755859375,1323.0,1329.800048828125,433023
2026-06-08,ACC Ltd,ACC.NS,1320.0,1335.699951171875,1312.199951171875,1319.699951171875,211383
2026-06-09,ACC Ltd,ACC.NS,1322.0999755859375,1330.4000244140625,1311.0999755859375,1324.699951171875,150356
2026-06-10,ACC Ltd,ACC.NS,1321.699951171875,1324.699951171875,1311.0,1316.199951171875,253241
2026-06-11,ACC Ltd,ACC.NS,1313.0999755859375,1313.0999755859375,1297.0,1303.699951171875,211581
2026-06-12,ACC Ltd,ACC.NS,1309.9000244140625,1343.800048828125,1308.199951171875,1336.5999755859375,206123
2026-06-15,ACC Ltd,ACC.NS,1360.0,1374.300048828125,1351.800048828125,1356.4000244140625,154002
2026-06-16,ACC Ltd,ACC.NS,1360.0,1361.300048828125,1345.0,1349.0,94705
2026-06-17,ACC Ltd,ACC.NS,1358.199951171875,1358.5999755859375,1342.699951171875,1350.0,68161
2026-06-18,ACC Ltd,ACC.NS,1354.9000244140625,1369.800048828125,1346.0,1358.9000244140625,175498
2026-06-19,ACC Ltd,ACC.NS,1364.0,1364.0,1340.0,1343.300048828125,169169
2026-06-22,ACC Ltd,ACC.NS,1350.0,1352.5999755859375,1345.0,1349.800048828125,102582
2026-06-23,ACC Ltd,ACC.NS,1354.9000244140625,1355.9000244140625,1325.5,1329.4000244140625,153185
2026-06-24,ACC Ltd,ACC.NS,1330.0,1351.9000244140625,1325.0999755859375,1347.0,266419
2026-06-25,ACC Ltd,ACC.NS,1351.0,1367.5999755859375,1332.699951171875,1337.9000244140625,190184
2026-06-26,ACC Ltd,ACC.NS,1337.9000244140625,1337.9000244140625,1337.9000244140625,1337.9000244140625,0
2026-06-29,ACC Ltd,ACC.NS,1322.5999755859375,1346.5,1322.5999755859375,1333.4000244140625,112756
2026-06-30,ACC Ltd,ACC.NS,1333.9000244140625,1334.5999755859375,1322.0,1327.199951171875,257423
2026-07-01,ACC Ltd,ACC.NS,1329.0,1336.5999755859375,1323.0,1332.199951171875,71324
2026-07-02,ACC Ltd,ACC.NS,1336.0,1363.0,1335.300048828125,1350.699951171875,160173
2026-07-03,ACC Ltd,ACC.NS,1355.0,1395.4000244140625,1355.0,1393.800048828125,332973
2026-07-06,ACC Ltd,ACC.NS,1400.4000244140625,1405.0,1388.0999755859375,1397.0999755859375,118131
2026-07-07,ACC Ltd,ACC.NS,1404.5,1404.800048828125,1380.0,1384.4000244140625,92854
2026-07-08,ACC Ltd,ACC.NS,1380.0,1380.0,1332.0,1335.0999755859375,136351
2026-07-09,ACC Ltd,ACC.NS,1335.0999755859375,1368.199951171875,1335.0999755859375,1362.199951171875,108220
2026-07-10,ACC Ltd,ACC.NS,1368.199951171875,1395.9000244140625,1366.199951171875,1384.5,120063
2026-07-13,ACC Ltd,ACC.NS,1369.0999755859375,1381.0,1354.5,1378.800048828125,70486
2026-07-14,ACC Ltd,ACC.NS,1374.800048828125,1381.0,1357.800048828125,1361.9000244140625,77359
2026-07-15,ACC Ltd,ACC.NS,1372.0,1394.0,1360.699951171875,1383.199951171875,156374
2026-07-16,ACC Ltd,ACC.NS,1390.0,1393.199951171875,1370.199951171875,1373.300048828125,122081
2026-07-17,ACC Ltd,ACC.NS,1373.300048828125,1379.9000244140625,1358.199951171875,1377.699951171875,146288
2026-07-20,ACC Ltd,ACC.NS,1375.0,1393.199951171875,1361.0,1381.4000244140625,192858
2026-07-21,ACC Ltd,ACC.NS,1381.0999755859375,1395.699951171875,1378.0999755859375,1387.800048828125,230169
2026-07-22,ACC Ltd,ACC.NS,1388.800048828125,1388.800048828125,1356.0,1359.0,104453
2026-07-23,ACC Ltd,ACC.NS,1354.199951171875,1358.0,1331.699951171875,1333.9000244140625,136931
2026-07-24,ACC Ltd,ACC.NS,1329.0,1354.699951171875,1312.0,1340.9000244140625,470047
2026-07-27,ACC Ltd,ACC.NS,1343.0,1365.0,1332.0,1358.0999755859375,206361
2026-07-28,ACC Ltd,ACC.NS,1362.0,1369.9000244140625,1328.5999755859375,1341.800048828125,286234
2026-07-29,ACC Ltd,ACC.NS,1332.4000244140625,1387.699951171875,1331.800048828125,1370.800048828125,300540
2026-07-30,ACC Ltd,ACC.NS,1370.800048828125,1370.800048828125,1345.300048828125,1356.5,166715
2026-07-31,ACC Ltd,ACC.NS,1359.0,1373.699951171875,1351.0,1357.4000244140625,136288
2026-08-03,ACC Ltd,ACC.NS,1374.0,1400.9000244140625,1360.0,1398.0,427582
2026-08-04,ACC Ltd,ACC.NS,1404.9000244140625,1404.9000244140625,1380.0,1384.699951171875,261992
2026-08-05,ACC Ltd,ACC.NS,1393.699951171875,1413.9000244140625,1386.0,1394.0,303843
2026-08-06,ACC Ltd,ACC.NS,1399.5,1399.800048828125,1370.0999755859375,1378.4000244140625,161060
2026-08-07,ACC Ltd,ACC.NS,1370.0,1373.9000244140625,1360.0,1362.800048828125,160343
2026-08-10,ACC Ltd,ACC.NS,1366.0,1367.9000244140625,1354.0,1357.5999755859375,157314
2026-08-11,ACC Ltd,ACC.NS,1362.0,1362.0,1338.0,1339.800048828125,132670
2026-08-12,ACC Ltd,ACC.NS,1349.0,1349.0,1324.0,1332.800048828125,137292
2026-08-13,ACC Ltd,ACC.NS,1334.0,1341.4000244140625,1323.0,1324.699951171875,100192
2026-08-14,ACC Ltd,ACC.NS,1332.0,1332.0,1319.0,1321.4000244140625,99400
2026-08-17,ACC Ltd,ACC.NS,1319.0,1321.5,1300.699951171875,1316.5999755859375,129837
2026-08-18,ACC Ltd,ACC.NS,1317.0,1319.199951171875,1301.0999755859375,1303.800048828125,116554
2026-08-19,ACC Ltd,ACC.NS,1310.300048828125,1310.300048828125,1286.0,1288.699951171875,129546
2026-08-20,ACC Ltd,ACC.NS,1294.800048828125,1312.0999755859375,1292.300048828125,1301.0999755859375,97797
2026-08-21,ACC Ltd,ACC.NS,1304.5999755859375,1322.699951171875,1299.0,1307.4000244140625,119003
2026-08-24,ACC Ltd,ACC.NS,1307.800048828125,1313.5,1297.0,1300.9000244140625,88400
2026-08-25,ACC Ltd,ACC.NS,1301.0999755859375,1310.0,1291.0,1305.9000244140625,73952
2026-08-26,ACC Ltd,ACC.NS,1307.300048828125,1338.0999755859375,1307.300048828125,1331.699951171875,179602
2026-08-27,ACC Ltd,ACC.NS,1330.0,1335.0,1310.0,1310.5999755859375,67738
2026-08-28,ACC Ltd,ACC.NS,1314.0,1314.0,1303.0,1306.4000244140625,65574
2026-08-31,ACC Ltd,ACC.NS,1304.0,1304.0,1270.0,1276.5,274811
2026-09-01,ACC Ltd,ACC.NS,1287.9000244140625,1288.4000244140625,1270.9000244140625,1272.300048828125,98545
2026-09-02,ACC Ltd,ACC.NS,1271.0,1272.199951171875,1252.9000244140625,1266.5999755859375,146429
2026-09-03,ACC Ltd,ACC.NS,1269.0,1280.0,1268.0,1272.0,93466
2026-09-04,ACC Ltd,ACC.NS,1277.0,1289.300048828125,1272.0,1283.800048828125,101446
2026-09-07,ACC Ltd,ACC.NS,1287.0,1288.5,1265.5,1268.699951171875,90302
2026-09-08,ACC Ltd,ACC.NS,1267.9000244140625,1268.0,1255.699951171875,1262.800048828125,116620
2026-09-09,ACC Ltd,ACC.NS,1260.0,1272.0,1255.0999755859375,1257.699951171875,122510
2026-09-10,ACC Ltd,ACC.NS,1259.199951171875,1260.300048828125,1250.0999755859375,1254.300048828125,110068
2026-09-11,ACC Ltd,ACC.NS,1251.4000244140625,1251.699951171875,1230.5999755859375,1246.5,111729
2026-09-14,ACC Ltd,ACC.NS,1246.5,1246.5,1246.5,1246.5,0
2026-09-15,ACC Ltd,ACC.NS,1234.9000244140625,1280.300048828125,1219.5999755859375,1225.199951171875,205903
2026-09-16,ACC Ltd,ACC.NS,1233.0,1235.0,1219.0999755859375,1226.5999755859375,85875
2026-09-17,ACC Ltd,ACC.NS,1226.800048828125,1240.4000244140625,1225.0,1232.5,67608
2026-09-18,ACC Ltd,ACC.NS,1236.5999755859375,1279.9000244140625,1236.5999755859375,1259.699951171875,386560
2026-09-21,ACC Ltd,ACC.NS,1260.0,1272.0,1251.0,1256.300048828125,66808
2026-09-22,ACC Ltd,ACC.NS,1256.5,1260.0,1234.800048828125,1238.199951171875,79866
2026-09-23,ACC Ltd,ACC.NS,1242.5999755859375,1254.5999755859375,1240.5,1251.4000244140625,53120
2026-09-24,ACC Ltd,ACC.NS,1247.0,1247.0999755859375,1230.5,1236.0999755859375,89640
2026-09-25,ACC Ltd,ACC.NS,1236.0999755859375,1239.800048828125,1230.5,1236.4000244140625,45301
2026-09-28,ACC Ltd,ACC.NS,1236.0,1236.4000244140625,1210.800048828125,1213.5,151619
2026-09-29,ACC Ltd,ACC.NS,1215.5,1224.5,1188.0999755859375,1202.5999755859375,731645
2026-09-30,ACC Ltd,ACC.NS,1205.0,1224.0,1200.800048828125,1204.0999755859375,63787
2026-10-01,ACC Ltd,ACC.NS,1201.0999755859375,1203.9000244140625,1166.0999755859375,1182.800048828125,146983
2025-10-03,Asian Paints Ltd,ASIANPAINT.NS,2342.199951171875,2362.699951171875,2336.10009765625,2357.800048828125,659872
2025-10-06,Asian Paints Ltd,ASIANPAINT.NS,2355.0,2359.199951171875,2334.10009765625,2354.800048828125,362107
2025-10-07,Asian Paints Ltd,ASIANPAINT.NS,2355.0,2371.39990234375,2346.0,2352.800048828125,498524
2025-10-08,Asian Paints Ltd,ASIANPAINT.NS,2360.0,2369.39990234375,2320.0,2328.5,701799
2025-10-09,Asian Paints Ltd,ASIANPAINT.NS,2328.5,2341.0,2323.800048828125,2336.39990234375,587567
2025-10-10,Asian Paints Ltd,ASIANPAINT.NS,2338.89990234375,2357.800048828125,2336.60009765625,2340.199951171875,1117236
2025-10-13,Asian Paints Ltd,ASIANPAINT.NS,2340.199951171875,2366.60009765625,2337.0,2342.5,667732
2025-10-14,Asian Paints Ltd,ASIANPAINT.NS,2342.39990234375,2355.0,2308.0,2318.10009765625,353345
2025-10-15,Asian Paints Ltd,ASIANPAINT.NS,2330.0,2384.0,2325.0,2375.10009765625,753640
2025-10-16,Asian Paints Ltd,ASIANPAINT.NS,2377.0,2420.800048828125,2366.89990234375,2409.699951171875,715890
2025-10-17,Asian Paints Ltd,ASIANPAINT.NS,2421.0,2544.0,2421.0,2507.800048828125,3719960
2025-10-20,Asian Paints Ltd,ASIANPAINT.NS,2507.800048828125,2537.10009765625,2500.699951171875,2516.0,714986
2025-10-21,Asian Paints Ltd,ASIANPAINT.NS,2513.0,2519.199951171875,2484.0,2504.60009765625,107942
2025-10-23,Asian Paints Ltd,ASIANPAINT.NS,2518.89990234375,2546.0,2496.800048828125,2502.39990234375,811738
2025-10-24,Asian Paints Ltd,ASIANPAINT.NS,2495.0,2506.699951171875,2486.300048828125,2501.60009765625,327596
2025-10-27,Asian Paints Ltd,ASIANPAINT.NS,2501.60009765625,2530.0,2499.60009765625,2518.800048828125,550089
2025-10-28,Asian Paints Ltd,ASIANPAINT.NS,2515.0,2528.60009765625,2492.0,2509.300048828125,1103957
2025-10-29,Asian Paints Ltd,ASIANPAINT.NS,2520.0,2550.800048828125,2512.5,2538.699951171875,615292
2025-10-30,Asian Paints Ltd,ASIANPAINT.NS,2535.5,2538.699951171875,2513.300048828125,2523.5,736486
2025-10-31,Asian Paints Ltd,ASIANPAINT.NS,2523.39990234375,2530.0,2505.300048828125,2510.800048828125,609128
2025-11-03,Asian Paints Ltd,ASIANPAINT.NS,2496.199951171875,2515.300048828125,2495.0,2512.199951171875,425210
2025-11-04,Asian Paints Ltd,ASIANPAINT.NS,2510.0,2521.0,2479.699951171875,2486.699951171875,527087
2025-11-06,Asian Paints Ltd,ASIANPAINT.NS,2560.10009765625,2631.0,2560.10009765625,2602.89990234375,4448622
2025-11-07,Asian Paints Ltd,ASIANPAINT.NS,2602.89990234375,2618.89990234375,2585.0,2613.800048828125,791663
2025-11-10,Asian Paints Ltd,ASIANPAINT.NS,2613.800048828125,2666.800048828125,2611.10009765625,2650.39990234375,1706880
2025-11-11,Asian Paints Ltd,ASIANPAINT.NS,2650.39990234375,2664.89990234375,2633.39990234375,2657.199951171875,776404
2025-11-12,Asian Paints Ltd,ASIANPAINT.NS,2660.0,2838.699951171875,2642.10009765625,2769.800048828125,2859196
2025-11-13,Asian Paints Ltd,ASIANPAINT.NS,2858.89990234375,2897.10009765625,2840.0,2879.39990234375,5933630
2025-11-14,Asian Paints Ltd,ASIANPAINT.NS,2865.10009765625,2909.89990234375,2862.0,2906.39990234375,2494076
2025-11-17,Asian Paints Ltd,ASIANPAINT.NS,2906.39990234375,2926.89990234375,2880.0,2887.89990234375,1230683
2025-11-18,Asian Paints Ltd,ASIANPAINT.NS,2886.0,2916.0,2862.10009765625,2906.0,1819066
2025-11-19,Asian Paints Ltd,ASIANPAINT.NS,2914.0,2916.0,2887.199951171875,2893.699951171875,1387906
2025-11-20,Asian Paints Ltd,ASIANPAINT.NS,2897.39990234375,2906.10009765625,2852.5,2859.800048828125,1062883
2025-11-21,Asian Paints Ltd,ASIANPAINT.NS,2869.0,2895.60009765625,2854.10009765625,2876.60009765625,857340
2025-11-24,Asian Paints Ltd,ASIANPAINT.NS,2876.0,2896.5,2864.5,2879.199951171875,5404326
2025-11-25,Asian Paints Ltd,ASIANPAINT.NS,2899.89990234375,2908.5,2869.0,2875.800048828125,972417
2025-11-26,Asian Paints Ltd,ASIANPAINT.NS,2880.0,2896.199951171875,2857.60009765625,2874.0,570376
2025-11-27,Asian Paints Ltd,ASIANPAINT.NS,2880.0,2914.5,2871.39990234375,2879.10009765625,1158685
2025-11-28,Asian Paints Ltd,ASIANPAINT.NS,2880.0,2889.89990234375,2855.800048828125,2874.39990234375,748446
2025-12-01,Asian Paints Ltd,ASIANPAINT.NS,2877.699951171875,2887.5,2848.0,2867.60009765625,499153
2025-12-02,Asian Paints Ltd,ASIANPAINT.NS,2867.0,2962.0,2861.199951171875,2954.39990234375,2102147
2025-12-03,Asian Paints Ltd,ASIANPAINT.NS,2969.0,2969.199951171875,2932.60009765625,2953.5,1252456
2025-12-04,Asian Paints Ltd,ASIANPAINT.NS,2950.0,2985.699951171875,2934.0,2957.199951171875,1466098
2025-12-05,Asian Paints Ltd,ASIANPAINT.NS,2955.0,2973.5,2941.0,2968.5,944978
2025-12-08,Asian Paints Ltd,ASIANPAINT.NS,2970.0,2974.5,2914.800048828125,2928.300048828125,983544
2025-12-09,Asian Paints Ltd,ASIANPAINT.NS,2910.0,2913.5,2788.5,2796.0,1839391
2025-12-10,Asian Paints Ltd,ASIANPAINT.NS,2810.0,2824.0,2796.699951171875,2804.5,845073
2025-12-11,Asian Paints Ltd,ASIANPAINT.NS,2800.0,2811.60009765625,2763.199951171875,2779.39990234375,777422
2025-12-12,Asian Paints Ltd,ASIANPAINT.NS,2795.0,2797.0,2746.0,2764.800048828125,977696
2025-12-15,Asian Paints Ltd,ASIANPAINT.NS,2773.10009765625,2802.0,2758.699951171875,2780.199951171875,1029674
2025-12-16,Asian Paints Ltd,ASIANPAINT.NS,2793.0,2808.0,2776.10009765625,2790.89990234375,916244
2025-12-17,Asian Paints Ltd,ASIANPAINT.NS,2800.0,2806.5,2772.0,2785.699951171875,636499
2025-12-18,Asian Paints Ltd,ASIANPAINT.NS,2780.0,2793.800048828125,2755.300048828125,2759.699951171875,417994
2025-12-19,Asian Paints Ltd,ASIANPAINT.NS,2766.39990234375,2812.39990234375,2759.699951171875,2799.89990234375,3895542
2025-12-22,Asian Paints Ltd,ASIANPAINT.NS,2785.800048828125,2823.10009765625,2780.300048828125,2807.60009765625,463953
2025-12-23,Asian Paints Ltd,ASIANPAINT.NS,2798.0,2819.0,2783.10009765625,2807.800048828125,431068
2025-12-24,Asian Paints Ltd,ASIANPAINT.NS,2807.800048828125,2824.699951171875,2782.0,2785.5,512144
2025-12-26,Asian Paints Ltd,ASIANPAINT.NS,2785.0,2794.39990234375,2743.0,2746.5,532078
2025-12-29,Asian Paints Ltd,ASIANPAINT.NS,2746.5,2793.800048828125,2735.0,2775.39990234375,815529
2025-12-30,Asian Paints Ltd,ASIANPAINT.NS,2770.300048828125,2792.39990234375,2741.0,2758.300048828125,4833527
2025-12-31,Asian Paints Ltd,ASIANPAINT.NS,2755.0,2796.800048828125,2754.89990234375,2769.5,1274705
2026-01-01,Asian Paints Ltd,ASIANPAINT.NS,2775.89990234375,2782.699951171875,2746.10009765625,2752.0,327945
2026-01-02,Asian Paints Ltd,ASIANPAINT.NS,2755.800048828125,2799.0,2755.800048828125,2772.60009765625,508884
2026-01-05,Asian Paints Ltd,ASIANPAINT.NS,2770.0,2828.0,2769.0,2815.60009765625,866733
2026-01-06,Asian Paints Ltd,ASIANPAINT.NS,2820.0,2848.39990234375,2811.60009765625,2845.800048828125,875891
2026-01-07,Asian Paints Ltd,ASIANPAINT.NS,2845.800048828125,2854.699951171875,2801.10009765625,2809.39990234375,636748
2026-01-08,Asian Paints Ltd,ASIANPAINT.NS,2795.0,2804.699951171875,2770.10009765625,2786.5,620031
2026-01-09,Asian Paints Ltd,ASIANPAINT.NS,2789.89990234375,2856.699951171875,2786.199951171875,2825.5,1657381
2026-01-12,Asian Paints Ltd,ASIANPAINT.NS,2826.0,2900.0,2808.0,2896.39990234375,1743901
2026-01-13,Asian Paints Ltd,ASIANPAINT.NS,2900.0,2914.5,2870.800048828125,2886.300048828125,1051986
2026-01-14,Asian Paints Ltd,ASIANPAINT.NS,2884.0,2884.0,2807.300048828125,2813.89990234375,958254
2026-01-15,Asian Paints Ltd,ASIANPAINT.NS,2813.89990234375,2813.89990234375,2813.89990234375,2813.89990234375,0
2026-01-16,Asian Paints Ltd,ASIANPAINT.NS,2787.89990234375,2826.5,2750.5,2756.89990234375,1143463
2026-01-19,Asian Paints Ltd,ASIANPAINT.NS,2756.89990234375,2786.300048828125,2724.699951171875,2754.0,1342048
2026-01-20,Asian Paints Ltd,ASIANPAINT.NS,2740.0,2740.10009765625,2669.300048828125,2675.60009765625,911151
2026-01-21,Asian Paints Ltd,ASIANPAINT.NS,2670.0,2688.0,2648.0,2661.10009765625,914318
2026-01-22,Asian Paints Ltd,ASIANPAINT.NS,2665.300048828125,2729.89990234375,2665.300048828125,2703.800048828125,1290346
2026-01-23,Asian Paints Ltd,ASIANPAINT.NS,2703.800048828125,2782.89990234375,2690.800048828125,2703.699951171875,1786635
2026-01-27,Asian Paints Ltd,ASIANPAINT.NS,2719.89990234375,2734.699951171875,2546.0,2622.800048828125,3818761
2026-01-28,Asian Paints Ltd,ASIANPAINT.NS,2535.0,2548.5,2451.0,2511.800048828125,3430002
2026-01-29,Asian Paints Ltd,ASIANPAINT.NS,2511.800048828125,2514.89990234375,2410.0,2416.0,3488159
2026-01-30,Asian Paints Ltd,ASIANPAINT.NS,2417.0,2445.0,2400.5,2428.300048828125,2048843
2026-02-02,Asian Paints Ltd,ASIANPAINT.NS,2374.89990234375,2429.5,2372.0,2402.0,1183482
2026-02-03,Asian Paints Ltd,ASIANPAINT.NS,2525.0,2525.0,2391.0,2426.0,2233860
2026-02-04,Asian Paints Ltd,ASIANPAINT.NS,2430.0,2463.800048828125,2417.10009765625,2452.699951171875,970973
2026-02-05,Asian Paints Ltd,ASIANPAINT.NS,2445.0,2455.800048828125,2402.60009765625,2432.10009765625,1047405
2026-02-06,Asian Paints Ltd,ASIANPAINT.NS,2432.0,2444.0,2386.10009765625,2401.10009765625,1043982
2026-02-09,Asian Paints Ltd,ASIANPAINT.NS,2404.0,2426.199951171875,2396.800048828125,2417.39990234375,669839
2026-02-10,Asian Paints Ltd,ASIANPAINT.NS,2419.0,2420.0,2386.89990234375,2393.60009765625,1513620
2026-02-11,Asian Paints Ltd,ASIANPAINT.NS,2399.0,2405.699951171875,2376.300048828125,2392.5,3177710
2026-02-12,Asian Paints Ltd,ASIANPAINT.NS,2398.0,2413.89990234375,2377.0,2410.5,607767
2026-02-13,Asian Paints Ltd,ASIANPAINT.NS,2408.89990234375,2411.800048828125,2360.10009765625,2366.39990234375,675635
2026-02-16,Asian Paints Ltd,ASIANPAINT.NS,2360.0,2405.10009765625,2356.800048828125,2397.199951171875,683108
2026-02-17,Asian Paints Ltd,ASIANPAINT.NS,2399.5,2452.39990234375,2399.5,2437.39990234375,1004356
2026-02-18,Asian Paints Ltd,ASIANPAINT.NS,2440.0,2448.199951171875,2416.5,2432.10009765625,551809
2026-02-19,Asian Paints Ltd,ASIANPAINT.NS,2420.0,2428.0,2391.10009765625,2400.800048828125,971600
2026-02-20,Asian Paints Ltd,ASIANPAINT.NS,2378.199951171875,2435.699951171875,2376.10009765625,2428.10009765625,790329
2026-02-23,Asian Paints Ltd,ASIANPAINT.NS,2424.699951171875,2446.60009765625,2411.5,2429.699951171875,634365
2026-02-24,Asian Paints Ltd,ASIANPAINT.NS,2413.0,2441.5,2403.699951171875,2413.10009765625,499660
2026-02-25,Asian Paints Ltd,ASIANPAINT.NS,2416.0,2427.89990234375,2400.0,2416.39990234375,526764
2026-02-26,Asian Paints Ltd,ASIANPAINT.NS,2416.10009765625,2422.199951171875,2382.0,2394.89990234375,588742
2026-02-27,Asian Paints Ltd,ASIANPAINT.NS,2385.0,2397.60009765625,2359.0,2376.199951171875,2531619
2026-03-02,Asian Paints Ltd,ASIANPAINT.NS,2300.0,2337.89990234375,2283.5,2307.10009765625,2528308
2026-03-04,Asian Paints Ltd,ASIANPAINT.NS,2260.699951171875,2290.89990234375,2216.300048828125,2285.199951171875,1610358
2026-03-05,Asian Paints Ltd,ASIANPAINT.NS,2285.199951171875,2313.0,2253.699951171875,2287.800048828125,925040
2026-03-06,Asian Paints Ltd,ASIANPAINT.NS,2261.699951171875,2307.89990234375,2253.699951171875,2279.5,979742
2026-03-09,Asian Paints Ltd,ASIANPAINT.NS,2200.0,2230.0,2162.60009765625,2220.800048828125,2198153
2026-03-10,Asian Paints Ltd,ASIANPAINT.NS,2251.60009765625,2305.10009765625,2251.60009765625,2280.39990234375,1192174
2026-03-11,Asian Paints Ltd,ASIANPAINT.NS,2290.0,2302.0,2226.0,2232.0,687786
2026-03-12,Asian Paints Ltd,ASIANPAINT.NS,2208.0,2249.89990234375,2201.0,2221.199951171875,1384055
2026-03-13,Asian Paints Ltd,ASIANPAINT.NS,2204.699951171875,2219.699951171875,2190.0,2196.800048828125,949233
2026-03-16,Asian Paints Ltd,ASIANPAINT.NS,2185.39990234375,2227.800048828125,2175.10009765625,2217.699951171875,1111587
2026-03-17,Asian Paints Ltd,ASIANPAINT.NS,2217.699951171875,2261.5,2217.199951171875,2238.199951171875,875461
2026-03-18,Asian Paints Ltd,ASIANPAINT.NS,2235.10009765625,2270.39990234375,2228.60009765625,2262.10009765625,844912
2026-03-19,Asian Paints Ltd,ASIANPAINT.NS,2220.0,2239.0,2180.60009765625,2186.0,889334
2026-03-20,Asian Paints Ltd,ASIANPAINT.NS,2210.89990234375,2224.5,2185.0,2195.39990234375,875920
2026-03-23,Asian Paints Ltd,ASIANPAINT.NS,2180.0,2180.0,2115.0,2121.300048828125,978398
2026-03-24,Asian Paints Ltd,ASIANPAINT.NS,2184.0,2224.5,2153.300048828125,2217.300048828125,1561016
2026-03-25,Asian Paints Ltd,ASIANPAINT.NS,2225.10009765625,2289.699951171875,2222.0,2270.199951171875,1270855
2026-03-27,Asian Paints Ltd,ASIANPAINT.NS,2246.300048828125,2269.0,2201.10009765625,2207.39990234375,1089010
2026-03-30,Asian Paints Ltd,ASIANPAINT.NS,2185.300048828125,2202.89990234375,2151.0,2165.199951171875,1513565
2026-04-01,Asian Paints Ltd,ASIANPAINT.NS,2224.800048828125,2246.60009765625,2198.39990234375,2225.800048828125,1209900
2026-04-02,Asian Paints Ltd,ASIANPAINT.NS,2185.0,2185.10009765625,2142.39990234375,2169.0,1854061
2026-04-06,Asian Paints Ltd,ASIANPAINT.NS,2169.0,2193.199951171875,2145.89990234375,2184.300048828125,2048228
2026-04-07,Asian Paints Ltd,ASIANPAINT.NS,2167.699951171875,2198.699951171875,2145.0,2186.199951171875,1793007
2026-04-08,Asian Paints Ltd,ASIANPAINT.NS,2284.5,2336.89990234375,2245.199951171875,2282.39990234375,2914767
2026-04-09,Asian Paints Ltd,ASIANPAINT.NS,2275.0,2289.60009765625,2252.0,2269.60009765625,1980060
2026-04-10,Asian Paints Ltd,ASIANPAINT.NS,2267.699951171875,2376.89990234375,2267.699951171875,2360.699951171875,3018178
2026-04-13,Asian Paints Ltd,ASIANPAINT.NS,2279.89990234375,2362.5,2262.0,2352.39990234375,1734562
2026-04-15,Asian Paints Ltd,ASIANPAINT.NS,2400.5,2426.0,2381.0,2423.10009765625,1182431
2026-04-16,Asian Paints Ltd,ASIANPAINT.NS,2435.0,2446.60009765625,2411.60009765625,2440.300048828125,1496210
2026-04-17,Asian Paints Ltd,ASIANPAINT.NS,2425.0,2486.10009765625,2417.5,2464.0,1286575
2026-04-20,Asian Paints Ltd,ASIANPAINT.NS,2470.0,2523.800048828125,2456.5,2516.800048828125,1203157
2026-04-21,Asian Paints Ltd,ASIANPAINT.NS,2516.300048828125,2582.0,2513.699951171875,2543.60009765625,1681872
2026-04-22,Asian Paints Ltd,ASIANPAINT.NS,2500.0,2572.0,2500.0,2562.89990234375,1126584
2026-04-23,Asian Paints Ltd,ASIANPAINT.NS,2530.0,2541.699951171875,2510.0,2521.39990234375,1378614
2026-04-24,Asian Paints Ltd,ASIANPAINT.NS,2521.39990234375,2538.89990234375,2470.699951171875,2485.10009765625,436871
2026-04-27,Asian Paints Ltd,ASIANPAINT.NS,2503.0,2519.800048828125,2475.5,2485.199951171875,452134
2026-04-28,Asian Paints Ltd,ASIANPAINT.NS,2475.0,2499.0,2456.10009765625,2462.60009765625,556571
2026-04-29,Asian Paints Ltd,ASIANPAINT.NS,2469.89990234375,2477.89990234375,2438.60009765625,2447.300048828125,603585
2026-04-30,Asian Paints Ltd,ASIANPAINT.NS,2426.699951171875,2455.89990234375,2385.5,2444.5,823684
2026-05-01,Asian Paints Ltd,ASIANPAINT.NS,2444.5,2444.5,2444.5,2444.5,0
2026-05-04,Asian Paints Ltd,ASIANPAINT.NS,2460.0,2507.0,2442.300048828125,2448.10009765625,581159
2026-05-05,Asian Paints Ltd,ASIANPAINT.NS,2430.0,2454.89990234375,2415.0,2430.0,327682
2026-05-06,Asian Paints Ltd,ASIANPAINT.NS,2460.0,2529.0,2440.39990234375,2519.0,1395987
2026-05-07,Asian Paints Ltd,ASIANPAINT.NS,2534.60009765625,2555.800048828125,2511.300048828125,2530.60009765625,1053513
2026-05-08,Asian Paints Ltd,ASIANPAINT.NS,2540.0,2607.39990234375,2515.39990234375,2599.89990234375,2327900
2026-05-11,Asian Paints Ltd,ASIANPAINT.NS,2578.89990234375,2607.89990234375,2555.0,2566.10009765625,1271257
2026-05-12,Asian Paints Ltd,ASIANPAINT.NS,2546.199951171875,2555.699951171875,2500.0,2505.5,628802
2026-05-13,Asian Paints Ltd,ASIANPAINT.NS,2554.0,2642.39990234375,2554.0,2617.60009765625,3515018
2026-05-14,Asian Paints Ltd,ASIANPAINT.NS,2620.0,2665.699951171875,2610.0,2622.199951171875,1040916
2026-05-15,Asian Paints Ltd,ASIANPAINT.NS,2622.199951171875,2640.0,2592.800048828125,2605.60009765625,796240
2026-05-18,Asian Paints Ltd,ASIANPAINT.NS,2580.10009765625,2619.39990234375,2556.0,2614.0,898479
2026-05-19,Asian Paints Ltd,ASIANPAINT.NS,2629.0,2646.0,2595.10009765625,2600.699951171875,688639
2026-05-20,Asian Paints Ltd,ASIANPAINT.NS,2562.0,2614.0,2562.0,2598.60009765625,586190
2026-05-21,Asian Paints Ltd,ASIANPAINT.NS,2625.0,2648.300048828125,2590.800048828125,2598.800048828125,1031843
2026-05-22,Asian Paints Ltd,ASIANPAINT.NS,2606.10009765625,2664.699951171875,2600.199951171875,2639.800048828125,1556434
2026-05-25,Asian Paints Ltd,ASIANPAINT.NS,2672.0,2684.10009765625,2653.199951171875,2657.800048828125,815621
2026-05-26,Asian Paints Ltd,ASIANPAINT.NS,2650.0,2664.300048828125,2635.89990234375,2647.0,486267
2026-05-27,Asian Paints Ltd,ASIANPAINT.NS,2644.800048828125,2689.60009765625,2642.0,2671.89990234375,858457
2026-05-28,Asian Paints Ltd,ASIANPAINT.NS,2671.89990234375,2671.89990234375,2671.89990234375,2671.89990234375,0
2026-05-29,Asian Paints Ltd,ASIANPAINT.NS,2676.10009765625,2748.199951171875,2631.60009765625,2671.60009765625,5062328
2026-06-01,Asian Paints Ltd,ASIANPAINT.NS,2732.60009765625,2778.800048828125,2626.699951171875,2632.39990234375,2224344
2026-06-02,Asian Paints Ltd,ASIANPAINT.NS,2626.10009765625,2672.10009765625,2607.89990234375,2660.699951171875,1026319
2026-06-03,Asian Paints Ltd,ASIANPAINT.NS,2652.10009765625,2676.0,2624.699951171875,2662.39990234375,958774
2026-06-04,Asian Paints Ltd,ASIANPAINT.NS,2663.89990234375,2698.800048828125,2644.89990234375,2661.60009765625,1840743
2026-06-05,Asian Paints Ltd,ASIANPAINT.NS,2666.0,2699.800048828125,2665.0,2686.699951171875,1615011
2026-06-08,Asian Paints Ltd,ASIANPAINT.NS,2643.300048828125,2675.0,2630.10009765625,2659.199951171875,1262904
2026-06-09,Asian Paints Ltd,ASIANPAINT.NS,2666.199951171875,2719.0,2661.5,2708.10009765625,1416560
2026-06-10,Asian Paints Ltd,ASIANPAINT.NS,2711.10009765625,2744.0,2700.0,2715.10009765625,1395772
2026-06-11,Asian Paints Ltd,ASIANPAINT.NS,2693.89990234375,2706.699951171875,2671.0,2690.89990234375,771558
2026-06-12,Asian Paints Ltd,ASIANPAINT.NS,2725.699951171875,2753.0,2709.39990234375,2747.39990234375,1078025
2026-06-15,Asian Paints Ltd,ASIANPAINT.NS,2820.300048828125,2832.699951171875,2730.0,2739.300048828125,2752021
2026-06-16,Asian Paints Ltd,ASIANPAINT.NS,2741.0,2771.0,2735.0,2748.10009765625,962931
2026-06-17,Asian Paints Ltd,ASIANPAINT.NS,2764.0,2768.89990234375,2732.5,2738.0,557209
2026-06-18,Asian Paints Ltd,ASIANPAINT.NS,2745.0,2765.0,2728.199951171875,2755.0,600888
2026-06-19,Asian Paints Ltd,ASIANPAINT.NS,2752.89990234375,2752.89990234375,2718.800048828125,2732.89990234375,838991
2026-06-22,Asian Paints Ltd,ASIANPAINT.NS,2742.699951171875,2756.5,2670.0,2674.0,1033475
2026-06-23,Asian Paints Ltd,ASIANPAINT.NS,2669.0,2695.39990234375,2650.10009765625,2661.199951171875,1182151
2026-06-24,Asian Paints Ltd,ASIANPAINT.NS,2662.0,2687.60009765625,2653.60009765625,2667.5,1264476
2026-06-25,Asian Paints Ltd,ASIANPAINT.NS,2690.0,2690.699951171875,2637.10009765625,2645.199951171875,2050810
2026-06-26,Asian Paints Ltd,ASIANPAINT.NS,2645.199951171875,2645.199951171875,2645.199951171875,2645.199951171875,0
2026-06-29,Asian Paints Ltd,ASIANPAINT.NS,2631.300048828125,2687.800048828125,2630.0,2656.89990234375,4752587
2026-06-30,Asian Paints Ltd,ASIANPAINT.NS,2658.0,2672.10009765625,2630.300048828125,2635.699951171875,1821479
2026-07-01,Asian Paints Ltd,ASIANPAINT.NS,2648.0,2723.0,2624.0,2716.39990234375,1097512
2026-07-02,Asian Paints Ltd,ASIANPAINT.NS,2720.0,2759.89990234375,2711.0,2744.5,1629567
2026-07-03,Asian Paints Ltd,ASIANPAINT.NS,2744.0,2762.39990234375,2730.0,2737.800048828125,472124
2026-07-06,Asian Paints Ltd,ASIANPAINT.NS,2724.0,2758.0,2722.0,2754.89990234375,504943
2026-07-07,Asian Paints Ltd,ASIANPAINT.NS,2750.0,2751.800048828125,2726.39990234375,2731.39990234375,489066
2026-07-08,Asian Paints Ltd,ASIANPAINT.NS,2676.60009765625,2713.10009765625,2653.300048828125,2665.89990234375,1481672
2026-07-09,Asian Paints Ltd,ASIANPAINT.NS,2658.0,2722.800048828125,2656.0,2673.800048828125,918568
2026-07-10,Asian Paints Ltd,ASIANPAINT.NS,2695.0,2728.199951171875,2672.89990234375,2677.800048828125,982095
2026-07-13,Asian Paints Ltd,ASIANPAINT.NS,2650.5,2664.39990234375,2630.10009765625,2652.10009765625,1107802
2026-07-14,Asian Paints Ltd,ASIANPAINT.NS,2604.0,2655.89990234375,2579.89990234375,2641.0,975301
2026-07-15,Asian Paints Ltd,ASIANPAINT.NS,2644.89990234375,2684.0,2644.89990234375,2670.0,809114
2026-07-16,Asian Paints Ltd,ASIANPAINT.NS,2688.0,2693.10009765625,2660.10009765625,2674.699951171875,455037
2026-07-17,Asian Paints Ltd,ASIANPAINT.NS,2665.0,2700.0,2665.0,2689.0,452284
2026-07-20,Asian Paints Ltd,ASIANPAINT.NS,2689.0,2708.5,2666.699951171875,2691.39990234375,571087
2026-07-21,Asian Paints Ltd,ASIANPAINT.NS,2695.0,2720.0,2680.5,2692.39990234375,1000078
2026-07-22,Asian Paints Ltd,ASIANPAINT.NS,2683.0,2700.0,2665.60009765625,2692.800048828125,528096
2026-07-23,Asian Paints Ltd,ASIANPAINT.NS,2671.10009765625,2693.39990234375,2656.0,2668.800048828125,584245
2026-07-24,Asian Paints Ltd,ASIANPAINT.NS,2620.10009765625,2657.10009765625,2620.10009765625,2637.89990234375,645563
2026-07-27,Asian Paints Ltd,ASIANPAINT.NS,2665.800048828125,2723.89990234375,2664.300048828125,2710.199951171875,715239
2026-07-28,Asian Paints Ltd,ASIANPAINT.NS,2712.0,2749.800048828125,2706.300048828125,2736.199951171875,1282146
2026-07-29,Asian Paints Ltd,ASIANPAINT.NS,2746.199951171875,2864.0,2718.5,2758.39990234375,3803474
2026-07-30,Asian Paints Ltd,ASIANPAINT.NS,2758.10009765625,2767.89990234375,2666.199951171875,2746.199951171875,2387024
2026-07-31,Asian Paints Ltd,ASIANPAINT.NS,2773.89990234375,2774.89990234375,2732.39990234375,2747.300048828125,891738
2026-08-03,Asian Paints Ltd,ASIANPAINT.NS,2770.89990234375,2810.0,2762.10009765625,2810.0,1040453
2026-08-04,Asian Paints Ltd,ASIANPAINT.NS,2774.89990234375,2807.300048828125,2732.39990234375,2775.0,820097
2026-08-05,Asian Paints Ltd,ASIANPAINT.NS,2787.0,2787.0,2748.699951171875,2760.0,688876
2026-08-06,Asian Paints Ltd,ASIANPAINT.NS,2788.0,2788.0,2741.60009765625,2755.0,797083
2026-08-07,Asian Paints Ltd,ASIANPAINT.NS,2755.0,2755.0,2695.0,2735.0,1067986
2026-08-10,Asian Paints Ltd,ASIANPAINT.NS,2724.699951171875,2761.5,2713.5,2750.0,977656
2026-08-11,Asian Paints Ltd,ASIANPAINT.NS,2742.10009765625,2747.60009765625,2720.0,2735.5,951134
2026-08-12,Asian Paints Ltd,ASIANPAINT.NS,2733.199951171875,2748.39990234375,2698.199951171875,2740.0,648174
2026-08-13,Asian Paints Ltd,ASIANPAINT.NS,2725.0,2755.5,2720.0,2755.5,579435
2026-08-14,Asian Paints Ltd,ASIANPAINT.NS,2751.0,2751.0,2690.300048828125,2696.300048828125,667311
2026-08-17,Asian Paints Ltd,ASIANPAINT.NS,2694.5,2714.60009765625,2687.5,2687.5,312900
2026-08-18,Asian Paints Ltd,ASIANPAINT.NS,2663.10009765625,2670.10009765625,2610.10009765625,2628.39990234375,1017022
2026-08-19,Asian Paints Ltd,ASIANPAINT.NS,2625.0,2634.89990234375,2601.0,2630.800048828125,742443
2026-08-20,Asian Paints Ltd,ASIANPAINT.NS,2635.10009765625,2641.800048828125,2607.0,2625.199951171875,476939
2026-08-21,Asian Paints Ltd,ASIANPAINT.NS,2620.199951171875,2644.0,2615.5,2640.0,330334
2026-08-24,Asian Paints Ltd,ASIANPAINT.NS,2640.39990234375,2642.699951171875,2622.0,2640.800048828125,355289
2026-08-25,Asian Paints Ltd,ASIANPAINT.NS,2631.0,2640.0,2605.199951171875,2639.800048828125,479480
2026-08-26,Asian Paints Ltd,ASIANPAINT.NS,2660.89990234375,2678.699951171875,2626.5,2626.5,339110
2026-08-27,Asian Paints Ltd,ASIANPAINT.NS,2637.89990234375,2655.89990234375,2627.89990234375,2631.0,525106
2026-08-28,Asian Paints Ltd,ASIANPAINT.NS,2645.0,2645.0,2583.800048828125,2608.699951171875,482544
2026-08-31,Asian Paints Ltd,ASIANPAINT.NS,2590.0,2653.60009765625,2561.10009765625,2653.60009765625,1381178
2026-09-01,Asian Paints Ltd,ASIANPAINT.NS,2645.300048828125,2645.300048828125,2545.199951171875,2575.5,1046523
2026-09-02,Asian Paints Ltd,ASIANPAINT.NS,2548.0,2548.0,2510.699951171875,2527.5,497889
2026-09-03,Asian Paints Ltd,ASIANPAINT.NS,2530.0,2544.0,2515.10009765625,2541.60009765625,589499
2026-09-04,Asian Paints Ltd,ASIANPAINT.NS,2540.0,2553.89990234375,2519.800048828125,2527.300048828125,399368
2026-09-07,Asian Paints Ltd,ASIANPAINT.NS,2511.10009765625,2523.5,2489.699951171875,2500.89990234375,240336
2026-09-08,Asian Paints Ltd,ASIANPAINT.NS,2499.0,2499.0,2474.10009765625,2481.60009765625,373248
2026-09-09,Asian Paints Ltd,ASIANPAINT.NS,2459.10009765625,2489.0,2457.39990234375,2489.0,432840
2026-09-10,Asian Paints Ltd,ASIANPAINT.NS,2485.10009765625,2498.10009765625,2468.60009765625,2498.10009765625,549332
2026-09-11,Asian Paints Ltd,ASIANPAINT.NS,2453.199951171875,2472.5,2442.800048828125,2472.5,653006
2026-09-14,Asian Paints Ltd,ASIANPAINT.NS,2472.5,2472.5,2472.5,2472.5,0
2026-09-15,Asian Paints Ltd,ASIANPAINT.NS,2472.5,2473.0,2402.800048828125,2402.800048828125,539643
2026-09-16,Asian Paints Ltd,ASIANPAINT.NS,2405.10009765625,2444.5,2397.39990234375,2416.60009765625,591671
2026-09-17,Asian Paints Ltd,ASIANPAINT.NS,2424.0,2454.0,2421.0,2454.0,486007
2026-09-18,Asian Paints Ltd,ASIANPAINT.NS,2455.699951171875,2474.0,2438.0,2451.300048828125,1000730
2026-09-21,Asian Paints Ltd,ASIANPAINT.NS,2450.0,2463.800048828125,2440.300048828125,2440.300048828125,268147
2026-09-22,Asian Paints Ltd,ASIANPAINT.NS,2475.10009765625,2475.10009765625,2435.60009765625,2448.5,414715
2026-09-23,Asian Paints Ltd,ASIANPAINT.NS,2469.0,2471.89990234375,2448.199951171875,2455.0,398823
2026-09-24,Asian Paints Ltd,ASIANPAINT.NS,2430.0,2437.800048828125,2391.0,2392.699951171875,259577
2026-09-25,Asian Paints Ltd,ASIANPAINT.NS,2401.89990234375,2451.0,2397.0,2444.0,426982
2026-09-28,Asian Paints Ltd,ASIANPAINT.NS,2437.89990234375,2441.60009765625,2412.89990234375,2420.0,1097754
2026-09-29,Asian Paints Ltd,ASIANPAINT.NS,2417.5,2425.300048828125,2381.0,2415.0,909789
2026-09-30,Asian Paints Ltd,ASIANPAINT.NS,2410.0,2430.5,2390.0,2402.60009765625,553695
2026-10-01,Asian Paints Ltd,ASIANPAINT.NS,2391.0,2420.0,2377.0,2407.0,1005836
2025-10-03,Axis Bank Ltd,AXISBANK.NS,1171.0,1188.0,1169.5,1181.0,11095015
2025-10-06,Axis Bank Ltd,AXISBANK.NS,1185.0,1215.199951171875,1182.0999755859375,1212.800048828125,20128505
2025-10-07,Axis Bank Ltd,AXISBANK.NS,1212.0,1212.0,1184.0,1186.800048828125,8620156
2025-10-08,Axis Bank Ltd,AXISBANK.NS,1180.0999755859375,1194.800048828125,1174.0999755859375,1180.5999755859375,5160430
2025-10-09,Axis Bank Ltd,AXISBANK.NS,1178.0,1187.300048828125,1163.0999755859375,1167.4000244140625,7194651
2025-10-10,Axis Bank Ltd,AXISBANK.NS,1168.0,1191.699951171875,1165.199951171875,1180.4000244140625,6933035
2025-10-13,Axis Bank Ltd,AXISBANK.NS,1171.0,1193.5999755859375,1167.5,1189.5999755859375,4138448
2025-10-14,Axis Bank Ltd,AXISBANK.NS,1191.800048828125,1191.800048828125,1166.5999755859375,1176.800048828125,5742538
2025-10-15,Axis Bank Ltd,AXISBANK.NS,1180.0,1181.699951171875,1164.0,1169.5999755859375,6328142
2025-10-16,Axis Bank Ltd,AXISBANK.NS,1216.4000244140625,1216.9000244140625,1185.300048828125,1196.300048828125,17747171
2025-10-17,Axis Bank Ltd,AXISBANK.NS,1196.300048828125,1212.9000244140625,1191.5999755859375,1200.199951171875,6404414
2025-10-20,Axis Bank Ltd,AXISBANK.NS,1207.9000244140625,1231.699951171875,1207.0,1226.0,7418616
2025-10-21,Axis Bank Ltd,AXISBANK.NS,1225.800048828125,1238.800048828125,1222.0,1237.300048828125,1940248
2025-10-23,Axis Bank Ltd,AXISBANK.NS,1246.0,1276.0999755859375,1241.300048828125,1258.800048828125,14611221
2025-10-24,Axis Bank Ltd,AXISBANK.NS,1254.199951171875,1256.0,1240.0999755859375,1241.9000244140625,4882046
2025-10-27,Axis Bank Ltd,AXISBANK.NS,1243.4000244140625,1258.5,1242.5999755859375,1254.0999755859375,6185072
2025-10-28,Axis Bank Ltd,AXISBANK.NS,1249.0,1258.9000244140625,1236.5999755859375,1246.300048828125,8146777
2025-10-29,Axis Bank Ltd,AXISBANK.NS,1246.9000244140625,1251.0,1239.199951171875,1248.800048828125,4578825
2025-10-30,Axis Bank Ltd,AXISBANK.NS,1243.0,1248.0,1235.0,1238.5999755859375,4017532
2025-10-31,Axis Bank Ltd,AXISBANK.NS,1243.0,1245.4000244140625,1231.0,1232.800048828125,4106607
2025-11-03,Axis Bank Ltd,AXISBANK.NS,1226.0,1241.0,1222.300048828125,1233.699951171875,6118907
2025-11-04,Axis Bank Ltd,AXISBANK.NS,1230.0999755859375,1235.9000244140625,1222.800048828125,1226.5999755859375,3299345
2025-11-06,Axis Bank Ltd,AXISBANK.NS,1225.0,1239.5999755859375,1225.0,1228.5,3733721
2025-11-07,Axis Bank Ltd,AXISBANK.NS,1227.0,1228.800048828125,1217.0,1222.800048828125,3461466
2025-11-10,Axis Bank Ltd,AXISBANK.NS,1222.0,1232.800048828125,1215.5,1217.0,4140568
2025-11-11,Axis Bank Ltd,AXISBANK.NS,1218.0999755859375,1225.0,1209.4000244140625,1222.5,5615453
2025-11-12,Axis Bank Ltd,AXISBANK.NS,1227.9000244140625,1232.699951171875,1216.5,1221.5999755859375,6782513
2025-11-13,Axis Bank Ltd,AXISBANK.NS,1219.0,1234.800048828125,1213.199951171875,1225.199951171875,3345231
2025-11-14,Axis Bank Ltd,AXISBANK.NS,1224.0,1246.0,1222.0,1241.5999755859375,5197740
2025-11-17,Axis Bank Ltd,AXISBANK.NS,1243.9000244140625,1261.0,1240.4000244140625,1249.5999755859375,4088026
2025-11-18,Axis Bank Ltd,AXISBANK.NS,1250.0,1273.5,1247.5999755859375,1265.4000244140625,10175969
2025-11-19,Axis Bank Ltd,AXISBANK.NS,1268.0,1273.0,1257.800048828125,1270.4000244140625,4101288
2025-11-20,Axis Bank Ltd,AXISBANK.NS,1275.0,1287.300048828125,1262.5999755859375,1285.199951171875,4617594
2025-11-21,Axis Bank Ltd,AXISBANK.NS,1284.0,1284.5,1273.0,1275.800048828125,6363593
2025-11-24,Axis Bank Ltd,AXISBANK.NS,1279.199951171875,1290.9000244140625,1266.5999755859375,1269.0,10491953
2025-11-25,Axis Bank Ltd,AXISBANK.NS,1269.0999755859375,1276.699951171875,1263.699951171875,1266.300048828125,5290156
2025-11-26,Axis Bank Ltd,AXISBANK.NS,1271.9000244140625,1292.800048828125,1269.300048828125,1290.199951171875,4842021
2025-11-27,Axis Bank Ltd,AXISBANK.NS,1297.0,1304.0,1281.0,1287.300048828125,5924706
2025-11-28,Axis Bank Ltd,AXISBANK.NS,1287.300048828125,1289.0,1275.0,1279.699951171875,3093636
2025-12-01,Axis Bank Ltd,AXISBANK.NS,1288.0,1289.0,1268.5,1275.699951171875,4098016
2025-12-02,Axis Bank Ltd,AXISBANK.NS,1270.699951171875,1281.0,1255.0999755859375,1258.0,8115347
2025-12-03,Axis Bank Ltd,AXISBANK.NS,1255.0,1272.9000244140625,1255.0,1270.699951171875,3582794
2025-12-04,Axis Bank Ltd,AXISBANK.NS,1270.699951171875,1282.800048828125,1269.4000244140625,1280.0,3216108
2025-12-05,Axis Bank Ltd,AXISBANK.NS,1275.199951171875,1285.0,1267.300048828125,1282.5,2728214
2025-12-08,Axis Bank Ltd,AXISBANK.NS,1284.0,1288.800048828125,1265.0999755859375,1273.800048828125,2969478
2025-12-09,Axis Bank Ltd,AXISBANK.NS,1272.0,1281.4000244140625,1263.199951171875,1275.9000244140625,4239279
2025-12-10,Axis Bank Ltd,AXISBANK.NS,1273.0,1284.0,1268.300048828125,1278.5999755859375,2928746
2025-12-11,Axis Bank Ltd,AXISBANK.NS,1277.4000244140625,1282.0,1271.0,1272.699951171875,2017404
2025-12-12,Axis Bank Ltd,AXISBANK.NS,1278.0,1291.0,1277.9000244140625,1286.0999755859375,2281078
2025-12-15,Axis Bank Ltd,AXISBANK.NS,1285.0,1290.4000244140625,1280.0,1284.800048828125,1634472
2025-12-16,Axis Bank Ltd,AXISBANK.NS,1277.0999755859375,1277.5999755859375,1216.9000244140625,1219.5999755859375,11542048
2025-12-17,Axis Bank Ltd,AXISBANK.NS,1220.5999755859375,1236.0,1220.300048828125,1224.699951171875,5147181
2025-12-18,Axis Bank Ltd,AXISBANK.NS,1226.0999755859375,1238.5,1220.199951171875,1229.800048828125,3441592
2025-12-19,Axis Bank Ltd,AXISBANK.NS,1236.699951171875,1241.5,1229.0999755859375,1230.5999755859375,5055047
2025-12-22,Axis Bank Ltd,AXISBANK.NS,1235.0,1236.9000244140625,1226.800048828125,1233.199951171875,2405809
2025-12-23,Axis Bank Ltd,AXISBANK.NS,1239.0,1239.0,1223.5,1225.0,2920318
2025-12-24,Axis Bank Ltd,AXISBANK.NS,1230.0,1235.4000244140625,1224.699951171875,1226.300048828125,3155506
2025-12-26,Axis Bank Ltd,AXISBANK.NS,1225.0,1229.9000244140625,1222.0,1228.199951171875,1665983
2025-12-29,Axis Bank Ltd,AXISBANK.NS,1228.199951171875,1233.9000244140625,1219.0,1232.0,2209655
2025-12-30,Axis Bank Ltd,AXISBANK.NS,1233.0,1252.0999755859375,1232.0,1246.0,5673233
2025-12-31,Axis Bank Ltd,AXISBANK.NS,1246.0,1271.5,1245.0,1269.4000244140625,3711090
2026-01-01,Axis Bank Ltd,AXISBANK.NS,1270.0,1279.199951171875,1263.800048828125,1274.4000244140625,2022412
2026-01-02,Axis Bank Ltd,AXISBANK.NS,1273.9000244140625,1281.800048828125,1264.300048828125,1266.9000244140625,5860547
2026-01-05,Axis Bank Ltd,AXISBANK.NS,1274.199951171875,1289.699951171875,1270.0,1285.800048828125,6177100
2026-01-06,Axis Bank Ltd,AXISBANK.NS,1304.5999755859375,1304.5999755859375,1285.4000244140625,1293.800048828125,6751769
2026-01-07,Axis Bank Ltd,AXISBANK.NS,1293.0,1299.0,1284.0,1295.5,5440002
2026-01-08,Axis Bank Ltd,AXISBANK.NS,1291.0999755859375,1303.199951171875,1283.800048828125,1286.800048828125,3949654
2026-01-09,Axis Bank Ltd,AXISBANK.NS,1286.800048828125,1295.300048828125,1270.0999755859375,1272.0,5531427
2026-01-12,Axis Bank Ltd,AXISBANK.NS,1274.699951171875,1279.5999755859375,1266.5,1274.199951171875,6489750
2026-01-13,Axis Bank Ltd,AXISBANK.NS,1274.0,1284.0,1258.699951171875,1262.0,5163166
2026-01-14,Axis Bank Ltd,AXISBANK.NS,1255.0,1308.0,1253.5,1298.800048828125,7776704
2026-01-15,Axis Bank Ltd,AXISBANK.NS,1298.800048828125,1298.800048828125,1298.800048828125,1298.800048828125,0
2026-01-16,Axis Bank Ltd,AXISBANK.NS,1298.800048828125,1309.0,1286.5,1294.199951171875,5175495
2026-01-19,Axis Bank Ltd,AXISBANK.NS,1307.0,1327.0,1297.0999755859375,1307.5,8833223
2026-01-20,Axis Bank Ltd,AXISBANK.NS,1306.0999755859375,1310.9000244140625,1290.0,1293.5,6268527
2026-01-21,Axis Bank Ltd,AXISBANK.NS,1290.0,1297.699951171875,1267.4000244140625,1284.9000244140625,3854702
2026-01-22,Axis Bank Ltd,AXISBANK.NS,1290.0,1298.9000244140625,1281.4000244140625,1294.800048828125,5949677
2026-01-23,Axis Bank Ltd,AXISBANK.NS,1297.0,1299.0,1248.0,1258.0,8885549
2026-01-27,Axis Bank Ltd,AXISBANK.NS,1288.800048828125,1333.199951171875,1278.4000244140625,1315.800048828125,22715357
2026-01-28,Axis Bank Ltd,AXISBANK.NS,1348.0,1369.4000244140625,1310.199951171875,1319.800048828125,15426403
2026-01-29,Axis Bank Ltd,AXISBANK.NS,1318.0,1367.0,1306.0,1363.699951171875,16107684
2026-01-30,Axis Bank Ltd,AXISBANK.NS,1352.0,1378.699951171875,1352.0,1370.4000244140625,14758482
2026-02-02,Axis Bank Ltd,AXISBANK.NS,1339.0,1352.699951171875,1302.9000244140625,1311.5,8647298
2026-02-03,Axis Bank Ltd,AXISBANK.NS,1403.0,1418.300048828125,1345.5,1356.199951171875,10384723
2026-02-04,Axis Bank Ltd,AXISBANK.NS,1369.699951171875,1369.9000244140625,1336.5999755859375,1338.699951171875,6672251
2026-02-05,Axis Bank Ltd,AXISBANK.NS,1340.0,1340.0,1317.4000244140625,1330.5999755859375,3766488
2026-02-06,Axis Bank Ltd,AXISBANK.NS,1325.0,1346.4000244140625,1324.699951171875,1341.5999755859375,5876574
2026-02-09,Axis Bank Ltd,AXISBANK.NS,1350.0,1350.0,1330.699951171875,1341.4000244140625,4077536
2026-02-10,Axis Bank Ltd,AXISBANK.NS,1352.5999755859375,1360.0999755859375,1343.300048828125,1356.699951171875,5478998
2026-02-11,Axis Bank Ltd,AXISBANK.NS,1358.0,1360.0,1344.800048828125,1347.300048828125,3866272
2026-02-12,Axis Bank Ltd,AXISBANK.NS,1347.9000244140625,1357.699951171875,1336.199951171875,1340.0,4152620
2026-02-13,Axis Bank Ltd,AXISBANK.NS,1341.300048828125,1346.5,1316.0999755859375,1332.300048828125,4624549
2026-02-16,Axis Bank Ltd,AXISBANK.NS,1324.0,1361.9000244140625,1324.0,1358.300048828125,5082167
2026-02-17,Axis Bank Ltd,AXISBANK.NS,1358.300048828125,1360.9000244140625,1350.4000244140625,1357.199951171875,4513065
2026-02-18,Axis Bank Ltd,AXISBANK.NS,1363.0,1378.5,1353.800048828125,1377.0,5556076
2026-02-19,Axis Bank Ltd,AXISBANK.NS,1381.0999755859375,1382.800048828125,1351.0,1356.5999755859375,2744704
2026-02-20,Axis Bank Ltd,AXISBANK.NS,1351.0,1376.5,1351.0,1368.300048828125,3791536
2026-02-23,Axis Bank Ltd,AXISBANK.NS,1380.5,1402.0,1380.199951171875,1386.699951171875,6160153
2026-02-24,Axis Bank Ltd,AXISBANK.NS,1398.0,1398.0,1383.5,1387.5999755859375,7888492
2026-02-25,Axis Bank Ltd,AXISBANK.NS,1394.0,1404.300048828125,1387.5999755859375,1403.0,4379373
2026-02-26,Axis Bank Ltd,AXISBANK.NS,1403.0,1405.699951171875,1386.0,1395.5,8979547
2026-02-27,Axis Bank Ltd,AXISBANK.NS,1387.0,1395.5,1381.0,1383.9000244140625,5840317
2026-03-02,Axis Bank Ltd,AXISBANK.NS,1369.0999755859375,1384.699951171875,1353.5999755859375,1372.300048828125,5132511
2026-03-04,Axis Bank Ltd,AXISBANK.NS,1344.5,1357.5999755859375,1327.0,1351.300048828125,5832353
2026-03-05,Axis Bank Ltd,AXISBANK.NS,1354.9000244140625,1355.800048828125,1335.300048828125,1349.0999755859375,6057499
2026-03-06,Axis Bank Ltd,AXISBANK.NS,1347.0,1347.9000244140625,1313.5,1315.800048828125,11629935
2026-03-09,Axis Bank Ltd,AXISBANK.NS,1282.199951171875,1291.0,1260.800048828125,1288.300048828125,7926265
2026-03-10,Axis Bank Ltd,AXISBANK.NS,1295.199951171875,1319.5,1284.5999755859375,1314.699951171875,6289277
2026-03-11,Axis Bank Ltd,AXISBANK.NS,1310.0,1317.5,1252.699951171875,1255.800048828125,6859908
2026-03-12,Axis Bank Ltd,AXISBANK.NS,1243.199951171875,1251.0999755859375,1231.800048828125,1234.5,9663320
2026-03-13,Axis Bank Ltd,AXISBANK.NS,1224.0,1234.5,1194.300048828125,1197.300048828125,9098187
2026-03-16,Axis Bank Ltd,AXISBANK.NS,1199.199951171875,1219.9000244140625,1180.0999755859375,1214.699951171875,8743794
2026-03-17,Axis Bank Ltd,AXISBANK.NS,1219.699951171875,1232.300048828125,1210.0,1228.0999755859375,5707317
2026-03-18,Axis Bank Ltd,AXISBANK.NS,1228.0,1260.0,1224.199951171875,1253.199951171875,6018952
2026-03-19,Axis Bank Ltd,AXISBANK.NS,1221.0,1241.5,1202.0,1207.0,8264698
2026-03-20,Axis Bank Ltd,AXISBANK.NS,1208.5999755859375,1231.800048828125,1199.699951171875,1203.9000244140625,7518686
2026-03-23,Axis Bank Ltd,AXISBANK.NS,1181.0,1185.0999755859375,1165.0,1170.5999755859375,6697446
2026-03-24,Axis Bank Ltd,AXISBANK.NS,1187.0,1202.800048828125,1169.5999755859375,1192.699951171875,8274701
2026-03-25,Axis Bank Ltd,AXISBANK.NS,1200.0,1239.0,1198.0,1222.0999755859375,9645791
2026-03-27,Axis Bank Ltd,AXISBANK.NS,1209.5,1213.5,1202.0,1205.199951171875,9479301
2026-03-30,Axis Bank Ltd,AXISBANK.NS,1185.0999755859375,1188.800048828125,1153.9000244140625,1161.300048828125,18534887
2026-04-01,Axis Bank Ltd,AXISBANK.NS,1175.0,1208.0,1175.0,1193.0999755859375,6595695
2026-04-02,Axis Bank Ltd,AXISBANK.NS,1174.5999755859375,1202.300048828125,1150.300048828125,1197.9000244140625,9501543
2026-04-06,Axis Bank Ltd,AXISBANK.NS,1202.0999755859375,1249.800048828125,1196.4000244140625,1245.300048828125,7847086
2026-04-07,Axis Bank Ltd,AXISBANK.NS,1237.800048828125,1255.5,1221.0,1250.0999755859375,9248545
2026-04-08,Axis Bank Ltd,AXISBANK.NS,1300.0999755859375,1335.5999755859375,1300.0999755859375,1333.0,13519723
2026-04-09,Axis Bank Ltd,AXISBANK.NS,1322.300048828125,1338.5999755859375,1312.800048828125,1318.5,6542529
2026-04-10,Axis Bank Ltd,AXISBANK.NS,1328.800048828125,1358.5999755859375,1326.0999755859375,1350.800048828125,6755589
2026-04-13,Axis Bank Ltd,AXISBANK.NS,1318.0,1366.9000244140625,1315.300048828125,1353.5999755859375,8974851
2026-04-15,Axis Bank Ltd,AXISBANK.NS,1367.0,1384.5,1349.0,1355.5,6789879
2026-04-16,Axis Bank Ltd,AXISBANK.NS,1362.0,1364.5,1343.0,1349.5999755859375,5232398
2026-04-17,Axis Bank Ltd,AXISBANK.NS,1353.0,1364.300048828125,1344.0999755859375,1359.0999755859375,4062181
2026-04-20,Axis Bank Ltd,AXISBANK.NS,1359.5,1374.0,1348.0,1354.699951171875,4878641
2026-04-21,Axis Bank Ltd,AXISBANK.NS,1361.0,1380.300048828125,1354.699951171875,1377.699951171875,5145338
2026-04-22,Axis Bank Ltd,AXISBANK.NS,1370.0,1391.0,1366.0,1379.5999755859375,3997911
2026-04-23,Axis Bank Ltd,AXISBANK.NS,1369.0,1384.199951171875,1365.4000244140625,1369.5999755859375,5671255
2026-04-24,Axis Bank Ltd,AXISBANK.NS,1369.0,1375.0,1350.0,1365.9000244140625,3648313
2026-04-27,Axis Bank Ltd,AXISBANK.NS,1325.0,1327.300048828125,1299.9000244140625,1324.199951171875,10768267
2026-04-28,Axis Bank Ltd,AXISBANK.NS,1312.0,1321.4000244140625,1285.5,1289.0,9939787
2026-04-29,Axis Bank Ltd,AXISBANK.NS,1295.0,1309.199951171875,1279.0,1296.4000244140625,6228275
2026-04-30,Axis Bank Ltd,AXISBANK.NS,1288.0,1288.0,1257.300048828125,1268.300048828125,16481853
2026-05-01,Axis Bank Ltd,AXISBANK.NS,1268.300048828125,1268.300048828125,1268.300048828125,1268.300048828125,0
2026-05-04,Axis Bank Ltd,AXISBANK.NS,1268.300048828125,1294.4000244140625,1264.5,1275.0999755859375,9759479
2026-05-05,Axis Bank Ltd,AXISBANK.NS,1268.0,1273.699951171875,1252.0,1259.699951171875,10163714
2026-05-06,Axis Bank Ltd,AXISBANK.NS,1275.0,1301.0,1255.199951171875,1294.199951171875,7277673
2026-05-07,Axis Bank Ltd,AXISBANK.NS,1299.0,1308.0999755859375,1281.199951171875,1292.699951171875,6785048
2026-05-08,Axis Bank Ltd,AXISBANK.NS,1280.0,1282.0,1264.5999755859375,1268.300048828125,6358595
2026-05-11,Axis Bank Ltd,AXISBANK.NS,1258.699951171875,1283.0,1251.699951171875,1272.300048828125,7341360
2026-05-12,Axis Bank Ltd,AXISBANK.NS,1270.4000244140625,1274.0,1256.9000244140625,1260.0999755859375,5727828
2026-05-13,Axis Bank Ltd,AXISBANK.NS,1256.0999755859375,1275.300048828125,1247.5,1255.699951171875,6045406
2026-05-14,Axis Bank Ltd,AXISBANK.NS,1256.5999755859375,1269.0,1235.800048828125,1254.5999755859375,5822618
2026-05-15,Axis Bank Ltd,AXISBANK.NS,1259.5999755859375,1263.4000244140625,1242.0,1244.800048828125,4805485
2026-05-18,Axis Bank Ltd,AXISBANK.NS,1239.0,1242.0,1222.0999755859375,1237.9000244140625,6052023
2026-05-19,Axis Bank Ltd,AXISBANK.NS,1238.5,1249.800048828125,1231.300048828125,1238.300048828125,9200314
2026-05-20,Axis Bank Ltd,AXISBANK.NS,1234.0,1254.0999755859375,1226.5999755859375,1249.800048828125,3562641
2026-05-21,Axis Bank Ltd,AXISBANK.NS,1256.9000244140625,1262.699951171875,1244.800048828125,1253.300048828125,5171528
2026-05-22,Axis Bank Ltd,AXISBANK.NS,1254.0999755859375,1288.800048828125,1254.0999755859375,1285.4000244140625,5016900
2026-05-25,Axis Bank Ltd,AXISBANK.NS,1300.4000244140625,1314.5,1293.9000244140625,1311.199951171875,5671455
2026-05-26,Axis Bank Ltd,AXISBANK.NS,1309.800048828125,1317.0,1291.5,1299.300048828125,6455265
2026-05-27,Axis Bank Ltd,AXISBANK.NS,1296.300048828125,1314.5,1293.0999755859375,1304.0999755859375,7243174
2026-05-28,Axis Bank Ltd,AXISBANK.NS,1304.0999755859375,1304.0999755859375,1304.0999755859375,1304.0999755859375,0
2026-05-29,Axis Bank Ltd,AXISBANK.NS,1296.0999755859375,1312.5999755859375,1277.4000244140625,1286.5999755859375,15215715
2026-06-01,Axis Bank Ltd,AXISBANK.NS,1289.0,1293.199951171875,1267.0,1275.9000244140625,4311076
2026-06-02,Axis Bank Ltd,AXISBANK.NS,1263.0,1275.800048828125,1244.9000244140625,1251.0999755859375,11884695
2026-06-03,Axis Bank Ltd,AXISBANK.NS,1245.0999755859375,1264.800048828125,1230.300048828125,1255.199951171875,7953326
2026-06-04,Axis Bank Ltd,AXISBANK.NS,1246.0,1259.9000244140625,1244.0999755859375,1253.300048828125,6392593
2026-06-05,Axis Bank Ltd,AXISBANK.NS,1260.0,1276.0,1252.0999755859375,1272.300048828125,7825303
2026-06-08,Axis Bank Ltd,AXISBANK.NS,1262.0,1279.199951171875,1262.0,1268.0999755859375,5034388
2026-06-09,Axis Bank Ltd,AXISBANK.NS,1275.9000244140625,1298.4000244140625,1271.5,1292.4000244140625,7533504
2026-06-10,Axis Bank Ltd,AXISBANK.NS,1283.5,1326.5,1283.5,1314.5,12262606
2026-06-11,Axis Bank Ltd,AXISBANK.NS,1308.800048828125,1339.5,1307.300048828125,1317.300048828125,8196686
2026-06-12,Axis Bank Ltd,AXISBANK.NS,1332.0,1358.5,1318.5,1356.300048828125,8535670
2026-06-15,Axis Bank Ltd,AXISBANK.NS,1372.0,1378.0,1360.5999755859375,1368.300048828125,7522828
2026-06-16,Axis Bank Ltd,AXISBANK.NS,1363.5,1371.5,1349.199951171875,1365.699951171875,7709061
2026-06-17,Axis Bank Ltd,AXISBANK.NS,1364.0999755859375,1365.699951171875,1349.300048828125,1350.9000244140625,4761917
2026-06-18,Axis Bank Ltd,AXISBANK.NS,1347.5999755859375,1365.9000244140625,1345.0,1360.0999755859375,5186573
2026-06-19,Axis Bank Ltd,AXISBANK.NS,1356.800048828125,1363.0,1350.5,1357.9000244140625,4640277
2026-06-22,Axis Bank Ltd,AXISBANK.NS,1361.0,1366.0999755859375,1355.199951171875,1358.5999755859375,3153284
2026-06-23,Axis Bank Ltd,AXISBANK.NS,1358.5999755859375,1371.9000244140625,1356.0999755859375,1363.5,5745853
2026-06-24,Axis Bank Ltd,AXISBANK.NS,1356.0,1386.0999755859375,1356.0,1384.5,8343829
2026-06-25,Axis Bank Ltd,AXISBANK.NS,1386.9000244140625,1400.0999755859375,1372.699951171875,1377.199951171875,7995552
2026-06-26,Axis Bank Ltd,AXISBANK.NS,1377.199951171875,1377.199951171875,1377.199951171875,1377.199951171875,0
2026-06-29,Axis Bank Ltd,AXISBANK.NS,1392.5999755859375,1392.5999755859375,1352.199951171875,1356.800048828125,12602010
2026-06-30,Axis Bank Ltd,AXISBANK.NS,1357.699951171875,1375.0,1343.5999755859375,1345.699951171875,7781221
2026-07-01,Axis Bank Ltd,AXISBANK.NS,1345.699951171875,1377.699951171875,1345.699951171875,1368.699951171875,3187785
2026-07-02,Axis Bank Ltd,AXISBANK.NS,1374.0,1375.5,1358.0999755859375,1362.5999755859375,4013561
2026-07-03,Axis Bank Ltd,AXISBANK.NS,1373.0,1373.0,1338.4000244140625,1342.0999755859375,3500465
2026-07-06,Axis Bank Ltd,AXISBANK.NS,1355.699951171875,1371.0,1335.5,1339.5999755859375,5154081
2026-07-07,Axis Bank Ltd,AXISBANK.NS,1346.800048828125,1356.9000244140625,1336.199951171875,1341.0,6198988
2026-07-08,Axis Bank Ltd,AXISBANK.NS,1344.0,1344.0,1304.0,1309.5,6917968
2026-07-09,Axis Bank Ltd,AXISBANK.NS,1312.9000244140625,1321.5999755859375,1292.199951171875,1297.5999755859375,5609851
2026-07-10,Axis Bank Ltd,AXISBANK.NS,1304.0,1326.5999755859375,1303.9000244140625,1323.699951171875,3549139
2026-07-13,Axis Bank Ltd,AXISBANK.NS,1315.9000244140625,1329.9000244140625,1313.5,1319.4000244140625,3674483
2026-07-14,Axis Bank Ltd,AXISBANK.NS,1320.0999755859375,1323.699951171875,1298.5999755859375,1317.5999755859375,6005505
2026-07-15,Axis Bank Ltd,AXISBANK.NS,1328.0,1348.0,1303.300048828125,1312.300048828125,9442403
2026-07-16,Axis Bank Ltd,AXISBANK.NS,1315.0999755859375,1315.5,1299.4000244140625,1307.5999755859375,5001226
2026-07-17,Axis Bank Ltd,AXISBANK.NS,1307.0,1333.0,1305.0,1328.5,11192836
2026-07-20,Axis Bank Ltd,AXISBANK.NS,1275.0,1284.0,1249.0999755859375,1256.0,25314148
2026-07-21,Axis Bank Ltd,AXISBANK.NS,1245.0,1267.699951171875,1244.5,1258.199951171875,15014867
2026-07-22,Axis Bank Ltd,AXISBANK.NS,1258.199951171875,1258.199951171875,1230.5,1238.4000244140625,8358923
2026-07-23,Axis Bank Ltd,AXISBANK.NS,1230.0999755859375,1239.4000244140625,1219.199951171875,1223.0,8240787
2026-07-24,Axis Bank Ltd,AXISBANK.NS,1216.800048828125,1233.9000244140625,1210.5999755859375,1227.300048828125,8088828
2026-07-27,Axis Bank Ltd,AXISBANK.NS,1237.0,1237.0,1221.5999755859375,1227.5,5967502
2026-07-28,Axis Bank Ltd,AXISBANK.NS,1222.5,1233.9000244140625,1219.699951171875,1223.5,6093182
2026-07-29,Axis Bank Ltd,AXISBANK.NS,1229.5,1237.0999755859375,1214.4000244140625,1235.4000244140625,10110233
2026-07-30,Axis Bank Ltd,AXISBANK.NS,1229.0,1232.199951171875,1220.199951171875,1228.9000244140625,6878684
2026-07-31,Axis Bank Ltd,AXISBANK.NS,1226.199951171875,1239.699951171875,1226.0,1229.5,7487936
2026-08-03,Axis Bank Ltd,AXISBANK.NS,1236.9000244140625,1272.0,1230.5,1272.0,6713421
2026-08-04,Axis Bank Ltd,AXISBANK.NS,1264.0,1264.0,1244.0,1261.800048828125,5694891
2026-08-05,Axis Bank Ltd,AXISBANK.NS,1260.0,1263.0,1246.199951171875,1253.9000244140625,4295407
2026-08-06,Axis Bank Ltd,AXISBANK.NS,1256.0999755859375,1259.9000244140625,1248.300048828125,1256.0,4845792
2026-08-07,Axis Bank Ltd,AXISBANK.NS,1252.0999755859375,1256.0,1238.0,1238.0,3628823
2026-08-10,Axis Bank Ltd,AXISBANK.NS,1235.0,1250.0,1235.0,1247.300048828125,3661847
2026-08-11,Axis Bank Ltd,AXISBANK.NS,1242.0,1243.0,1225.4000244140625,1229.800048828125,5843702
2026-08-12,Axis Bank Ltd,AXISBANK.NS,1230.0,1234.9000244140625,1216.9000244140625,1230.0,7218881
2026-08-13,Axis Bank Ltd,AXISBANK.NS,1224.5,1224.800048828125,1215.5999755859375,1221.800048828125,5284300
2026-08-14,Axis Bank Ltd,AXISBANK.NS,1216.0,1218.699951171875,1208.5999755859375,1217.4000244140625,5557745
2026-08-17,Axis Bank Ltd,AXISBANK.NS,1220.0,1235.0,1213.5999755859375,1227.300048828125,6068014
2026-08-18,Axis Bank Ltd,AXISBANK.NS,1223.9000244140625,1250.5,1223.4000244140625,1243.0,5064697
2026-08-19,Axis Bank Ltd,AXISBANK.NS,1243.0999755859375,1245.0,1224.0,1235.0,3061937
2026-08-20,Axis Bank Ltd,AXISBANK.NS,1237.5,1253.9000244140625,1236.199951171875,1251.0,4163816
2026-08-21,Axis Bank Ltd,AXISBANK.NS,1250.5999755859375,1256.4000244140625,1240.4000244140625,1245.800048828125,3690270
2026-08-24,Axis Bank Ltd,AXISBANK.NS,1245.800048828125,1248.699951171875,1231.800048828125,1236.0,3778588
2026-08-25,Axis Bank Ltd,AXISBANK.NS,1236.0999755859375,1240.5,1229.800048828125,1235.0,3606504
2026-08-26,Axis Bank Ltd,AXISBANK.NS,1240.0999755859375,1257.699951171875,1238.199951171875,1255.0,3298266
2026-08-27,Axis Bank Ltd,AXISBANK.NS,1260.0,1268.699951171875,1251.4000244140625,1256.0,7005789
2026-08-28,Axis Bank Ltd,AXISBANK.NS,1256.0,1265.4000244140625,1248.199951171875,1265.0,3243469
2026-08-31,Axis Bank Ltd,AXISBANK.NS,1257.0,1300.0,1251.199951171875,1300.0,6093670
2026-09-01,Axis Bank Ltd,AXISBANK.NS,1274.9000244140625,1275.0999755859375,1255.0,1258.0,5588158
2026-09-02,Axis Bank Ltd,AXISBANK.NS,1254.5999755859375,1266.9000244140625,1250.0,1253.9000244140625,6437250
2026-09-03,Axis Bank Ltd,AXISBANK.NS,1265.0,1278.9000244140625,1260.199951171875,1267.0,3309215
2026-09-04,Axis Bank Ltd,AXISBANK.NS,1270.300048828125,1280.699951171875,1262.0,1273.0,3810611
2026-09-07,Axis Bank Ltd,AXISBANK.NS,1271.0,1271.9000244140625,1261.5999755859375,1266.0,1592707
2026-09-08,Axis Bank Ltd,AXISBANK.NS,1262.800048828125,1264.9000244140625,1239.5,1244.9000244140625,3623260
2026-09-09,Axis Bank Ltd,AXISBANK.NS,1236.0,1257.4000244140625,1234.699951171875,1238.5,6679663
2026-09-10,Axis Bank Ltd,AXISBANK.NS,1242.0999755859375,1255.199951171875,1240.4000244140625,1246.0,4150654
2026-09-11,Axis Bank Ltd,AXISBANK.NS,1237.9000244140625,1252.800048828125,1229.800048828125,1246.0,4562285
2026-09-14,Axis Bank Ltd,AXISBANK.NS,1246.0,1246.0,1246.0,1246.0,0
2026-09-15,Axis Bank Ltd,AXISBANK.NS,1254.0,1254.0,1219.9000244140625,1222.9000244140625,5698466
2026-09-16,Axis Bank Ltd,AXISBANK.NS,1230.0,1252.5,1223.699951171875,1241.0,5799541
2026-09-17,Axis Bank Ltd,AXISBANK.NS,1238.0,1257.5999755859375,1233.0,1240.0,4413665
2026-09-18,Axis Bank Ltd,AXISBANK.NS,1244.0,1257.0,1240.5,1257.0,5693016
2026-09-21,Axis Bank Ltd,AXISBANK.NS,1248.0,1254.300048828125,1242.0,1250.0,3680283
2026-09-22,Axis Bank Ltd,AXISBANK.NS,1245.199951171875,1255.5999755859375,1240.0999755859375,1242.699951171875,2689110
2026-09-23,Axis Bank Ltd,AXISBANK.NS,1242.199951171875,1252.0,1238.9000244140625,1243.199951171875,2287837
2026-09-24,Axis Bank Ltd,AXISBANK.NS,1225.199951171875,1225.199951171875,1175.0,1186.5,10890660
2026-09-25,Axis Bank Ltd,AXISBANK.NS,1191.5,1225.0,1191.5,1222.4000244140625,6923162
2026-09-28,Axis Bank Ltd,AXISBANK.NS,1211.5,1217.800048828125,1205.0,1209.9000244140625,4771499
2026-09-29,Axis Bank Ltd,AXISBANK.NS,1202.0,1212.0999755859375,1190.5,1212.0999755859375,7260302
2026-09-30,Axis Bank Ltd,AXISBANK.NS,1201.0999755859375,1237.0999755859375,1201.0999755859375,1226.0,6178741
2026-10-01,Axis Bank Ltd,AXISBANK.NS,1219.0999755859375,1241.5999755859375,1215.300048828125,1217.0999755859375,7005197
2025-10-03,Bajaj Finance Ltd,BAJFINANCE.NS,975.0,992.2000122070312,972.0,989.75,7692197
2025-10-06,Bajaj Finance Ltd,BAJFINANCE.NS,993.0,1023.0,992.0999755859375,1008.9000244140625,9299635
2025-10-07,Bajaj Finance Ltd,BAJFINANCE.NS,1008.9000244140625,1029.5,1008.9000244140625,1016.5499877929688,7991437
2025-10-08,Bajaj Finance Ltd,BAJFINANCE.NS,1012.0499877929688,1028.0,1012.0499877929688,1023.1500244140625,4448915
2025-10-09,Bajaj Finance Ltd,BAJFINANCE.NS,1023.0,1029.0,1014.9500122070312,1024.0999755859375,4444154
2025-10-10,Bajaj Finance Ltd,BAJFINANCE.NS,1018.0999755859375,1027.5,1017.0,1023.8499755859375,3714548
2025-10-13,Bajaj Finance Ltd,BAJFINANCE.NS,1023.8499755859375,1040.0,1021.5,1036.75,7684523
2025-10-14,Bajaj Finance Ltd,BAJFINANCE.NS,1040.0,1042.0999755859375,1011.3499755859375,1019.1500244140625,7668358
2025-10-15,Bajaj Finance Ltd,BAJFINANCE.NS,1026.0,1063.0,1018.4000244140625,1059.9000244140625,10205158
2025-10-16,Bajaj Finance Ltd,BAJFINANCE.NS,1062.0,1081.0999755859375,1058.8499755859375,1065.75,9901992
2025-10-17,Bajaj Finance Ltd,BAJFINANCE.NS,1056.0999755859375,1076.449951171875,1056.0999755859375,1070.0999755859375,5761670
2025-10-20,Bajaj Finance Ltd,BAJFINANCE.NS,1081.5,1086.5,1072.199951171875,1081.0,5700858
2025-10-21,Bajaj Finance Ltd,BAJFINANCE.NS,1084.9000244140625,1089.0,1081.0,1086.5,911624
2025-10-23,Bajaj Finance Ltd,BAJFINANCE.NS,1090.0,1102.5,1083.9000244140625,1094.1500244140625,11143407
2025-10-24,Bajaj Finance Ltd,BAJFINANCE.NS,1093.5,1098.5999755859375,1087.4000244140625,1089.75,6440277
2025-10-27,Bajaj Finance Ltd,BAJFINANCE.NS,1090.949951171875,1094.0,1075.75,1084.4000244140625,7366175
2025-10-28,Bajaj Finance Ltd,BAJFINANCE.NS,1078.0,1092.4000244140625,1063.050048828125,1072.75,12324341
2025-10-29,Bajaj Finance Ltd,BAJFINANCE.NS,1072.0,1079.1500244140625,1061.25,1062.949951171875,5386803
2025-10-30,Bajaj Finance Ltd,BAJFINANCE.NS,1063.0,1066.800048828125,1045.0,1052.300048828125,4271927
2025-10-31,Bajaj Finance Ltd,BAJFINANCE.NS,1052.0,1069.449951171875,1041.4000244140625,1042.800048828125,5315632
2025-11-03,Bajaj Finance Ltd,BAJFINANCE.NS,1037.0,1048.0,1031.0,1043.0999755859375,4135617
2025-11-04,Bajaj Finance Ltd,BAJFINANCE.NS,1040.0,1060.4000244140625,1035.0,1057.0,6202540
2025-11-06,Bajaj Finance Ltd,BAJFINANCE.NS,1037.0,1052.800048828125,1035.0,1041.9000244140625,5776277
2025-11-07,Bajaj Finance Ltd,BAJFINANCE.NS,1039.0,1076.9000244140625,1034.199951171875,1066.5999755859375,6940923
2025-11-10,Bajaj Finance Ltd,BAJFINANCE.NS,1066.5999755859375,1088.0,1062.9000244140625,1085.0,5692236
2025-11-11,Bajaj Finance Ltd,BAJFINANCE.NS,1043.699951171875,1043.699951171875,997.0,1005.2000122070312,23762890
2025-11-12,Bajaj Finance Ltd,BAJFINANCE.NS,1011.0,1018.4000244140625,1008.7999877929688,1013.2000122070312,11131278
2025-11-13,Bajaj Finance Ltd,BAJFINANCE.NS,1012.5,1019.4000244140625,1003.5,1005.4000244140625,8503994
2025-11-14,Bajaj Finance Ltd,BAJFINANCE.NS,1004.9000244140625,1019.9000244140625,1002.5999755859375,1018.5,4381122
2025-11-17,Bajaj Finance Ltd,BAJFINANCE.NS,1021.0,1033.0,1017.0,1026.800048828125,6011603
2025-11-18,Bajaj Finance Ltd,BAJFINANCE.NS,1021.2000122070312,1024.0999755859375,1011.7000122070312,1013.5999755859375,4562185
2025-11-19,Bajaj Finance Ltd,BAJFINANCE.NS,1009.0,1016.0999755859375,1004.5999755859375,1005.5999755859375,5158832
2025-11-20,Bajaj Finance Ltd,BAJFINANCE.NS,1015.0,1031.699951171875,1007.2999877929688,1028.5999755859375,5459073
2025-11-21,Bajaj Finance Ltd,BAJFINANCE.NS,1020.0,1027.5999755859375,1001.5,1004.0999755859375,6304584
2025-11-24,Bajaj Finance Ltd,BAJFINANCE.NS,1005.0,1009.2999877929688,990.0,994.0,9574900
2025-11-25,Bajaj Finance Ltd,BAJFINANCE.NS,995.0,996.9000244140625,984.5,986.2000122070312,6376983
2025-11-26,Bajaj Finance Ltd,BAJFINANCE.NS,986.2000122070312,1012.7999877929688,981.2999877929688,1010.7000122070312,9772235
2025-11-27,Bajaj Finance Ltd,BAJFINANCE.NS,1015.5999755859375,1044.9000244140625,1010.9000244140625,1033.800048828125,12076038
2025-11-28,Bajaj Finance Ltd,BAJFINANCE.NS,1038.0,1043.5,1031.0,1037.5,4983147
2025-12-01,Bajaj Finance Ltd,BAJFINANCE.NS,1041.9000244140625,1042.0,1018.7999877929688,1021.0999755859375,6459837
2025-12-02,Bajaj Finance Ltd,BAJFINANCE.NS,1014.5,1036.0,1013.9000244140625,1025.5,6706145
2025-12-03,Bajaj Finance Ltd,BAJFINANCE.NS,1021.0,1026.300048828125,1014.2000122070312,1021.4000244140625,5895670
2025-12-04,Bajaj Finance Ltd,BAJFINANCE.NS,1018.0,1032.300048828125,1016.0,1029.0999755859375,5404918
2025-12-05,Bajaj Finance Ltd,BAJFINANCE.NS,1028.9000244140625,1061.0,1026.5,1048.0,13123572
2025-12-08,Bajaj Finance Ltd,BAJFINANCE.NS,1048.0,1049.800048828125,1023.0,1026.4000244140625,5189635
2025-12-09,Bajaj Finance Ltd,BAJFINANCE.NS,1025.0,1026.0,1013.7000122070312,1016.7000122070312,5968501
2025-12-10,Bajaj Finance Ltd,BAJFINANCE.NS,1016.0,1021.7000122070312,1007.2999877929688,1010.2999877929688,4990527
2025-12-11,Bajaj Finance Ltd,BAJFINANCE.NS,1011.9000244140625,1020.5,1000.0999755859375,1006.4000244140625,4670539
2025-12-12,Bajaj Finance Ltd,BAJFINANCE.NS,1000.0,1020.7999877929688,1000.0,1017.2999877929688,4381711
2025-12-15,Bajaj Finance Ltd,BAJFINANCE.NS,1015.0,1016.5,1008.0,1012.7000122070312,3958977
2025-12-16,Bajaj Finance Ltd,BAJFINANCE.NS,1007.5,1010.5999755859375,996.5,998.4000244140625,3861617
2025-12-17,Bajaj Finance Ltd,BAJFINANCE.NS,1000.0,1011.2000122070312,995.2999877929688,999.5999755859375,4695550
2025-12-18,Bajaj Finance Ltd,BAJFINANCE.NS,1002.0999755859375,1009.7000122070312,995.0,1000.2999877929688,3103997
2025-12-19,Bajaj Finance Ltd,BAJFINANCE.NS,1003.2000122070312,1014.0,1002.5,1008.2999877929688,5126009
2025-12-22,Bajaj Finance Ltd,BAJFINANCE.NS,1008.2999877929688,1015.4000244140625,1005.0,1007.7999877929688,3921237
2025-12-23,Bajaj Finance Ltd,BAJFINANCE.NS,1013.5,1018.0,1005.7000122070312,1011.4000244140625,4712043
2025-12-24,Bajaj Finance Ltd,BAJFINANCE.NS,1011.0,1037.4000244140625,1006.0,1011.7000122070312,5984816
2025-12-26,Bajaj Finance Ltd,BAJFINANCE.NS,1011.7000122070312,1011.7000122070312,998.0,1000.0,5211460
2025-12-29,Bajaj Finance Ltd,BAJFINANCE.NS,1003.0,1003.9000244140625,989.5999755859375,998.0,6715489
2025-12-30,Bajaj Finance Ltd,BAJFINANCE.NS,994.0999755859375,997.5999755859375,987.0999755859375,989.2999877929688,7473887
2025-12-31,Bajaj Finance Ltd,BAJFINANCE.NS,990.0,994.2000122070312,978.4000244140625,986.7999877929688,9895270
2026-01-01,Bajaj Finance Ltd,BAJFINANCE.NS,988.2000122070312,989.0,969.0,973.0999755859375,7118751
2026-01-02,Bajaj Finance Ltd,BAJFINANCE.NS,972.9000244140625,994.2000122070312,960.5999755859375,990.4500122070312,6206869
2026-01-05,Bajaj Finance Ltd,BAJFINANCE.NS,979.7000122070312,999.1500244140625,975.0,978.75,10564157
2026-01-06,Bajaj Finance Ltd,BAJFINANCE.NS,978.0,987.0,973.2999877929688,977.3499755859375,8380183
2026-01-07,Bajaj Finance Ltd,BAJFINANCE.NS,973.0499877929688,976.4500122070312,965.0499877929688,968.7999877929688,7048491
2026-01-08,Bajaj Finance Ltd,BAJFINANCE.NS,968.5,978.3499755859375,965.2999877929688,971.9500122070312,4410256
2026-01-09,Bajaj Finance Ltd,BAJFINANCE.NS,970.0999755859375,983.0,953.7000122070312,959.5999755859375,7598970
2026-01-12,Bajaj Finance Ltd,BAJFINANCE.NS,958.7999877929688,961.4000244140625,939.8499755859375,951.9000244140625,5640136
2026-01-13,Bajaj Finance Ltd,BAJFINANCE.NS,950.0,955.8499755859375,939.0,949.0,6765116
2026-01-14,Bajaj Finance Ltd,BAJFINANCE.NS,947.0,953.9000244140625,943.1500244140625,945.9500122070312,4452202
2026-01-15,Bajaj Finance Ltd,BAJFINANCE.NS,945.9500122070312,945.9500122070312,945.9500122070312,945.9500122070312,0
2026-01-16,Bajaj Finance Ltd,BAJFINANCE.NS,940.2000122070312,963.0,936.7999877929688,950.25,10710080
2026-01-19,Bajaj Finance Ltd,BAJFINANCE.NS,950.5,972.9000244140625,948.8499755859375,969.4500122070312,7000442
2026-01-20,Bajaj Finance Ltd,BAJFINANCE.NS,975.7000122070312,975.7000122070312,927.9000244140625,933.2000122070312,9001207
2026-01-21,Bajaj Finance Ltd,BAJFINANCE.NS,925.0,947.2999877929688,921.0,936.25,5375254
2026-01-22,Bajaj Finance Ltd,BAJFINANCE.NS,947.0,947.0,934.25,942.8499755859375,5518756
2026-01-23,Bajaj Finance Ltd,BAJFINANCE.NS,942.8499755859375,951.4000244140625,926.2999877929688,927.8499755859375,6535035
2026-01-27,Bajaj Finance Ltd,BAJFINANCE.NS,930.0,931.9500122070312,907.7000122070312,914.7000122070312,15312488
2026-01-28,Bajaj Finance Ltd,BAJFINANCE.NS,914.7000122070312,936.9000244140625,914.7000122070312,935.1500244140625,6046468
2026-01-29,Bajaj Finance Ltd,BAJFINANCE.NS,935.1500244140625,939.7999877929688,923.7000122070312,935.1500244140625,6430445
2026-01-30,Bajaj Finance Ltd,BAJFINANCE.NS,928.3499755859375,938.0,925.1500244140625,929.8499755859375,10151379
2026-02-02,Bajaj Finance Ltd,BAJFINANCE.NS,887.0,909.4000244140625,887.0,903.7000122070312,11874989
2026-02-03,Bajaj Finance Ltd,BAJFINANCE.NS,960.0,972.7999877929688,941.9000244140625,964.4000244140625,15261370
2026-02-04,Bajaj Finance Ltd,BAJFINANCE.NS,965.0,975.7000122070312,944.1500244140625,963.2999877929688,17489015
2026-02-05,Bajaj Finance Ltd,BAJFINANCE.NS,964.0,968.5,953.0,964.75,6020258
2026-02-06,Bajaj Finance Ltd,BAJFINANCE.NS,973.9500122070312,986.5,966.0999755859375,981.7000122070312,13742927
2026-02-09,Bajaj Finance Ltd,BAJFINANCE.NS,988.0,988.0,971.5999755859375,983.1500244140625,4852548
2026-02-10,Bajaj Finance Ltd,BAJFINANCE.NS,983.1500244140625,985.1500244140625,961.2999877929688,965.5999755859375,6166752
2026-02-11,Bajaj Finance Ltd,BAJFINANCE.NS,965.2999877929688,974.5,961.4000244140625,968.9500122070312,3597342
2026-02-12,Bajaj Finance Ltd,BAJFINANCE.NS,968.2999877929688,1002.0,965.0,999.0999755859375,10346853
2026-02-13,Bajaj Finance Ltd,BAJFINANCE.NS,995.0,1032.0,992.7999877929688,1024.75,21613987
2026-02-16,Bajaj Finance Ltd,BAJFINANCE.NS,1023.0499877929688,1029.300048828125,1003.2999877929688,1012.75,4460636
2026-02-17,Bajaj Finance Ltd,BAJFINANCE.NS,1012.75,1016.3499755859375,1004.0,1014.1500244140625,2913899
2026-02-18,Bajaj Finance Ltd,BAJFINANCE.NS,1014.5499877929688,1025.699951171875,1007.0499877929688,1023.7999877929688,4929647
2026-02-19,Bajaj Finance Ltd,BAJFINANCE.NS,1024.0,1024.5,1007.0,1017.0499877929688,9866245
2026-02-20,Bajaj Finance Ltd,BAJFINANCE.NS,1015.9000244140625,1036.5999755859375,1008.75,1030.199951171875,6922705
2026-02-23,Bajaj Finance Ltd,BAJFINANCE.NS,1032.449951171875,1046.0,1029.050048828125,1031.0,9452225
2026-02-24,Bajaj Finance Ltd,BAJFINANCE.NS,1026.300048828125,1028.75,1010.2999877929688,1023.5499877929688,6610984
2026-02-25,Bajaj Finance Ltd,BAJFINANCE.NS,1028.0,1034.0,1013.4000244140625,1021.0499877929688,3182612
2026-02-26,Bajaj Finance Ltd,BAJFINANCE.NS,1020.75,1031.199951171875,1006.0499877929688,1012.9500122070312,4336261
2026-02-27,Bajaj Finance Ltd,BAJFINANCE.NS,1008.9500122070312,1014.9000244140625,993.0999755859375,995.9000244140625,8145772
2026-03-02,Bajaj Finance Ltd,BAJFINANCE.NS,971.0,990.4000244140625,968.0,978.25,8493269
2026-03-04,Bajaj Finance Ltd,BAJFINANCE.NS,967.0,967.0,941.2999877929688,945.0999755859375,8964293
2026-03-05,Bajaj Finance Ltd,BAJFINANCE.NS,958.0,968.25,945.9000244140625,962.4000244140625,6181254
2026-03-06,Bajaj Finance Ltd,BAJFINANCE.NS,960.0,961.5,946.5999755859375,950.2000122070312,6560051
2026-03-09,Bajaj Finance Ltd,BAJFINANCE.NS,921.7999877929688,941.0999755859375,909.0499877929688,938.0499877929688,9182152
2026-03-10,Bajaj Finance Ltd,BAJFINANCE.NS,950.0,952.1500244140625,931.8499755859375,939.7999877929688,8474956
2026-03-11,Bajaj Finance Ltd,BAJFINANCE.NS,932.2000122070312,941.25,890.0,893.6500244140625,11172537
2026-03-12,Bajaj Finance Ltd,BAJFINANCE.NS,880.0999755859375,888.2000122070312,858.3499755859375,863.0999755859375,15508258
2026-03-13,Bajaj Finance Ltd,BAJFINANCE.NS,861.0,868.3499755859375,848.7999877929688,855.0499877929688,6668639
2026-03-16,Bajaj Finance Ltd,BAJFINANCE.NS,850.0999755859375,881.9000244140625,850.0999755859375,878.1500244140625,8982957
2026-03-17,Bajaj Finance Ltd,BAJFINANCE.NS,878.1500244140625,881.0499877929688,859.5499877929688,868.5999755859375,7941385
2026-03-18,Bajaj Finance Ltd,BAJFINANCE.NS,876.0999755859375,893.9500122070312,858.2000122070312,880.0999755859375,12375517
2026-03-19,Bajaj Finance Ltd,BAJFINANCE.NS,868.2000122070312,869.9000244140625,826.7000122070312,832.2000122070312,11585591
2026-03-20,Bajaj Finance Ltd,BAJFINANCE.NS,836.7000122070312,841.9500122070312,819.25,830.5499877929688,14881843
2026-03-23,Bajaj Finance Ltd,BAJFINANCE.NS,818.0999755859375,818.7999877929688,787.9000244140625,812.5999755859375,15835828
2026-03-24,Bajaj Finance Ltd,BAJFINANCE.NS,830.0,854.0,817.5999755859375,849.0,18828248
2026-03-25,Bajaj Finance Ltd,BAJFINANCE.NS,862.0499877929688,888.7999877929688,853.2999877929688,882.75,15995501
2026-03-27,Bajaj Finance Ltd,BAJFINANCE.NS,875.0,875.1500244140625,841.25,843.7999877929688,11282824
2026-03-30,Bajaj Finance Ltd,BAJFINANCE.NS,831.0,834.9000244140625,799.0,801.5499877929688,20377282
2026-04-01,Bajaj Finance Ltd,BAJFINANCE.NS,832.7999877929688,842.0499877929688,814.7999877929688,817.2999877929688,15094026
2026-04-02,Bajaj Finance Ltd,BAJFINANCE.NS,809.0,830.0499877929688,792.4500122070312,826.8499755859375,9113618
2026-04-06,Bajaj Finance Ltd,BAJFINANCE.NS,828.9000244140625,853.0,814.25,850.8499755859375,12504591
2026-04-07,Bajaj Finance Ltd,BAJFINANCE.NS,848.0,862.7999877929688,844.4500122070312,855.0999755859375,11569047
2026-04-08,Bajaj Finance Ltd,BAJFINANCE.NS,890.0,926.0,881.0,915.0499877929688,13826150
2026-04-09,Bajaj Finance Ltd,BAJFINANCE.NS,902.0,913.4000244140625,891.4000244140625,903.25,9457820
2026-04-10,Bajaj Finance Ltd,BAJFINANCE.NS,915.75,927.2999877929688,912.2999877929688,924.5499877929688,9491544
2026-04-13,Bajaj Finance Ltd,BAJFINANCE.NS,896.1500244140625,905.9000244140625,881.0999755859375,898.9500122070312,10723313
2026-04-15,Bajaj Finance Ltd,BAJFINANCE.NS,925.0,925.0,911.0999755859375,913.1500244140625,5975197
2026-04-16,Bajaj Finance Ltd,BAJFINANCE.NS,919.0,932.5999755859375,904.0,905.9000244140625,11805227
2026-04-17,Bajaj Finance Ltd,BAJFINANCE.NS,902.1500244140625,910.4500122070312,895.7999877929688,908.25,6035241
2026-04-20,Bajaj Finance Ltd,BAJFINANCE.NS,908.25,920.9000244140625,898.0,917.75,6184179
2026-04-21,Bajaj Finance Ltd,BAJFINANCE.NS,919.5,945.9500122070312,919.0,938.8499755859375,6713975
2026-04-22,Bajaj Finance Ltd,BAJFINANCE.NS,938.0,946.3499755859375,930.1500244140625,934.75,5759028
2026-04-23,Bajaj Finance Ltd,BAJFINANCE.NS,926.0999755859375,929.8499755859375,909.3499755859375,918.3499755859375,9143598
2026-04-24,Bajaj Finance Ltd,BAJFINANCE.NS,920.0,924.7000122070312,909.7999877929688,921.5499877929688,3982355
2026-04-27,Bajaj Finance Ltd,BAJFINANCE.NS,923.0499877929688,928.9500122070312,908.2999877929688,921.7999877929688,7813458
2026-04-28,Bajaj Finance Ltd,BAJFINANCE.NS,921.7999877929688,929.9000244140625,914.3499755859375,923.6500244140625,7119135
2026-04-29,Bajaj Finance Ltd,BAJFINANCE.NS,925.0,937.0,916.5999755859375,930.0,5438997
2026-04-30,Bajaj Finance Ltd,BAJFINANCE.NS,945.0,975.0,933.9000244140625,937.0,27364272
2026-05-01,Bajaj Finance Ltd,BAJFINANCE.NS,937.0,937.0,937.0,937.0,0
2026-05-04,Bajaj Finance Ltd,BAJFINANCE.NS,938.0999755859375,966.0,938.0999755859375,950.2000122070312,7503756
2026-05-05,Bajaj Finance Ltd,BAJFINANCE.NS,950.2000122070312,961.0999755859375,933.1500244140625,958.5999755859375,7290077
2026-05-06,Bajaj Finance Ltd,BAJFINANCE.NS,965.0,984.0,965.0,980.75,7771237
2026-05-07,Bajaj Finance Ltd,BAJFINANCE.NS,992.25,992.25,969.0,972.75,7873561
2026-05-08,Bajaj Finance Ltd,BAJFINANCE.NS,971.0,971.9500122070312,951.0,955.3499755859375,5555386
2026-05-11,Bajaj Finance Ltd,BAJFINANCE.NS,946.0,956.0,933.5499877929688,936.0499877929688,5581022
2026-05-12,Bajaj Finance Ltd,BAJFINANCE.NS,928.0,932.6500244140625,901.75,904.2000122070312,7174645
2026-05-13,Bajaj Finance Ltd,BAJFINANCE.NS,902.0,907.4000244140625,890.0499877929688,896.1500244140625,7422952
2026-05-14,Bajaj Finance Ltd,BAJFINANCE.NS,902.9000244140625,915.0,889.0,912.1500244140625,6815238
2026-05-15,Bajaj Finance Ltd,BAJFINANCE.NS,913.0,921.5999755859375,907.3499755859375,910.4500122070312,5012279
2026-05-18,Bajaj Finance Ltd,BAJFINANCE.NS,900.0,925.0,890.7000122070312,921.0999755859375,6387223
2026-05-19,Bajaj Finance Ltd,BAJFINANCE.NS,927.5999755859375,930.0,920.0999755859375,923.5499877929688,8313548
2026-05-20,Bajaj Finance Ltd,BAJFINANCE.NS,910.0,926.2999877929688,908.4500122070312,923.0999755859375,5864990
2026-05-21,Bajaj Finance Ltd,BAJFINANCE.NS,933.0,934.9000244140625,903.25,907.6500244140625,9713326
2026-05-22,Bajaj Finance Ltd,BAJFINANCE.NS,908.0999755859375,924.0,908.0999755859375,916.5499877929688,4811990
2026-05-25,Bajaj Finance Ltd,BAJFINANCE.NS,926.0999755859375,944.0,924.4500122070312,941.9000244140625,7065528
2026-05-26,Bajaj Finance Ltd,BAJFINANCE.NS,943.9500122070312,948.4000244140625,928.0999755859375,930.2000122070312,8489543
2026-05-27,Bajaj Finance Ltd,BAJFINANCE.NS,932.0,935.9500122070312,923.0,931.1500244140625,5349669
2026-05-28,Bajaj Finance Ltd,BAJFINANCE.NS,931.1500244140625,931.1500244140625,931.1500244140625,931.1500244140625,0
2026-05-29,Bajaj Finance Ltd,BAJFINANCE.NS,915.0999755859375,937.7999877929688,895.2999877929688,908.25,46752428
2026-06-01,Bajaj Finance Ltd,BAJFINANCE.NS,911.4500122070312,918.0,888.0,889.0499877929688,6887616
2026-06-02,Bajaj Finance Ltd,BAJFINANCE.NS,874.0,884.4000244140625,860.4500122070312,882.0,15697997
2026-06-03,Bajaj Finance Ltd,BAJFINANCE.NS,882.0,882.0,863.5,876.7999877929688,14747769
2026-06-04,Bajaj Finance Ltd,BAJFINANCE.NS,870.2000122070312,879.1500244140625,868.0,874.4000244140625,9676279
2026-06-05,Bajaj Finance Ltd,BAJFINANCE.NS,874.0,913.0,874.0,889.4000244140625,13274646
2026-06-08,Bajaj Finance Ltd,BAJFINANCE.NS,873.0,879.4000244140625,866.5,871.0999755859375,6203084
2026-06-09,Bajaj Finance Ltd,BAJFINANCE.NS,886.0,888.75,872.0999755859375,886.9000244140625,9183355
2026-06-10,Bajaj Finance Ltd,BAJFINANCE.NS,890.0999755859375,894.7000122070312,880.0999755859375,884.0999755859375,6939714
2026-06-11,Bajaj Finance Ltd,BAJFINANCE.NS,880.0,886.9500122070312,868.5,870.5499877929688,5191085
2026-06-12,Bajaj Finance Ltd,BAJFINANCE.NS,881.2000122070312,921.0,881.0999755859375,918.2999877929688,11729668
2026-06-15,Bajaj Finance Ltd,BAJFINANCE.NS,942.0,959.0,939.0,942.2999877929688,11989428
2026-06-16,Bajaj Finance Ltd,BAJFINANCE.NS,946.0,963.9000244140625,946.0,959.6500244140625,9335988
2026-06-17,Bajaj Finance Ltd,BAJFINANCE.NS,955.0999755859375,961.7999877929688,951.5499877929688,958.4000244140625,5682977
2026-06-18,Bajaj Finance Ltd,BAJFINANCE.NS,958.3499755859375,960.9500122070312,948.0,958.8499755859375,5750456
2026-06-19,Bajaj Finance Ltd,BAJFINANCE.NS,954.0499877929688,971.7000122070312,953.25,961.7999877929688,12941776
2026-06-22,Bajaj Finance Ltd,BAJFINANCE.NS,966.0499877929688,972.9500122070312,961.5499877929688,968.2999877929688,5680845
2026-06-23,Bajaj Finance Ltd,BAJFINANCE.NS,968.2999877929688,977.7000122070312,960.5,962.4000244140625,8202516
2026-06-24,Bajaj Finance Ltd,BAJFINANCE.NS,952.4000244140625,993.9000244140625,952.4000244140625,990.9500122070312,9873777
2026-06-25,Bajaj Finance Ltd,BAJFINANCE.NS,996.2000122070312,1005.5999755859375,978.9000244140625,980.4000244140625,12807092
2026-06-26,Bajaj Finance Ltd,BAJFINANCE.NS,980.4000244140625,980.4000244140625,980.4000244140625,980.4000244140625,0
2026-06-29,Bajaj Finance Ltd,BAJFINANCE.NS,975.2999877929688,992.2999877929688,975.2999877929688,982.0499877929688,19875760
2026-06-30,Bajaj Finance Ltd,BAJFINANCE.NS,986.9000244140625,1010.9500122070312,977.7000122070312,1004.75,12445420
2026-07-01,Bajaj Finance Ltd,BAJFINANCE.NS,1000.4000244140625,1025.4000244140625,998.9000244140625,1014.9000244140625,6834299
2026-07-02,Bajaj Finance Ltd,BAJFINANCE.NS,994.7000122070312,1025.699951171875,993.4000244140625,1018.4000244140625,8168339
2026-07-03,Bajaj Finance Ltd,BAJFINANCE.NS,1035.0,1040.0,1017.5999755859375,1031.4000244140625,9399193
2026-07-06,Bajaj Finance Ltd,BAJFINANCE.NS,1040.0,1040.199951171875,1024.800048828125,1029.0999755859375,4819952
2026-07-07,Bajaj Finance Ltd,BAJFINANCE.NS,1024.0,1052.9000244140625,1024.0,1042.5,9101171
2026-07-08,Bajaj Finance Ltd,BAJFINANCE.NS,1025.0,1034.699951171875,1004.0999755859375,1010.4000244140625,8313859
2026-07-09,Bajaj Finance Ltd,BAJFINANCE.NS,1000.0,1013.5,994.0999755859375,1003.7999877929688,11712515
2026-07-10,Bajaj Finance Ltd,BAJFINANCE.NS,1010.0999755859375,1023.9000244140625,1004.2000122070312,1020.5,7039305
2026-07-13,Bajaj Finance Ltd,BAJFINANCE.NS,1014.0,1028.0,1003.7000122070312,1022.5999755859375,4874070
2026-07-14,Bajaj Finance Ltd,BAJFINANCE.NS,1007.0,1022.0,995.2000122070312,1006.5999755859375,6458393
2026-07-15,Bajaj Finance Ltd,BAJFINANCE.NS,1006.5999755859375,1037.300048828125,1006.5999755859375,1021.2999877929688,5538356
2026-07-16,Bajaj Finance Ltd,BAJFINANCE.NS,1024.0,1042.4000244140625,1021.2000122070312,1037.5999755859375,9079076
2026-07-17,Bajaj Finance Ltd,BAJFINANCE.NS,1044.9000244140625,1058.5,1037.5999755859375,1056.300048828125,12882360
2026-07-20,Bajaj Finance Ltd,BAJFINANCE.NS,1057.0,1067.699951171875,1038.199951171875,1064.0,9348760
2026-07-21,Bajaj Finance Ltd,BAJFINANCE.NS,1064.0,1074.4000244140625,1060.9000244140625,1069.199951171875,6970658
2026-07-22,Bajaj Finance Ltd,BAJFINANCE.NS,1064.0,1070.5999755859375,1056.0999755859375,1060.300048828125,6757716
2026-07-23,Bajaj Finance Ltd,BAJFINANCE.NS,1053.300048828125,1061.199951171875,1036.5,1039.800048828125,8016651
2026-07-24,Bajaj Finance Ltd,BAJFINANCE.NS,1027.300048828125,1030.199951171875,1001.2999877929688,1012.7999877929688,18416962
2026-07-27,Bajaj Finance Ltd,BAJFINANCE.NS,1026.699951171875,1050.0,1026.5999755859375,1048.300048828125,7610916
2026-07-28,Bajaj Finance Ltd,BAJFINANCE.NS,1049.0,1055.0,1042.4000244140625,1048.4000244140625,4726447
2026-07-29,Bajaj Finance Ltd,BAJFINANCE.NS,1056.0,1065.9000244140625,1048.4000244140625,1054.4000244140625,6444368
2026-07-30,Bajaj Finance Ltd,BAJFINANCE.NS,1046.0,1068.0,1035.0999755859375,1053.5,9866564
2026-07-31,Bajaj Finance Ltd,BAJFINANCE.NS,1095.0,1151.5,1083.5999755859375,1141.199951171875,40814590
2026-08-03,Bajaj Finance Ltd,BAJFINANCE.NS,1176.300048828125,1176.4000244140625,1140.199951171875,1153.0,13758012
2026-08-04,Bajaj Finance Ltd,BAJFINANCE.NS,1164.0,1164.0,1139.5,1149.0,9437990
2026-08-05,Bajaj Finance Ltd,BAJFINANCE.NS,1152.0,1166.0,1145.0999755859375,1158.800048828125,5154683
2026-08-06,Bajaj Finance Ltd,BAJFINANCE.NS,1155.5,1160.199951171875,1144.5999755859375,1144.800048828125,6472397
2026-08-07,Bajaj Finance Ltd,BAJFINANCE.NS,1113.0,1113.0,1074.5,1078.0,15614001
2026-08-10,Bajaj Finance Ltd,BAJFINANCE.NS,1078.0,1106.0999755859375,1070.800048828125,1102.199951171875,7303098
2026-08-11,Bajaj Finance Ltd,BAJFINANCE.NS,1098.0,1101.5,1086.300048828125,1093.300048828125,6523358
2026-08-12,Bajaj Finance Ltd,BAJFINANCE.NS,1093.0,1094.699951171875,1080.0,1094.199951171875,7054842
2026-08-13,Bajaj Finance Ltd,BAJFINANCE.NS,1095.0,1095.300048828125,1083.0,1090.800048828125,2405186
2026-08-14,Bajaj Finance Ltd,BAJFINANCE.NS,1090.800048828125,1098.5,1085.199951171875,1087.0,4225781
2026-08-17,Bajaj Finance Ltd,BAJFINANCE.NS,1080.0,1100.4000244140625,1078.800048828125,1089.300048828125,2295675
2026-08-18,Bajaj Finance Ltd,BAJFINANCE.NS,1088.5999755859375,1100.0,1087.5999755859375,1094.300048828125,3374018
2026-08-19,Bajaj Finance Ltd,BAJFINANCE.NS,1093.9000244140625,1093.9000244140625,1076.4000244140625,1080.199951171875,2877930
2026-08-20,Bajaj Finance Ltd,BAJFINANCE.NS,1089.699951171875,1102.300048828125,1086.300048828125,1095.0,6741475
2026-08-21,Bajaj Finance Ltd,BAJFINANCE.NS,1105.4000244140625,1105.5,1090.5999755859375,1095.0,3042594
2026-08-24,Bajaj Finance Ltd,BAJFINANCE.NS,1086.0,1094.9000244140625,1076.9000244140625,1077.0,4342556
2026-08-25,Bajaj Finance Ltd,BAJFINANCE.NS,1077.0,1087.4000244140625,1066.300048828125,1087.4000244140625,2770499
2026-08-26,Bajaj Finance Ltd,BAJFINANCE.NS,1083.300048828125,1095.0,1082.4000244140625,1085.0,3234877
2026-08-27,Bajaj Finance Ltd,BAJFINANCE.NS,1090.0,1107.0,1083.0,1083.0,5220239
2026-08-28,Bajaj Finance Ltd,BAJFINANCE.NS,1065.699951171875,1081.5,1065.699951171875,1079.9000244140625,4554311
2026-08-31,Bajaj Finance Ltd,BAJFINANCE.NS,1069.4000244140625,1073.0,1052.0,1057.0,7002192
2026-09-01,Bajaj Finance Ltd,BAJFINANCE.NS,1065.0,1067.0,1047.0,1053.9000244140625,4813301
2026-09-02,Bajaj Finance Ltd,BAJFINANCE.NS,1044.199951171875,1061.0,1034.800048828125,1055.9000244140625,6234288
2026-09-03,Bajaj Finance Ltd,BAJFINANCE.NS,1057.0999755859375,1059.699951171875,1043.199951171875,1049.0,6626755
2026-09-04,Bajaj Finance Ltd,BAJFINANCE.NS,1050.5999755859375,1063.5999755859375,1049.699951171875,1060.5,5952048
2026-09-07,Bajaj Finance Ltd,BAJFINANCE.NS,1064.0,1070.0,1054.300048828125,1060.0,3586860
2026-09-08,Bajaj Finance Ltd,BAJFINANCE.NS,1058.800048828125,1059.5999755859375,1050.0,1054.0999755859375,3608327
2026-09-09,Bajaj Finance Ltd,BAJFINANCE.NS,1045.0999755859375,1060.0999755859375,1038.5,1039.300048828125,9244698
2026-09-10,Bajaj Finance Ltd,BAJFINANCE.NS,1042.5,1048.699951171875,1036.5,1043.5,3902988
2026-09-11,Bajaj Finance Ltd,BAJFINANCE.NS,1031.0,1035.0,1015.0999755859375,1034.5,5411299
2026-09-14,Bajaj Finance Ltd,BAJFINANCE.NS,1034.5,1034.5,1034.5,1034.5,0
2026-09-15,Bajaj Finance Ltd,BAJFINANCE.NS,1035.0,1038.5999755859375,1005.5,1009.2000122070312,5792124
2026-09-16,Bajaj Finance Ltd,BAJFINANCE.NS,1010.5,1019.2999877929688,1006.2000122070312,1006.2000122070312,4190272
2026-09-17,Bajaj Finance Ltd,BAJFINANCE.NS,1010.0,1027.9000244140625,1010.0,1015.0,4816547
2026-09-18,Bajaj Finance Ltd,BAJFINANCE.NS,1025.9000244140625,1040.300048828125,1019.0999755859375,1040.300048828125,8201656
2026-09-21,Bajaj Finance Ltd,BAJFINANCE.NS,1035.0,1037.699951171875,1021.2999877929688,1021.2999877929688,4170558
2026-09-22,Bajaj Finance Ltd,BAJFINANCE.NS,1025.300048828125,1029.199951171875,1005.0,1008.7999877929688,4581750
2026-09-23,Bajaj Finance Ltd,BAJFINANCE.NS,1034.699951171875,1043.199951171875,1022.0,1043.199951171875,8618523
2026-09-24,Bajaj Finance Ltd,BAJFINANCE.NS,1005.0,1015.0,974.0,982.0,13385656
2026-09-25,Bajaj Finance Ltd,BAJFINANCE.NS,982.0,997.2000122070312,980.2000122070312,996.9000244140625,5467794
2026-09-28,Bajaj Finance Ltd,BAJFINANCE.NS,990.0,992.2999877929688,974.0,985.0,7707443
2026-09-29,Bajaj Finance Ltd,BAJFINANCE.NS,977.5,979.7000122070312,961.4000244140625,973.7999877929688,8612123
2026-09-30,Bajaj Finance Ltd,BAJFINANCE.NS,981.5,981.5,955.7999877929688,959.4000244140625,6625616
2026-10-01,Bajaj Finance Ltd,BAJFINANCE.NS,953.9000244140625,955.9500122070312,937.2999877929688,948.2999877929688,5698769
2025-10-03,Bharti Airtel Ltd,BHARTIARTL.NS,1851.199951171875,1900.300048828125,1848.0999755859375,1896.699951171875,5828332
2025-10-06,Bharti Airtel Ltd,BHARTIARTL.NS,1892.5999755859375,1907.0,1887.5,1903.0999755859375,2809218
2025-10-07,Bharti Airtel Ltd,BHARTIARTL.NS,1900.0,1946.0,1900.0,1929.0,5713060
2025-10-08,Bharti Airtel Ltd,BHARTIARTL.NS,1929.0,1962.5999755859375,1927.5999755859375,1943.5,4957406
2025-10-09,Bharti Airtel Ltd,BHARTIARTL.NS,1945.0,1948.800048828125,1931.300048828125,1942.0,3945737
2025-10-10,Bharti Airtel Ltd,BHARTIARTL.NS,1937.0,1947.5999755859375,1935.4000244140625,1939.9000244140625,2512581
2025-10-13,Bharti Airtel Ltd,BHARTIARTL.NS,1937.9000244140625,1965.9000244140625,1936.0,1954.9000244140625,3672419
2025-10-14,Bharti Airtel Ltd,BHARTIARTL.NS,1964.0,1964.0,1939.199951171875,1946.5999755859375,4454239
2025-10-15,Bharti Airtel Ltd,BHARTIARTL.NS,1957.199951171875,1976.0,1951.5999755859375,1968.5,3447352
2025-10-16,Bharti Airtel Ltd,BHARTIARTL.NS,1962.300048828125,1986.9000244140625,1962.0,1967.4000244140625,3700674
2025-10-17,Bharti Airtel Ltd,BHARTIARTL.NS,1973.5999755859375,2034.300048828125,1970.300048828125,2012.0,6743801
2025-10-20,Bharti Airtel Ltd,BHARTIARTL.NS,2026.0,2057.0,2019.699951171875,2051.5,7387180
2025-10-21,Bharti Airtel Ltd,BHARTIARTL.NS,2051.800048828125,2058.5,2038.5,2043.5,240850
2025-10-23,Bharti Airtel Ltd,BHARTIARTL.NS,2063.89990234375,2067.0,2003.5999755859375,2007.9000244140625,8790128
2025-10-24,Bharti Airtel Ltd,BHARTIARTL.NS,2008.0,2033.0,2006.9000244140625,2029.300048828125,3236799
2025-10-27,Bharti Airtel Ltd,BHARTIARTL.NS,2030.0,2094.0,2030.0,2080.10009765625,5796831
2025-10-28,Bharti Airtel Ltd,BHARTIARTL.NS,2092.0,2102.60009765625,2071.699951171875,2090.199951171875,9891522
2025-10-29,Bharti Airtel Ltd,BHARTIARTL.NS,2083.0,2110.39990234375,2081.60009765625,2100.60009765625,2742750
2025-10-30,Bharti Airtel Ltd,BHARTIARTL.NS,2070.0,2088.0,2058.60009765625,2066.300048828125,4222189
2025-10-31,Bharti Airtel Ltd,BHARTIARTL.NS,2056.0,2073.800048828125,2051.699951171875,2054.5,4659723
2025-11-03,Bharti Airtel Ltd,BHARTIARTL.NS,2055.0,2081.0,2047.199951171875,2074.0,2979629
2025-11-04,Bharti Airtel Ltd,BHARTIARTL.NS,2107.0,2135.60009765625,2103.5,2113.300048828125,12263078
2025-11-06,Bharti Airtel Ltd,BHARTIARTL.NS,2115.0,2123.300048828125,2080.5,2094.89990234375,9546299
2025-11-07,Bharti Airtel Ltd,BHARTIARTL.NS,2048.0,2048.0,1995.5999755859375,2001.199951171875,70392750
2025-11-10,Bharti Airtel Ltd,BHARTIARTL.NS,1995.0,2028.800048828125,1992.199951171875,2019.800048828125,7457061
2025-11-11,Bharti Airtel Ltd,BHARTIARTL.NS,2020.0999755859375,2056.89990234375,2017.4000244140625,2042.300048828125,14825625
2025-11-12,Bharti Airtel Ltd,BHARTIARTL.NS,2060.0,2079.800048828125,2054.89990234375,2073.800048828125,8210277
2025-11-13,Bharti Airtel Ltd,BHARTIARTL.NS,2099.89990234375,2107.0,2079.0,2091.800048828125,5958875
2025-11-14,Bharti Airtel Ltd,BHARTIARTL.NS,2090.0,2107.89990234375,2081.89990234375,2100.699951171875,6312655
2025-11-17,Bharti Airtel Ltd,BHARTIARTL.NS,2112.0,2122.0,2100.89990234375,2112.199951171875,5998770
2025-11-18,Bharti Airtel Ltd,BHARTIARTL.NS,2122.0,2159.0,2110.300048828125,2149.199951171875,10972556
2025-11-19,Bharti Airtel Ltd,BHARTIARTL.NS,2155.0,2166.199951171875,2146.699951171875,2159.800048828125,7419461
2025-11-20,Bharti Airtel Ltd,BHARTIARTL.NS,2153.10009765625,2169.300048828125,2149.89990234375,2158.300048828125,7452899
2025-11-21,Bharti Airtel Ltd,BHARTIARTL.NS,2150.10009765625,2174.5,2148.60009765625,2162.699951171875,6720938
2025-11-24,Bharti Airtel Ltd,BHARTIARTL.NS,2162.10009765625,2165.800048828125,2140.39990234375,2152.10009765625,9686848
2025-11-25,Bharti Airtel Ltd,BHARTIARTL.NS,2159.0,2170.699951171875,2138.699951171875,2161.60009765625,7102592
2025-11-26,Bharti Airtel Ltd,BHARTIARTL.NS,2104.0,2134.89990234375,2097.5,2126.800048828125,43174047
2025-11-27,Bharti Airtel Ltd,BHARTIARTL.NS,2132.0,2136.89990234375,2103.800048828125,2115.60009765625,4444877
2025-11-28,Bharti Airtel Ltd,BHARTIARTL.NS,2118.0,2129.5,2096.39990234375,2101.60009765625,6263457
2025-12-01,Bharti Airtel Ltd,BHARTIARTL.NS,2114.699951171875,2119.0,2083.10009765625,2089.699951171875,5058900
2025-12-02,Bharti Airtel Ltd,BHARTIARTL.NS,2089.800048828125,2114.800048828125,2087.10009765625,2104.0,6591396
2025-12-03,Bharti Airtel Ltd,BHARTIARTL.NS,2100.10009765625,2109.89990234375,2081.60009765625,2086.0,4357641
2025-12-04,Bharti Airtel Ltd,BHARTIARTL.NS,2094.800048828125,2108.5,2074.10009765625,2103.800048828125,4611819
2025-12-05,Bharti Airtel Ltd,BHARTIARTL.NS,2092.60009765625,2111.89990234375,2090.0,2108.800048828125,2938290
2025-12-08,Bharti Airtel Ltd,BHARTIARTL.NS,2114.39990234375,2114.39990234375,2078.89990234375,2086.199951171875,4327091
2025-12-09,Bharti Airtel Ltd,BHARTIARTL.NS,2086.800048828125,2100.39990234375,2080.39990234375,2089.699951171875,5139229
2025-12-10,Bharti Airtel Ltd,BHARTIARTL.NS,2072.0,2096.89990234375,2062.199951171875,2067.0,3987451
2025-12-11,Bharti Airtel Ltd,BHARTIARTL.NS,2066.0,2069.199951171875,2038.0,2053.199951171875,3254850
2025-12-12,Bharti Airtel Ltd,BHARTIARTL.NS,2053.10009765625,2087.10009765625,2050.60009765625,2083.39990234375,2706420
2025-12-15,Bharti Airtel Ltd,BHARTIARTL.NS,2070.10009765625,2078.89990234375,2061.5,2069.699951171875,3233614
2025-12-16,Bharti Airtel Ltd,BHARTIARTL.NS,2070.10009765625,2106.60009765625,2070.10009765625,2102.0,5756692
2025-12-17,Bharti Airtel Ltd,BHARTIARTL.NS,2117.60009765625,2128.0,2096.39990234375,2108.0,6412516
2025-12-18,Bharti Airtel Ltd,BHARTIARTL.NS,2099.0,2116.60009765625,2088.10009765625,2092.0,3760341
2025-12-19,Bharti Airtel Ltd,BHARTIARTL.NS,2113.89990234375,2115.0,2082.0,2097.699951171875,10127415
2025-12-22,Bharti Airtel Ltd,BHARTIARTL.NS,2118.0,2151.699951171875,2101.699951171875,2147.60009765625,7670853
2025-12-23,Bharti Airtel Ltd,BHARTIARTL.NS,2157.0,2164.0,2119.199951171875,2122.89990234375,4110853
2025-12-24,Bharti Airtel Ltd,BHARTIARTL.NS,2111.0,2137.199951171875,2111.0,2123.699951171875,3145464
2025-12-26,Bharti Airtel Ltd,BHARTIARTL.NS,2123.0,2123.0,2101.800048828125,2105.39990234375,1297870
2025-12-29,Bharti Airtel Ltd,BHARTIARTL.NS,2105.39990234375,2112.699951171875,2079.39990234375,2081.60009765625,2371034
2025-12-30,Bharti Airtel Ltd,BHARTIARTL.NS,2077.0,2102.800048828125,2071.60009765625,2099.800048828125,6983390
2025-12-31,Bharti Airtel Ltd,BHARTIARTL.NS,2096.0,2121.0,2090.10009765625,2105.60009765625,2991434
2026-01-01,Bharti Airtel Ltd,BHARTIARTL.NS,2114.800048828125,2123.89990234375,2107.0,2110.39990234375,2097756
2026-01-02,Bharti Airtel Ltd,BHARTIARTL.NS,2108.0,2125.0,2098.0,2106.300048828125,2927138
2026-01-05,Bharti Airtel Ltd,BHARTIARTL.NS,2102.10009765625,2112.10009765625,2096.5,2105.0,2642580
2026-01-06,Bharti Airtel Ltd,BHARTIARTL.NS,2106.800048828125,2121.800048828125,2087.5,2105.300048828125,9119265
2026-01-07,Bharti Airtel Ltd,BHARTIARTL.NS,2095.60009765625,2103.800048828125,2077.0,2084.199951171875,4171371
2026-01-08,Bharti Airtel Ltd,BHARTIARTL.NS,2088.0,2092.0,2055.0,2066.300048828125,5534929
2026-01-09,Bharti Airtel Ltd,BHARTIARTL.NS,2070.199951171875,2084.0,2023.199951171875,2027.0999755859375,4165409
2026-01-12,Bharti Airtel Ltd,BHARTIARTL.NS,2023.5,2048.800048828125,2001.300048828125,2044.0,4689135
2026-01-13,Bharti Airtel Ltd,BHARTIARTL.NS,2047.0,2049.89990234375,2014.9000244140625,2026.9000244140625,7388496
2026-01-14,Bharti Airtel Ltd,BHARTIARTL.NS,2015.0999755859375,2034.0,2008.699951171875,2022.5,4842964
2026-01-15,Bharti Airtel Ltd,BHARTIARTL.NS,2022.5,2022.5,2022.5,2022.5,0
2026-01-16,Bharti Airtel Ltd,BHARTIARTL.NS,2020.0,2029.699951171875,1988.699951171875,2016.4000244140625,7310676
2026-01-19,Bharti Airtel Ltd,BHARTIARTL.NS,2023.0,2023.0,1996.300048828125,2010.0,4272071
2026-01-20,Bharti Airtel Ltd,BHARTIARTL.NS,2018.0,2018.0,1977.0999755859375,1996.0,6076838
2026-01-21,Bharti Airtel Ltd,BHARTIARTL.NS,1977.0,2007.0999755859375,1967.0,1996.0999755859375,7952295
2026-01-22,Bharti Airtel Ltd,BHARTIARTL.NS,2008.800048828125,2018.9000244140625,1990.0,2002.199951171875,6722567
2026-01-23,Bharti Airtel Ltd,BHARTIARTL.NS,2009.0,2011.699951171875,1980.0999755859375,1984.699951171875,4340925
2026-01-27,Bharti Airtel Ltd,BHARTIARTL.NS,1972.0999755859375,2003.800048828125,1962.699951171875,1973.4000244140625,10510891
2026-01-28,Bharti Airtel Ltd,BHARTIARTL.NS,1995.0,1995.0,1939.0,1957.699951171875,9426909
2026-01-29,Bharti Airtel Ltd,BHARTIARTL.NS,1964.0,1970.5,1939.0,1967.9000244140625,6065044
2026-01-30,Bharti Airtel Ltd,BHARTIARTL.NS,1925.5999755859375,1974.0,1925.5999755859375,1968.699951171875,7683747
2026-02-02,Bharti Airtel Ltd,BHARTIARTL.NS,1936.0999755859375,1969.800048828125,1926.5,1965.4000244140625,5326225
2026-02-03,Bharti Airtel Ltd,BHARTIARTL.NS,2050.0,2050.0,1980.0999755859375,1997.300048828125,6915795
2026-02-04,Bharti Airtel Ltd,BHARTIARTL.NS,2008.0,2034.5999755859375,1998.4000244140625,2025.800048828125,7464725
2026-02-05,Bharti Airtel Ltd,BHARTIARTL.NS,2012.0,2022.9000244140625,1985.0,1992.4000244140625,7708690
2026-02-06,Bharti Airtel Ltd,BHARTIARTL.NS,1994.0,2049.699951171875,1988.5,2038.4000244140625,13870403
2026-02-09,Bharti Airtel Ltd,BHARTIARTL.NS,2051.199951171875,2055.199951171875,2028.699951171875,2038.199951171875,7570161
2026-02-10,Bharti Airtel Ltd,BHARTIARTL.NS,2052.0,2057.0,2008.4000244140625,2011.300048828125,9077763
2026-02-11,Bharti Airtel Ltd,BHARTIARTL.NS,2012.9000244140625,2021.0,1996.699951171875,2012.0999755859375,7423601
2026-02-12,Bharti Airtel Ltd,BHARTIARTL.NS,2019.199951171875,2027.0,2009.0999755859375,2014.5,7437690
2026-02-13,Bharti Airtel Ltd,BHARTIARTL.NS,2013.9000244140625,2024.199951171875,1992.0,2004.699951171875,4808543
2026-02-16,Bharti Airtel Ltd,BHARTIARTL.NS,2010.0,2032.199951171875,1995.0,2029.4000244140625,3455964
2026-02-17,Bharti Airtel Ltd,BHARTIARTL.NS,2028.0,2038.5,2014.199951171875,2020.300048828125,4471158
2026-02-18,Bharti Airtel Ltd,BHARTIARTL.NS,2020.0999755859375,2028.5999755859375,2015.0,2021.800048828125,2182669
2026-02-19,Bharti Airtel Ltd,BHARTIARTL.NS,2032.0,2032.0,1974.800048828125,1988.5999755859375,4712417
2026-02-20,Bharti Airtel Ltd,BHARTIARTL.NS,1981.0999755859375,1993.699951171875,1971.0,1977.4000244140625,5180301
2026-02-23,Bharti Airtel Ltd,BHARTIARTL.NS,1994.0,2000.5,1983.9000244140625,1997.300048828125,3728878
2026-02-24,Bharti Airtel Ltd,BHARTIARTL.NS,1997.300048828125,1997.300048828125,1921.800048828125,1941.0,10006761
2026-02-25,Bharti Airtel Ltd,BHARTIARTL.NS,1955.0,1961.800048828125,1904.0,1913.4000244140625,8285195
2026-02-26,Bharti Airtel Ltd,BHARTIARTL.NS,1914.0,1935.0,1904.5,1929.5999755859375,10795028
2026-02-27,Bharti Airtel Ltd,BHARTIARTL.NS,1910.0,1915.0,1870.0999755859375,1879.300048828125,13754648
2026-03-02,Bharti Airtel Ltd,BHARTIARTL.NS,1850.0999755859375,1895.9000244140625,1847.9000244140625,1873.199951171875,11785758
2026-03-04,Bharti Airtel Ltd,BHARTIARTL.NS,1861.0999755859375,1920.0,1815.300048828125,1905.9000244140625,20565585
2026-03-05,Bharti Airtel Ltd,BHARTIARTL.NS,1919.0,1929.0999755859375,1897.199951171875,1907.0,11398717
2026-03-06,Bharti Airtel Ltd,BHARTIARTL.NS,1900.0,1902.0999755859375,1867.0999755859375,1870.800048828125,10896859
2026-03-09,Bharti Airtel Ltd,BHARTIARTL.NS,1831.0,1872.4000244140625,1818.0999755859375,1866.699951171875,8073518
2026-03-10,Bharti Airtel Ltd,BHARTIARTL.NS,1880.800048828125,1881.0,1846.5,1850.4000244140625,11741600
2026-03-11,Bharti Airtel Ltd,BHARTIARTL.NS,1841.0,1847.699951171875,1799.5,1807.0,9548404
2026-03-12,Bharti Airtel Ltd,BHARTIARTL.NS,1797.9000244140625,1817.800048828125,1791.0,1801.300048828125,12922735
2026-03-13,Bharti Airtel Ltd,BHARTIARTL.NS,1781.0999755859375,1816.0,1776.5999755859375,1803.4000244140625,8970772
2026-03-16,Bharti Airtel Ltd,BHARTIARTL.NS,1798.0,1804.9000244140625,1770.9000244140625,1788.800048828125,14261268
2026-03-17,Bharti Airtel Ltd,BHARTIARTL.NS,1797.0,1834.5,1791.0999755859375,1827.0,7181491
2026-03-18,Bharti Airtel Ltd,BHARTIARTL.NS,1826.800048828125,1869.0,1826.800048828125,1855.4000244140625,6428092
2026-03-19,Bharti Airtel Ltd,BHARTIARTL.NS,1826.5999755859375,1861.300048828125,1816.300048828125,1827.0,7145082
2026-03-20,Bharti Airtel Ltd,BHARTIARTL.NS,1834.0,1860.9000244140625,1834.0,1846.0999755859375,7691633
2026-03-23,Bharti Airtel Ltd,BHARTIARTL.NS,1827.0,1830.0,1792.0,1795.9000244140625,6874051
2026-03-24,Bharti Airtel Ltd,BHARTIARTL.NS,1816.300048828125,1826.800048828125,1781.0,1802.0999755859375,7535860
2026-03-25,Bharti Airtel Ltd,BHARTIARTL.NS,1814.0,1849.199951171875,1810.0999755859375,1834.9000244140625,12473682
2026-03-27,Bharti Airtel Ltd,BHARTIARTL.NS,1839.9000244140625,1856.9000244140625,1818.4000244140625,1843.9000244140625,24490425
2026-03-30,Bharti Airtel Ltd,BHARTIARTL.NS,1818.0,1824.5,1774.5,1782.4000244140625,14240129
2026-04-01,Bharti Airtel Ltd,BHARTIARTL.NS,1811.0,1817.300048828125,1776.5,1781.9000244140625,10694662
2026-04-02,Bharti Airtel Ltd,BHARTIARTL.NS,1765.0,1799.4000244140625,1746.9000244140625,1789.699951171875,10857093
2026-04-06,Bharti Airtel Ltd,BHARTIARTL.NS,1812.0999755859375,1814.300048828125,1763.4000244140625,1792.800048828125,8183498
2026-04-07,Bharti Airtel Ltd,BHARTIARTL.NS,1788.0999755859375,1840.0,1772.0,1830.300048828125,10057628
2026-04-08,Bharti Airtel Ltd,BHARTIARTL.NS,1864.0,1871.5,1840.199951171875,1861.5999755859375,11587604
2026-04-09,Bharti Airtel Ltd,BHARTIARTL.NS,1869.9000244140625,1869.9000244140625,1846.0999755859375,1859.4000244140625,10113053
2026-04-10,Bharti Airtel Ltd,BHARTIARTL.NS,1868.0,1874.5999755859375,1859.9000244140625,1870.0,5857988
2026-04-13,Bharti Airtel Ltd,BHARTIARTL.NS,1838.0,1893.699951171875,1838.0,1870.9000244140625,10371983
2026-04-15,Bharti Airtel Ltd,BHARTIARTL.NS,1880.5,1890.9000244140625,1853.5999755859375,1855.699951171875,11049107
2026-04-16,Bharti Airtel Ltd,BHARTIARTL.NS,1863.5,1864.9000244140625,1823.199951171875,1840.5999755859375,15871247
2026-04-17,Bharti Airtel Ltd,BHARTIARTL.NS,1837.0999755859375,1851.4000244140625,1829.699951171875,1846.9000244140625,7344787
2026-04-20,Bharti Airtel Ltd,BHARTIARTL.NS,1865.0,1865.0,1839.199951171875,1846.0999755859375,9243641
2026-04-21,Bharti Airtel Ltd,BHARTIARTL.NS,1830.0,1868.9000244140625,1830.0,1855.0,10485373
2026-04-22,Bharti Airtel Ltd,BHARTIARTL.NS,1850.199951171875,1857.9000244140625,1825.300048828125,1829.0,5687058
2026-04-23,Bharti Airtel Ltd,BHARTIARTL.NS,1821.800048828125,1846.0,1812.0999755859375,1841.199951171875,7489947
2026-04-24,Bharti Airtel Ltd,BHARTIARTL.NS,1845.0,1850.699951171875,1807.300048828125,1814.5,6306448
2026-04-27,Bharti Airtel Ltd,BHARTIARTL.NS,1816.0999755859375,1828.4000244140625,1814.0,1820.0999755859375,4413769
2026-04-28,Bharti Airtel Ltd,BHARTIARTL.NS,1826.0,1852.0,1812.5999755859375,1843.800048828125,10558455
2026-04-29,Bharti Airtel Ltd,BHARTIARTL.NS,1848.0,1900.4000244140625,1845.4000244140625,1888.0999755859375,7713013
2026-04-30,Bharti Airtel Ltd,BHARTIARTL.NS,1860.0,1906.0,1860.0,1886.800048828125,12709188
2026-05-01,Bharti Airtel Ltd,BHARTIARTL.NS,1886.800048828125,1886.800048828125,1886.800048828125,1886.800048828125,0
2026-05-04,Bharti Airtel Ltd,BHARTIARTL.NS,1873.199951171875,1895.300048828125,1821.699951171875,1827.0999755859375,10707858
2026-05-05,Bharti Airtel Ltd,BHARTIARTL.NS,1828.0,1846.0,1801.0,1806.0999755859375,11407461
2026-05-06,Bharti Airtel Ltd,BHARTIARTL.NS,1817.0,1841.5,1813.800048828125,1833.699951171875,5507749
2026-05-07,Bharti Airtel Ltd,BHARTIARTL.NS,1835.0,1843.9000244140625,1821.199951171875,1826.5999755859375,7914845
2026-05-08,Bharti Airtel Ltd,BHARTIARTL.NS,1820.0,1840.800048828125,1815.199951171875,1834.5,4839183
2026-05-11,Bharti Airtel Ltd,BHARTIARTL.NS,1814.0,1819.800048828125,1756.0,1759.800048828125,15803791
2026-05-12,Bharti Airtel Ltd,BHARTIARTL.NS,1751.5,1776.5,1751.5,1756.800048828125,11945399
2026-05-13,Bharti Airtel Ltd,BHARTIARTL.NS,1740.5,1798.0,1740.5,1789.199951171875,9825413
2026-05-14,Bharti Airtel Ltd,BHARTIARTL.NS,1820.0,1889.199951171875,1797.300048828125,1883.5,21279151
2026-05-15,Bharti Airtel Ltd,BHARTIARTL.NS,1883.199951171875,1922.9000244140625,1880.4000244140625,1905.4000244140625,15807294
2026-05-18,Bharti Airtel Ltd,BHARTIARTL.NS,1904.800048828125,1953.800048828125,1890.4000244140625,1938.0999755859375,13888648
2026-05-19,Bharti Airtel Ltd,BHARTIARTL.NS,1928.4000244140625,1942.0,1907.800048828125,1913.5,8962228
2026-05-20,Bharti Airtel Ltd,BHARTIARTL.NS,1914.0,1914.0,1897.699951171875,1904.9000244140625,5778742
2026-05-21,Bharti Airtel Ltd,BHARTIARTL.NS,1911.0,1915.300048828125,1880.800048828125,1885.300048828125,6419014
2026-05-22,Bharti Airtel Ltd,BHARTIARTL.NS,1891.300048828125,1896.5999755859375,1869.300048828125,1871.4000244140625,5099120
2026-05-25,Bharti Airtel Ltd,BHARTIARTL.NS,1892.5,1892.5,1863.0999755859375,1874.800048828125,5903841
2026-05-26,Bharti Airtel Ltd,BHARTIARTL.NS,1874.0,1874.0,1844.800048828125,1846.9000244140625,5803034
2026-05-27,Bharti Airtel Ltd,BHARTIARTL.NS,1840.4000244140625,1869.4000244140625,1840.4000244140625,1852.199951171875,8653155
2026-05-28,Bharti Airtel Ltd,BHARTIARTL.NS,1852.199951171875,1852.199951171875,1852.199951171875,1852.199951171875,0
2026-05-29,Bharti Airtel Ltd,BHARTIARTL.NS,1860.0,1860.0,1818.5,1829.0,52886264
2026-06-01,Bharti Airtel Ltd,BHARTIARTL.NS,1830.0,1842.0,1803.9000244140625,1810.5999755859375,6391656
2026-06-02,Bharti Airtel Ltd,BHARTIARTL.NS,1785.0,1825.0,1777.4000244140625,1814.199951171875,10791294
2026-06-03,Bharti Airtel Ltd,BHARTIARTL.NS,1829.9000244140625,1835.5,1804.9000244140625,1824.0999755859375,5832363
2026-06-04,Bharti Airtel Ltd,BHARTIARTL.NS,1815.0,1829.800048828125,1798.4000244140625,1818.9000244140625,6735759
2026-06-05,Bharti Airtel Ltd,BHARTIARTL.NS,1824.9000244140625,1827.800048828125,1790.699951171875,1798.199951171875,3926715
2026-06-08,Bharti Airtel Ltd,BHARTIARTL.NS,1775.0999755859375,1820.0999755859375,1771.0,1813.300048828125,6324919
2026-06-09,Bharti Airtel Ltd,BHARTIARTL.NS,1837.0,1837.0,1789.199951171875,1799.0,10377475
2026-06-10,Bharti Airtel Ltd,BHARTIARTL.NS,1799.0,1807.699951171875,1771.0,1775.199951171875,7999362
2026-06-11,Bharti Airtel Ltd,BHARTIARTL.NS,1773.0,1796.0,1768.5999755859375,1782.5999755859375,5020731
2026-06-12,Bharti Airtel Ltd,BHARTIARTL.NS,1784.0,1825.0,1784.0,1822.5,5910557
2026-06-15,Bharti Airtel Ltd,BHARTIARTL.NS,1841.0,1857.0,1816.0,1841.199951171875,5307277
2026-06-16,Bharti Airtel Ltd,BHARTIARTL.NS,1840.199951171875,1859.199951171875,1837.199951171875,1853.0,5957732
2026-06-17,Bharti Airtel Ltd,BHARTIARTL.NS,1853.0,1878.0,1841.5,1875.699951171875,7653632
2026-06-18,Bharti Airtel Ltd,BHARTIARTL.NS,1878.800048828125,1878.800048828125,1861.800048828125,1874.800048828125,4262944
2026-06-19,Bharti Airtel Ltd,BHARTIARTL.NS,1874.300048828125,1917.5,1867.199951171875,1910.800048828125,15918432
2026-06-22,Bharti Airtel Ltd,BHARTIARTL.NS,1915.800048828125,1924.5,1901.0,1916.5999755859375,3798060
2026-06-23,Bharti Airtel Ltd,BHARTIARTL.NS,1907.5999755859375,1927.699951171875,1896.699951171875,1901.5999755859375,5155908
2026-06-24,Bharti Airtel Ltd,BHARTIARTL.NS,1891.199951171875,1894.0999755859375,1872.9000244140625,1877.300048828125,8957457
2026-06-25,Bharti Airtel Ltd,BHARTIARTL.NS,1885.0,1889.0,1848.0,1850.699951171875,8521503
2026-06-26,Bharti Airtel Ltd,BHARTIARTL.NS,1850.699951171875,1850.699951171875,1850.699951171875,1850.699951171875,0
2026-06-29,Bharti Airtel Ltd,BHARTIARTL.NS,1837.0999755859375,1849.800048828125,1833.0999755859375,1841.0999755859375,10940130
2026-06-30,Bharti Airtel Ltd,BHARTIARTL.NS,1853.0,1876.5999755859375,1843.199951171875,1852.0,7233634
2026-07-01,Bharti Airtel Ltd,BHARTIARTL.NS,1845.5999755859375,1887.0,1845.5999755859375,1871.0,4307333
2026-07-02,Bharti Airtel Ltd,BHARTIARTL.NS,1860.800048828125,1883.800048828125,1850.199951171875,1875.0,5282404
2026-07-03,Bharti Airtel Ltd,BHARTIARTL.NS,1890.0,1913.0,1885.0,1910.4000244140625,5087043
2026-07-06,Bharti Airtel Ltd,BHARTIARTL.NS,1916.800048828125,1932.699951171875,1915.5999755859375,1925.699951171875,2740217
2026-07-07,Bharti Airtel Ltd,BHARTIARTL.NS,1923.5,1956.5,1917.0,1925.800048828125,5767438
2026-07-08,Bharti Airtel Ltd,BHARTIARTL.NS,1911.0,1924.199951171875,1875.0999755859375,1888.0999755859375,6188780
2026-07-09,Bharti Airtel Ltd,BHARTIARTL.NS,1902.0,1966.0,1898.800048828125,1931.0999755859375,11145066
2026-07-10,Bharti Airtel Ltd,BHARTIARTL.NS,1930.0,1930.0,1906.0,1920.4000244140625,6420887
2026-07-13,Bharti Airtel Ltd,BHARTIARTL.NS,1914.0,1917.0,1896.699951171875,1901.800048828125,7862506
2026-07-14,Bharti Airtel Ltd,BHARTIARTL.NS,1885.0,1941.0999755859375,1885.0,1936.5,6964062
2026-07-15,Bharti Airtel Ltd,BHARTIARTL.NS,1953.699951171875,1953.699951171875,1916.5999755859375,1918.300048828125,5763065
2026-07-16,Bharti Airtel Ltd,BHARTIARTL.NS,1928.0,1936.0,1917.0,1921.800048828125,4644787
2026-07-17,Bharti Airtel Ltd,BHARTIARTL.NS,1918.0,1925.199951171875,1902.699951171875,1908.800048828125,4715613
2026-07-20,Bharti Airtel Ltd,BHARTIARTL.NS,1901.199951171875,1942.5,1901.199951171875,1940.0999755859375,6437294
2026-07-21,Bharti Airtel Ltd,BHARTIARTL.NS,1946.4000244140625,1952.0,1938.699951171875,1948.4000244140625,5061312
2026-07-22,Bharti Airtel Ltd,BHARTIARTL.NS,1942.4000244140625,1956.0,1939.5,1949.0,6589708
2026-07-23,Bharti Airtel Ltd,BHARTIARTL.NS,1948.0,1948.9000244140625,1925.800048828125,1931.0,5612121
2026-07-24,Bharti Airtel Ltd,BHARTIARTL.NS,1900.199951171875,1905.0,1878.0,1898.199951171875,4483600
2026-07-27,Bharti Airtel Ltd,BHARTIARTL.NS,1892.0,1917.0,1890.0,1905.300048828125,5230299
2026-07-28,Bharti Airtel Ltd,BHARTIARTL.NS,1901.0,1908.4000244140625,1892.4000244140625,1901.800048828125,6309089
2026-07-29,Bharti Airtel Ltd,BHARTIARTL.NS,1915.199951171875,1957.0,1913.0999755859375,1950.199951171875,6315728
2026-07-30,Bharti Airtel Ltd,BHARTIARTL.NS,1954.0,1963.199951171875,1943.9000244140625,1956.800048828125,5356472
2026-07-31,Bharti Airtel Ltd,BHARTIARTL.NS,1969.0,1976.4000244140625,1947.4000244140625,1972.0,6529385
2026-08-03,Bharti Airtel Ltd,BHARTIARTL.NS,1987.4000244140625,1987.4000244140625,1943.0,1970.5,4361200
2026-08-04,Bharti Airtel Ltd,BHARTIARTL.NS,1980.0,1980.0,1936.0,1970.0999755859375,4977391
2026-08-05,Bharti Airtel Ltd,BHARTIARTL.NS,2020.0,2031.0,1951.800048828125,1978.0,14286999
2026-08-06,Bharti Airtel Ltd,BHARTIARTL.NS,1969.0,1970.0,1944.300048828125,1948.0,5391645
2026-08-07,Bharti Airtel Ltd,BHARTIARTL.NS,1938.300048828125,1961.0,1938.300048828125,1959.9000244140625,3019876
2026-08-10,Bharti Airtel Ltd,BHARTIARTL.NS,1955.0,1959.0,1935.0,1943.0,3671000
2026-08-11,Bharti Airtel Ltd,BHARTIARTL.NS,1934.800048828125,1938.300048828125,1914.4000244140625,1915.199951171875,6798617
2026-08-12,Bharti Airtel Ltd,BHARTIARTL.NS,1908.5999755859375,1945.0,1901.300048828125,1945.0,10871157
2026-08-13,Bharti Airtel Ltd,BHARTIARTL.NS,1965.0,1970.0,1930.5,1939.0999755859375,13019222
2026-08-14,Bharti Airtel Ltd,BHARTIARTL.NS,1939.0999755859375,2005.800048828125,1932.0,1992.0999755859375,12282580
2026-08-17,Bharti Airtel Ltd,BHARTIARTL.NS,1984.199951171875,1993.199951171875,1969.300048828125,1969.300048828125,5537411
2026-08-18,Bharti Airtel Ltd,BHARTIARTL.NS,1956.699951171875,1959.699951171875,1923.199951171875,1934.199951171875,6710275
2026-08-19,Bharti Airtel Ltd,BHARTIARTL.NS,1924.800048828125,1941.800048828125,1922.0,1922.0,6252338
2026-08-20,Bharti Airtel Ltd,BHARTIARTL.NS,1944.0,1952.199951171875,1933.0,1941.699951171875,4390604
2026-08-21,Bharti Airtel Ltd,BHARTIARTL.NS,1950.0,1954.9000244140625,1940.5,1946.0,3016258
2026-08-24,Bharti Airtel Ltd,BHARTIARTL.NS,1950.0,1952.5,1932.5,1935.0,2277098
2026-08-25,Bharti Airtel Ltd,BHARTIARTL.NS,1926.0,1947.0,1923.4000244140625,1947.0,3820206
2026-08-26,Bharti Airtel Ltd,BHARTIARTL.NS,1933.5,1942.9000244140625,1902.0999755859375,1902.0999755859375,4552921
2026-08-27,Bharti Airtel Ltd,BHARTIARTL.NS,1915.0,1915.0,1878.300048828125,1878.300048828125,8757645
2026-08-28,Bharti Airtel Ltd,BHARTIARTL.NS,1875.699951171875,1894.300048828125,1867.5999755859375,1882.4000244140625,6106300
2026-08-31,Bharti Airtel Ltd,BHARTIARTL.NS,1880.0,1895.5,1811.9000244140625,1811.9000244140625,16921326
2026-09-01,Bharti Airtel Ltd,BHARTIARTL.NS,1852.0,1877.199951171875,1848.5,1877.199951171875,9900740
2026-09-02,Bharti Airtel Ltd,BHARTIARTL.NS,1869.0,1873.0,1854.9000244140625,1862.800048828125,4125938
2026-09-03,Bharti Airtel Ltd,BHARTIARTL.NS,1855.5999755859375,1869.0,1855.5999755859375,1869.0,3700992
2026-09-04,Bharti Airtel Ltd,BHARTIARTL.NS,1868.0999755859375,1870.699951171875,1840.0,1840.0,3614328
2026-09-07,Bharti Airtel Ltd,BHARTIARTL.NS,1845.0,1855.5,1830.4000244140625,1854.0,5972458
2026-09-08,Bharti Airtel Ltd,BHARTIARTL.NS,1846.199951171875,1848.800048828125,1829.0,1844.0,4169706
2026-09-09,Bharti Airtel Ltd,BHARTIARTL.NS,1830.5,1834.800048828125,1813.0,1814.699951171875,5574027
2026-09-10,Bharti Airtel Ltd,BHARTIARTL.NS,1815.0999755859375,1849.0,1814.0,1839.0,4588126
2026-09-11,Bharti Airtel Ltd,BHARTIARTL.NS,1832.0,1852.0,1830.5,1831.0999755859375,4181325
2026-09-14,Bharti Airtel Ltd,BHARTIARTL.NS,1831.0999755859375,1831.0999755859375,1831.0999755859375,1831.0999755859375,0
2026-09-15,Bharti Airtel Ltd,BHARTIARTL.NS,1844.0,1844.0,1819.5999755859375,1830.4000244140625,4066471
2026-09-16,Bharti Airtel Ltd,BHARTIARTL.NS,1835.800048828125,1838.0,1818.5999755859375,1835.0,2925053
2026-09-17,Bharti Airtel Ltd,BHARTIARTL.NS,1841.800048828125,1845.9000244140625,1827.5999755859375,1836.0,4368285
2026-09-18,Bharti Airtel Ltd,BHARTIARTL.NS,1843.0,1893.300048828125,1835.300048828125,1893.300048828125,14189780
2026-09-21,Bharti Airtel Ltd,BHARTIARTL.NS,1854.800048828125,1854.800048828125,1822.0,1830.199951171875,9716580
2026-09-22,Bharti Airtel Ltd,BHARTIARTL.NS,1833.9000244140625,1836.300048828125,1813.0,1817.199951171875,4134236
2026-09-23,Bharti Airtel Ltd,BHARTIARTL.NS,1818.0999755859375,1836.699951171875,1818.0,1833.199951171875,3698253
2026-09-24,Bharti Airtel Ltd,BHARTIARTL.NS,1829.699951171875,1829.9000244140625,1795.800048828125,1795.800048828125,4567379
2026-09-25,Bharti Airtel Ltd,BHARTIARTL.NS,1794.0,1801.699951171875,1785.0,1785.4000244140625,4766200
2026-09-28,Bharti Airtel Ltd,BHARTIARTL.NS,1772.0,1784.300048828125,1763.699951171875,1771.4000244140625,4683537
2026-09-29,Bharti Airtel Ltd,BHARTIARTL.NS,1764.0,1787.5,1762.0,1771.199951171875,9811381
2026-09-30,Bharti Airtel Ltd,BHARTIARTL.NS,1775.199951171875,1779.5,1753.699951171875,1757.0,8080358
2026-10-01,Bharti Airtel Ltd,BHARTIARTL.NS,1745.0,1765.800048828125,1726.300048828125,1741.0999755859375,5609657
2025-10-03,Britannia Industries Ltd,BRITANNIA.NS,5965.0,6014.0,5931.5,5992.5,268735
2025-10-06,Britannia Industries Ltd,BRITANNIA.NS,6015.5,6034.0,5957.5,6011.0,197199
2025-10-07,Britannia Industries Ltd,BRITANNIA.NS,6012.0,6036.0,5867.0,5887.0,240923
2025-10-08,Britannia Industries Ltd,BRITANNIA.NS,5855.0,5902.0,5801.5,5836.0,239639
2025-10-09,Britannia Industries Ltd,BRITANNIA.NS,5836.0,5893.0,5795.5,5876.0,231585
2025-10-10,Britannia Industries Ltd,BRITANNIA.NS,5874.5,5920.0,5858.5,5871.5,228395
2025-10-13,Britannia Industries Ltd,BRITANNIA.NS,5871.5,5953.0,5848.0,5862.0,238217
2025-10-14,Britannia Industries Ltd,BRITANNIA.NS,5869.0,5885.0,5794.0,5800.5,176227
2025-10-15,Britannia Industries Ltd,BRITANNIA.NS,5815.0,5880.5,5782.0,5857.5,221062
2025-10-16,Britannia Industries Ltd,BRITANNIA.NS,5876.0,6040.5,5858.0,6025.5,364305
2025-10-17,Britannia Industries Ltd,BRITANNIA.NS,6037.0,6149.0,5994.0,6083.0,392965
2025-10-20,Britannia Industries Ltd,BRITANNIA.NS,6124.0,6148.0,6062.5,6070.0,181283
2025-10-21,Britannia Industries Ltd,BRITANNIA.NS,6108.0,6108.0,6050.0,6075.0,9159
2025-10-23,Britannia Industries Ltd,BRITANNIA.NS,6075.0,6145.0,6049.0,6068.0,255605
2025-10-24,Britannia Industries Ltd,BRITANNIA.NS,6068.0,6069.5,5987.0,6053.0,82081
2025-10-27,Britannia Industries Ltd,BRITANNIA.NS,6053.0,6053.0,5811.5,5912.0,433152
2025-10-28,Britannia Industries Ltd,BRITANNIA.NS,5939.0,5939.0,5806.5,5861.0,392984
2025-10-29,Britannia Industries Ltd,BRITANNIA.NS,5894.0,5906.0,5840.0,5852.5,119742
2025-10-30,Britannia Industries Ltd,BRITANNIA.NS,5850.0,5869.5,5792.0,5859.5,258697
2025-10-31,Britannia Industries Ltd,BRITANNIA.NS,5878.0,5905.0,5825.0,5836.5,264794
2025-11-03,Britannia Industries Ltd,BRITANNIA.NS,5834.0,5899.5,5775.0,5820.5,279737
2025-11-04,Britannia Industries Ltd,BRITANNIA.NS,5820.5,5920.0,5805.0,5892.5,363441
2025-11-06,Britannia Industries Ltd,BRITANNIA.NS,6186.0,6191.5,5993.5,6013.5,1038063
2025-11-07,Britannia Industries Ltd,BRITANNIA.NS,5970.0,6169.5,5913.5,6157.5,715809
2025-11-10,Britannia Industries Ltd,BRITANNIA.NS,6190.0,6261.5,6121.5,6133.5,395489
2025-11-11,Britannia Industries Ltd,BRITANNIA.NS,5950.0,5965.0,5723.0,5950.5,2154927
2025-11-12,Britannia Industries Ltd,BRITANNIA.NS,5950.5,5970.0,5841.0,5880.0,609987
2025-11-13,Britannia Industries Ltd,BRITANNIA.NS,5902.0,5918.0,5835.5,5851.5,361321
2025-11-14,Britannia Industries Ltd,BRITANNIA.NS,5851.0,5851.0,5750.0,5803.5,415356
2025-11-17,Britannia Industries Ltd,BRITANNIA.NS,5803.5,5850.0,5782.0,5830.5,332821
2025-11-18,Britannia Industries Ltd,BRITANNIA.NS,5818.0,5862.0,5805.5,5840.0,262201
2025-11-19,Britannia Industries Ltd,BRITANNIA.NS,5850.0,5882.5,5804.5,5874.5,280409
2025-11-20,Britannia Industries Ltd,BRITANNIA.NS,5882.0,5900.0,5763.5,5819.0,641980
2025-11-21,Britannia Industries Ltd,BRITANNIA.NS,5816.0,5855.0,5764.5,5813.0,320317
2025-11-24,Britannia Industries Ltd,BRITANNIA.NS,5815.0,5849.0,5785.0,5815.5,696665
2025-11-25,Britannia Industries Ltd,BRITANNIA.NS,5815.5,5878.0,5790.0,5867.0,309271
2025-11-26,Britannia Industries Ltd,BRITANNIA.NS,5865.0,5904.5,5843.0,5880.5,157291
2025-11-27,Britannia Industries Ltd,BRITANNIA.NS,5890.5,5900.0,5815.5,5826.5,156675
2025-11-28,Britannia Industries Ltd,BRITANNIA.NS,5826.5,5852.0,5795.0,5846.0,220417
2025-12-01,Britannia Industries Ltd,BRITANNIA.NS,5825.0,5856.0,5800.0,5813.5,199275
2025-12-02,Britannia Industries Ltd,BRITANNIA.NS,5792.0,5894.0,5792.0,5875.5,290994
2025-12-03,Britannia Industries Ltd,BRITANNIA.NS,5908.0,5908.0,5812.0,5824.5,308053
2025-12-04,Britannia Industries Ltd,BRITANNIA.NS,5840.0,5882.5,5824.5,5876.5,239085
2025-12-05,Britannia Industries Ltd,BRITANNIA.NS,5855.0,5974.0,5838.5,5961.0,244408
2025-12-08,Britannia Industries Ltd,BRITANNIA.NS,5961.0,5985.0,5825.0,5847.5,185407
2025-12-09,Britannia Industries Ltd,BRITANNIA.NS,5850.0,5893.0,5780.0,5884.0,174714
2025-12-10,Britannia Industries Ltd,BRITANNIA.NS,5904.0,5966.0,5812.0,5828.5,329466
2025-12-11,Britannia Industries Ltd,BRITANNIA.NS,5840.0,5895.0,5813.0,5847.0,115481
2025-12-12,Britannia Industries Ltd,BRITANNIA.NS,5848.0,5925.5,5830.0,5915.5,202721
2025-12-15,Britannia Industries Ltd,BRITANNIA.NS,5915.5,6055.0,5857.0,6038.0,244119
2025-12-16,Britannia Industries Ltd,BRITANNIA.NS,6059.5,6145.0,6032.0,6066.0,284337
2025-12-17,Britannia Industries Ltd,BRITANNIA.NS,6060.0,6116.0,6051.0,6096.0,298257
2025-12-18,Britannia Industries Ltd,BRITANNIA.NS,6132.0,6134.5,6012.5,6040.5,199067
2025-12-19,Britannia Industries Ltd,BRITANNIA.NS,6020.0,6116.0,5992.5,6103.0,179450
2025-12-22,Britannia Industries Ltd,BRITANNIA.NS,6102.5,6102.5,6066.0,6083.0,206588
2025-12-23,Britannia Industries Ltd,BRITANNIA.NS,6083.0,6119.0,6030.0,6061.0,216840
2025-12-24,Britannia Industries Ltd,BRITANNIA.NS,6065.0,6078.0,6004.0,6030.0,97580
2025-12-26,Britannia Industries Ltd,BRITANNIA.NS,6006.5,6069.5,6002.0,6032.5,65992
2025-12-29,Britannia Industries Ltd,BRITANNIA.NS,6039.0,6065.5,6005.0,6041.5,103209
2025-12-30,Britannia Industries Ltd,BRITANNIA.NS,6045.0,6045.5,5980.0,6013.0,205456
2025-12-31,Britannia Industries Ltd,BRITANNIA.NS,6013.0,6070.0,5995.0,6031.0,179577
2026-01-01,Britannia Industries Ltd,BRITANNIA.NS,6031.0,6063.0,5992.0,6009.5,138484
2026-01-02,Britannia Industries Ltd,BRITANNIA.NS,6009.5,6033.0,5941.5,5984.5,265702
2026-01-05,Britannia Industries Ltd,BRITANNIA.NS,5970.0,6092.0,5930.5,6026.5,468880
2026-01-06,Britannia Industries Ltd,BRITANNIA.NS,6040.0,6142.5,5948.5,6129.5,300112
2026-01-07,Britannia Industries Ltd,BRITANNIA.NS,6200.0,6271.0,6157.5,6185.0,437361
2026-01-08,Britannia Industries Ltd,BRITANNIA.NS,6155.0,6158.5,5945.5,6033.5,641813
2026-01-09,Britannia Industries Ltd,BRITANNIA.NS,6033.5,6106.5,5930.0,5977.5,139764
2026-01-12,Britannia Industries Ltd,BRITANNIA.NS,5977.5,6000.5,5905.0,5943.5,228799
2026-01-13,Britannia Industries Ltd,BRITANNIA.NS,5930.0,5970.0,5896.0,5918.0,327794
2026-01-14,Britannia Industries Ltd,BRITANNIA.NS,5893.5,5945.5,5868.0,5906.5,307200
2026-01-15,Britannia Industries Ltd,BRITANNIA.NS,5906.5,5906.5,5906.5,5906.5,0
2026-01-16,Britannia Industries Ltd,BRITANNIA.NS,5875.0,5944.0,5862.0,5898.5,453904
2026-01-19,Britannia Industries Ltd,BRITANNIA.NS,5898.5,5970.0,5879.0,5943.5,145915
2026-01-20,Britannia Industries Ltd,BRITANNIA.NS,5943.5,5994.5,5862.0,5884.0,350070
2026-01-21,Britannia Industries Ltd,BRITANNIA.NS,5870.0,5899.0,5787.0,5802.5,662863
2026-01-22,Britannia Industries Ltd,BRITANNIA.NS,5850.0,5975.0,5819.0,5932.0,435081
2026-01-23,Britannia Industries Ltd,BRITANNIA.NS,5950.0,5964.0,5813.5,5835.0,142248
2026-01-27,Britannia Industries Ltd,BRITANNIA.NS,5839.0,5925.0,5805.0,5886.0,1044402
2026-01-28,Britannia Industries Ltd,BRITANNIA.NS,5924.0,5924.0,5680.0,5748.5,442618
2026-01-29,Britannia Industries Ltd,BRITANNIA.NS,5711.5,5733.0,5693.0,5723.0,343244
2026-01-30,Britannia Industries Ltd,BRITANNIA.NS,5723.0,5887.5,5710.5,5860.5,806045
2026-02-02,Britannia Industries Ltd,BRITANNIA.NS,5733.0,5899.0,5697.5,5888.5,279213
2026-02-03,Britannia Industries Ltd,BRITANNIA.NS,5920.0,5975.5,5821.0,5882.0,349825
2026-02-04,Britannia Industries Ltd,BRITANNIA.NS,5899.5,5965.0,5855.0,5879.0,160343
2026-02-05,Britannia Industries Ltd,BRITANNIA.NS,5855.0,5946.5,5844.5,5870.5,275290
2026-02-06,Britannia Industries Ltd,BRITANNIA.NS,5870.0,5917.0,5805.0,5911.0,186858
2026-02-09,Britannia Industries Ltd,BRITANNIA.NS,5900.5,5915.5,5792.5,5843.0,331118
2026-02-10,Britannia Industries Ltd,BRITANNIA.NS,5874.0,5893.5,5847.0,5873.5,276901
2026-02-11,Britannia Industries Ltd,BRITANNIA.NS,6000.0,6156.0,5973.5,6019.0,771051
2026-02-12,Britannia Industries Ltd,BRITANNIA.NS,6057.0,6148.0,6020.0,6102.0,455997
2026-02-13,Britannia Industries Ltd,BRITANNIA.NS,6080.0,6098.5,5968.0,5980.5,159821
2026-02-16,Britannia Industries Ltd,BRITANNIA.NS,5980.0,6134.0,5964.5,6106.0,255274
2026-02-17,Britannia Industries Ltd,BRITANNIA.NS,6106.0,6154.5,6066.5,6145.5,164220
2026-02-18,Britannia Industries Ltd,BRITANNIA.NS,6161.0,6190.0,6116.0,6176.0,193569
2026-02-19,Britannia Industries Ltd,BRITANNIA.NS,6170.0,6198.0,6093.5,6108.5,127940
2026-02-20,Britannia Industries Ltd,BRITANNIA.NS,6109.0,6137.5,6066.5,6098.5,388361
2026-02-23,Britannia Industries Ltd,BRITANNIA.NS,6136.0,6150.0,6042.0,6122.5,225252
2026-02-24,Britannia Industries Ltd,BRITANNIA.NS,6083.0,6173.5,6065.5,6162.5,193510
2026-02-25,Britannia Industries Ltd,BRITANNIA.NS,6170.0,6208.5,6140.0,6158.0,253773
2026-02-26,Britannia Industries Ltd,BRITANNIA.NS,6158.0,6187.0,6070.0,6137.0,245317
2026-02-27,Britannia Industries Ltd,BRITANNIA.NS,6135.5,6142.5,5975.0,6002.5,350612
2026-03-02,Britannia Industries Ltd,BRITANNIA.NS,5866.0,6001.0,5866.0,5959.0,185417
2026-03-04,Britannia Industries Ltd,BRITANNIA.NS,5901.5,5924.0,5845.5,5889.5,293377
2026-03-05,Britannia Industries Ltd,BRITANNIA.NS,5899.0,5997.5,5851.0,5963.0,211179
2026-03-06,Britannia Industries Ltd,BRITANNIA.NS,5948.0,6013.0,5926.5,5983.0,348722
2026-03-09,Britannia Industries Ltd,BRITANNIA.NS,5930.0,5932.5,5815.5,5890.0,245594
2026-03-10,Britannia Industries Ltd,BRITANNIA.NS,5911.0,5995.0,5911.0,5968.0,283327
2026-03-11,Britannia Industries Ltd,BRITANNIA.NS,5981.0,5995.0,5900.0,5921.5,298621
2026-03-12,Britannia Industries Ltd,BRITANNIA.NS,5910.0,5910.0,5713.0,5787.0,996754
2026-03-13,Britannia Industries Ltd,BRITANNIA.NS,5750.0,5881.0,5727.0,5808.5,738522
2026-03-16,Britannia Industries Ltd,BRITANNIA.NS,5808.5,5872.5,5764.5,5842.0,350827
2026-03-17,Britannia Industries Ltd,BRITANNIA.NS,5849.0,5868.5,5801.5,5857.5,260165
2026-03-18,Britannia Industries Ltd,BRITANNIA.NS,5860.5,5914.0,5842.0,5885.0,301564
2026-03-19,Britannia Industries Ltd,BRITANNIA.NS,5799.0,5852.0,5642.5,5673.5,234382
2026-03-20,Britannia Industries Ltd,BRITANNIA.NS,5735.0,5749.5,5592.0,5618.5,462806
2026-03-23,Britannia Industries Ltd,BRITANNIA.NS,5590.0,5590.5,5475.5,5490.0,316325
2026-03-24,Britannia Industries Ltd,BRITANNIA.NS,5590.0,5600.0,5404.5,5513.5,542905
2026-03-25,Britannia Industries Ltd,BRITANNIA.NS,5536.5,5737.5,5536.5,5647.0,342559
2026-03-27,Britannia Industries Ltd,BRITANNIA.NS,5600.0,5627.0,5483.0,5500.0,378825
2026-03-30,Britannia Industries Ltd,BRITANNIA.NS,5480.0,5533.0,5364.5,5423.0,783793
2026-04-01,Britannia Industries Ltd,BRITANNIA.NS,5520.0,5538.0,5433.5,5474.0,252740
2026-04-02,Britannia Industries Ltd,BRITANNIA.NS,5460.0,5471.0,5351.5,5442.0,444248
2026-04-06,Britannia Industries Ltd,BRITANNIA.NS,5420.0,5548.0,5402.0,5535.0,228390
2026-04-07,Britannia Industries Ltd,BRITANNIA.NS,5493.0,5552.5,5384.0,5542.0,204113
2026-04-08,Britannia Industries Ltd,BRITANNIA.NS,5698.5,5698.5,5556.0,5594.5,482250
2026-04-09,Britannia Industries Ltd,BRITANNIA.NS,5620.0,5659.5,5430.5,5475.0,624921
2026-04-10,Britannia Industries Ltd,BRITANNIA.NS,5500.0,5570.0,5405.0,5557.5,339513
2026-04-13,Britannia Industries Ltd,BRITANNIA.NS,5526.5,5613.0,5444.0,5589.0,350782
2026-04-15,Britannia Industries Ltd,BRITANNIA.NS,5670.0,5724.0,5600.5,5654.5,542939
2026-04-16,Britannia Industries Ltd,BRITANNIA.NS,5640.0,5705.5,5534.5,5586.0,455115
2026-04-17,Britannia Industries Ltd,BRITANNIA.NS,5601.5,5750.0,5568.5,5735.5,345936
2026-04-20,Britannia Industries Ltd,BRITANNIA.NS,5736.0,5762.5,5640.5,5700.0,610941
2026-04-21,Britannia Industries Ltd,BRITANNIA.NS,5715.0,5864.5,5685.0,5837.5,270416
2026-04-22,Britannia Industries Ltd,BRITANNIA.NS,5874.0,5924.0,5716.5,5729.5,550506
2026-04-23,Britannia Industries Ltd,BRITANNIA.NS,5724.0,5728.0,5640.5,5671.5,408915
2026-04-24,Britannia Industries Ltd,BRITANNIA.NS,5707.5,5753.5,5665.5,5730.5,470926
2026-04-27,Britannia Industries Ltd,BRITANNIA.NS,5750.0,5804.0,5689.0,5717.5,658091
2026-04-28,Britannia Industries Ltd,BRITANNIA.NS,5723.0,5735.0,5641.0,5662.0,249233
2026-04-29,Britannia Industries Ltd,BRITANNIA.NS,5674.0,5734.5,5665.0,5709.0,363567
2026-04-30,Britannia Industries Ltd,BRITANNIA.NS,5720.0,5752.0,5644.0,5726.0,269033
2026-05-01,Britannia Industries Ltd,BRITANNIA.NS,5726.0,5726.0,5726.0,5726.0,0
2026-05-04,Britannia Industries Ltd,BRITANNIA.NS,5730.0,5821.5,5715.0,5792.5,328011
2026-05-05,Britannia Industries Ltd,BRITANNIA.NS,5775.0,5842.5,5734.5,5834.5,710839
2026-05-06,Britannia Industries Ltd,BRITANNIA.NS,5878.0,5880.0,5764.0,5783.0,438886
2026-05-07,Britannia Industries Ltd,BRITANNIA.NS,5798.0,5891.5,5733.5,5814.0,490345
2026-05-08,Britannia Industries Ltd,BRITANNIA.NS,5634.0,5654.0,5503.0,5520.0,3173832
2026-05-11,Britannia Industries Ltd,BRITANNIA.NS,5505.5,5508.0,5395.0,5410.5,668220
2026-05-12,Britannia Industries Ltd,BRITANNIA.NS,5403.5,5425.0,5315.0,5334.0,655043
2026-05-13,Britannia Industries Ltd,BRITANNIA.NS,5345.0,5383.5,5279.5,5336.0,405228
2026-05-14,Britannia Industries Ltd,BRITANNIA.NS,5343.5,5397.0,5310.0,5372.5,340218
2026-05-15,Britannia Industries Ltd,BRITANNIA.NS,5372.5,5420.0,5365.0,5406.0,151714
2026-05-18,Britannia Industries Ltd,BRITANNIA.NS,5385.5,5399.0,5289.5,5380.5,374914
2026-05-19,Britannia Industries Ltd,BRITANNIA.NS,5375.0,5470.5,5375.0,5416.5,271643
2026-05-20,Britannia Industries Ltd,BRITANNIA.NS,5380.0,5390.5,5321.5,5344.5,462006
2026-05-21,Britannia Industries Ltd,BRITANNIA.NS,5361.5,5373.0,5292.0,5333.0,485793
2026-05-22,Britannia Industries Ltd,BRITANNIA.NS,5341.0,5358.5,5298.0,5331.5,498183
2026-05-25,Britannia Industries Ltd,BRITANNIA.NS,5370.0,5370.0,5309.5,5327.0,284971
2026-05-26,Britannia Industries Ltd,BRITANNIA.NS,5356.0,5356.0,5311.0,5338.0,193734
2026-05-27,Britannia Industries Ltd,BRITANNIA.NS,5330.0,5352.5,5301.0,5335.5,195454
2026-05-28,Britannia Industries Ltd,BRITANNIA.NS,5335.5,5335.5,5335.5,5335.5,0
2026-05-29,Britannia Industries Ltd,BRITANNIA.NS,5335.5,5350.0,5164.5,5204.5,1697949
2026-06-01,Britannia Industries Ltd,BRITANNIA.NS,5208.0,5230.0,5122.0,5157.5,341856
2026-06-02,Britannia Industries Ltd,BRITANNIA.NS,5120.5,5148.0,5075.0,5117.0,458858
2026-06-03,Britannia Industries Ltd,BRITANNIA.NS,5130.0,5142.5,5050.0,5064.0,334445
2026-06-04,Britannia Industries Ltd,BRITANNIA.NS,5051.5,5119.5,5035.0,5090.0,300651
2026-06-05,Britannia Industries Ltd,BRITANNIA.NS,5095.0,5135.0,5071.0,5120.5,159398
2026-06-08,Britannia Industries Ltd,BRITANNIA.NS,5094.0,5103.5,5036.5,5078.5,247859
2026-06-09,Britannia Industries Ltd,BRITANNIA.NS,5079.5,5125.0,5063.5,5107.5,277222
2026-06-10,Britannia Industries Ltd,BRITANNIA.NS,5110.0,5232.0,5103.5,5171.0,322498
2026-06-11,Britannia Industries Ltd,BRITANNIA.NS,5160.0,5190.5,5096.5,5113.0,295275
2026-06-12,Britannia Industries Ltd,BRITANNIA.NS,5128.5,5178.5,5115.0,5165.5,242017
2026-06-15,Britannia Industries Ltd,BRITANNIA.NS,5250.0,5258.0,5180.0,5199.5,226798
2026-06-16,Britannia Industries Ltd,BRITANNIA.NS,5199.5,5232.5,5169.5,5217.5,195644
2026-06-17,Britannia Industries Ltd,BRITANNIA.NS,5220.0,5239.0,5191.0,5232.0,270826
2026-06-18,Britannia Industries Ltd,BRITANNIA.NS,5230.5,5250.0,5192.5,5245.0,391567
2026-06-19,Britannia Industries Ltd,BRITANNIA.NS,5211.0,5240.0,5180.0,5195.0,273184
2026-06-22,Britannia Industries Ltd,BRITANNIA.NS,5205.0,5230.0,5186.5,5217.5,261961
2026-06-23,Britannia Industries Ltd,BRITANNIA.NS,5217.5,5275.5,5196.0,5241.0,220646
2026-06-24,Britannia Industries Ltd,BRITANNIA.NS,5219.5,5291.0,5217.0,5262.5,286835
2026-06-25,Britannia Industries Ltd,BRITANNIA.NS,5262.5,5298.5,5207.0,5237.0,193478
2026-06-26,Britannia Industries Ltd,BRITANNIA.NS,5237.0,5237.0,5237.0,5237.0,0
2026-06-29,Britannia Industries Ltd,BRITANNIA.NS,5233.0,5244.0,5085.0,5102.0,472081
2026-06-30,Britannia Industries Ltd,BRITANNIA.NS,5112.0,5176.0,5075.5,5146.5,326609
2026-07-01,Britannia Industries Ltd,BRITANNIA.NS,5146.5,5276.0,5115.0,5262.0,475937
2026-07-02,Britannia Industries Ltd,BRITANNIA.NS,5287.0,5393.0,5262.0,5374.0,374142
2026-07-03,Britannia Industries Ltd,BRITANNIA.NS,5409.5,5448.0,5368.0,5379.0,226125
2026-07-06,Britannia Industries Ltd,BRITANNIA.NS,5379.0,5464.0,5366.0,5454.5,180876
2026-07-07,Britannia Industries Ltd,BRITANNIA.NS,5454.0,5483.5,5418.5,5447.0,109487
2026-07-08,Britannia Industries Ltd,BRITANNIA.NS,5410.0,5470.0,5276.0,5315.5,233635
2026-07-09,Britannia Industries Ltd,BRITANNIA.NS,5326.0,5388.5,5326.0,5361.5,174108
2026-07-10,Britannia Industries Ltd,BRITANNIA.NS,5390.0,5405.0,5323.0,5353.0,143224
2026-07-13,Britannia Industries Ltd,BRITANNIA.NS,5335.5,5368.5,5290.5,5348.5,132632
2026-07-14,Britannia Industries Ltd,BRITANNIA.NS,5244.0,5347.5,5235.5,5283.5,326899
2026-07-15,Britannia Industries Ltd,BRITANNIA.NS,5311.5,5345.0,5274.0,5315.5,208524
2026-07-16,Britannia Industries Ltd,BRITANNIA.NS,5311.0,5367.0,5294.0,5310.5,219782
2026-07-17,Britannia Industries Ltd,BRITANNIA.NS,5312.0,5418.0,5299.0,5412.5,199477
2026-07-20,Britannia Industries Ltd,BRITANNIA.NS,5412.5,5485.5,5391.5,5470.0,227434
2026-07-21,Britannia Industries Ltd,BRITANNIA.NS,5466.0,5497.0,5435.0,5482.0,158603
2026-07-22,Britannia Industries Ltd,BRITANNIA.NS,5478.5,5529.0,5443.5,5485.5,156506
2026-07-23,Britannia Industries Ltd,BRITANNIA.NS,5475.0,5524.0,5365.5,5388.0,284275
2026-07-24,Britannia Industries Ltd,BRITANNIA.NS,5383.0,5450.0,5316.5,5379.5,208047
2026-07-27,Britannia Industries Ltd,BRITANNIA.NS,5399.5,5436.5,5343.0,5384.5,238867
2026-07-28,Britannia Industries Ltd,BRITANNIA.NS,5380.0,5510.0,5380.0,5478.5,340199
2026-07-29,Britannia Industries Ltd,BRITANNIA.NS,5499.5,5582.0,5488.5,5517.5,356551
2026-07-30,Britannia Industries Ltd,BRITANNIA.NS,5528.0,5562.0,5482.5,5524.5,258715
2026-07-31,Britannia Industries Ltd,BRITANNIA.NS,5445.0,5460.0,5364.0,5416.5,428290
2026-08-03,Britannia Industries Ltd,BRITANNIA.NS,5422.0,5531.0,5401.0,5531.0,201410
2026-08-04,Britannia Industries Ltd,BRITANNIA.NS,5502.0,5503.5,5393.5,5478.0,272040
2026-08-05,Britannia Industries Ltd,BRITANNIA.NS,5461.0,5488.0,5406.0,5440.0,409191
2026-08-06,Britannia Industries Ltd,BRITANNIA.NS,5440.0,5475.0,5363.5,5404.0,342179
2026-08-07,Britannia Industries Ltd,BRITANNIA.NS,5502.5,5660.0,5500.0,5510.0,1342849
2026-08-10,Britannia Industries Ltd,BRITANNIA.NS,5512.5,5643.5,5512.5,5623.5,327625
2026-08-11,Britannia Industries Ltd,BRITANNIA.NS,5650.0,5652.0,5598.0,5598.0,332689
2026-08-12,Britannia Industries Ltd,BRITANNIA.NS,5598.0,5645.5,5560.0,5645.5,257865
2026-08-13,Britannia Industries Ltd,BRITANNIA.NS,5624.0,5689.5,5585.0,5615.0,215340
2026-08-14,Britannia Industries Ltd,BRITANNIA.NS,5614.5,5630.0,5550.0,5558.0,246713
2026-08-17,Britannia Industries Ltd,BRITANNIA.NS,5546.0,5588.5,5495.5,5521.0,189361
2026-08-18,Britannia Industries Ltd,BRITANNIA.NS,5543.5,5561.0,5490.0,5495.0,281420
2026-08-19,Britannia Industries Ltd,BRITANNIA.NS,5495.0,5550.0,5453.0,5453.0,251106
2026-08-20,Britannia Industries Ltd,BRITANNIA.NS,5454.5,5555.0,5454.5,5548.0,200063
2026-08-21,Britannia Industries Ltd,BRITANNIA.NS,5527.5,5533.0,5342.0,5365.0,704494
2026-08-24,Britannia Industries Ltd,BRITANNIA.NS,5385.0,5385.0,5285.0,5311.0,260158
2026-08-25,Britannia Industries Ltd,BRITANNIA.NS,5310.5,5382.5,5286.0,5382.5,361146
2026-08-26,Britannia Industries Ltd,BRITANNIA.NS,5370.0,5388.5,5310.0,5310.0,119636
2026-08-27,Britannia Industries Ltd,BRITANNIA.NS,5315.0,5360.5,5277.5,5298.0,222346
2026-08-28,Britannia Industries Ltd,BRITANNIA.NS,5298.0,5355.0,5276.5,5308.5,246611
2026-08-31,Britannia Industries Ltd,BRITANNIA.NS,5302.0,5302.0,5216.0,5250.0,334255
2026-09-01,Britannia Industries Ltd,BRITANNIA.NS,5230.0,5256.0,5145.5,5187.0,235479
2026-09-02,Britannia Industries Ltd,BRITANNIA.NS,5135.0,5172.0,5046.0,5154.0,325672
2026-09-03,Britannia Industries Ltd,BRITANNIA.NS,5131.5,5146.0,5079.0,5130.0,225559
2026-09-04,Britannia Industries Ltd,BRITANNIA.NS,5155.0,5160.5,5089.5,5101.5,269673
2026-09-07,Britannia Industries Ltd,BRITANNIA.NS,5126.0,5126.0,5005.5,5042.5,307760
2026-09-08,Britannia Industries Ltd,BRITANNIA.NS,5036.0,5091.5,5012.0,5064.0,280231
2026-09-09,Britannia Industries Ltd,BRITANNIA.NS,5064.0,5113.0,5023.0,5090.0,190380
2026-09-10,Britannia Industries Ltd,BRITANNIA.NS,5108.0,5108.0,4997.0,5009.0,263129
2026-09-11,Britannia Industries Ltd,BRITANNIA.NS,4996.0,5012.5,4945.0,4962.0,194857
2026-09-14,Britannia Industries Ltd,BRITANNIA.NS,4962.0,4962.0,4962.0,4962.0,0
2026-09-15,Britannia Industries Ltd,BRITANNIA.NS,4990.0,5022.5,4947.5,4947.5,209279
2026-09-16,Britannia Industries Ltd,BRITANNIA.NS,4947.5,5036.5,4933.0,4999.5,250873
2026-09-17,Britannia Industries Ltd,BRITANNIA.NS,4996.0,5040.0,4982.0,4982.0,308669
2026-09-18,Britannia Industries Ltd,BRITANNIA.NS,4982.0,5026.5,4968.0,4998.0,346885
2026-09-21,Britannia Industries Ltd,BRITANNIA.NS,5001.5,5030.5,4991.5,5023.0,166876
2026-09-22,Britannia Industries Ltd,BRITANNIA.NS,5030.0,5030.0,4915.0,4918.0,177451
2026-09-23,Britannia Industries Ltd,BRITANNIA.NS,4927.5,4965.0,4905.0,4929.0,207441
2026-09-24,Britannia Industries Ltd,BRITANNIA.NS,4935.0,4959.5,4885.0,4895.0,184523
2026-09-25,Britannia Industries Ltd,BRITANNIA.NS,4900.5,4939.5,4883.0,4937.5,107642
2026-09-28,Britannia Industries Ltd,BRITANNIA.NS,4933.0,4933.0,4869.0,4915.0,305787
2026-09-29,Britannia Industries Ltd,BRITANNIA.NS,4899.0,4907.5,4798.0,4835.0,524981
2026-09-30,Britannia Industries Ltd,BRITANNIA.NS,4830.0,4830.5,4758.0,4830.0,485651
2026-10-01,Britannia Industries Ltd,BRITANNIA.NS,4798.0,4812.2998046875,4737.0,4778.0,362699
2025-10-03,Cipla Ltd,CIPLA.NS,1522.0,1537.800048828125,1509.5,1517.699951171875,1070489
2025-10-06,Cipla Ltd,CIPLA.NS,1511.0,1520.0,1497.800048828125,1513.0999755859375,772031
2025-10-07,Cipla Ltd,CIPLA.NS,1514.9000244140625,1522.0,1506.199951171875,1513.300048828125,834623
2025-10-08,Cipla Ltd,CIPLA.NS,1512.0,1519.300048828125,1490.800048828125,1494.5999755859375,1068066
2025-10-09,Cipla Ltd,CIPLA.NS,1510.0,1516.699951171875,1499.300048828125,1513.0999755859375,878167
2025-10-10,Cipla Ltd,CIPLA.NS,1513.0,1569.0,1506.9000244140625,1561.800048828125,1495524
2025-10-13,Cipla Ltd,CIPLA.NS,1559.0,1566.9000244140625,1550.0999755859375,1563.5999755859375,671620
2025-10-14,Cipla Ltd,CIPLA.NS,1563.0,1566.0999755859375,1537.0999755859375,1552.300048828125,1056222
2025-10-15,Cipla Ltd,CIPLA.NS,1550.0,1564.800048828125,1546.0,1558.699951171875,1638237
2025-10-16,Cipla Ltd,CIPLA.NS,1559.0,1572.0,1555.0999755859375,1569.4000244140625,989785
2025-10-17,Cipla Ltd,CIPLA.NS,1565.300048828125,1582.0999755859375,1558.4000244140625,1577.5999755859375,1222051
2025-10-20,Cipla Ltd,CIPLA.NS,1590.0,1647.0,1577.9000244140625,1639.0999755859375,3372906
2025-10-21,Cipla Ltd,CIPLA.NS,1646.699951171875,1669.0,1642.0999755859375,1663.5999755859375,709223
2025-10-23,Cipla Ltd,CIPLA.NS,1665.0,1673.0,1638.0999755859375,1645.0999755859375,2150725
2025-10-24,Cipla Ltd,CIPLA.NS,1625.0999755859375,1625.0999755859375,1581.0999755859375,1584.4000244140625,2941997
2025-10-27,Cipla Ltd,CIPLA.NS,1585.0,1593.800048828125,1575.199951171875,1584.0,1213749
2025-10-28,Cipla Ltd,CIPLA.NS,1585.800048828125,1589.9000244140625,1562.0999755859375,1568.0999755859375,1489133
2025-10-29,Cipla Ltd,CIPLA.NS,1575.0,1588.0,1571.699951171875,1581.0999755859375,898965
2025-10-30,Cipla Ltd,CIPLA.NS,1587.0,1593.300048828125,1504.0,1540.0999755859375,4053965
2025-10-31,Cipla Ltd,CIPLA.NS,1510.0999755859375,1529.4000244140625,1500.0,1501.300048828125,3365093
2025-11-03,Cipla Ltd,CIPLA.NS,1502.9000244140625,1514.9000244140625,1490.300048828125,1511.5,1505905
2025-11-04,Cipla Ltd,CIPLA.NS,1511.5,1524.0,1498.0999755859375,1503.300048828125,1590643
2025-11-06,Cipla Ltd,CIPLA.NS,1510.800048828125,1512.9000244140625,1498.0,1501.5,1596245
2025-11-07,Cipla Ltd,CIPLA.NS,1500.0,1510.0,1491.5999755859375,1505.699951171875,1037508
2025-11-10,Cipla Ltd,CIPLA.NS,1510.0,1516.699951171875,1503.9000244140625,1511.5,1143959
2025-11-11,Cipla Ltd,CIPLA.NS,1511.300048828125,1517.5,1506.0999755859375,1514.9000244140625,850772
2025-11-12,Cipla Ltd,CIPLA.NS,1514.9000244140625,1528.0999755859375,1514.0999755859375,1519.300048828125,1179131
2025-11-13,Cipla Ltd,CIPLA.NS,1520.0,1534.9000244140625,1515.4000244140625,1525.800048828125,1217362
2025-11-14,Cipla Ltd,CIPLA.NS,1526.9000244140625,1534.4000244140625,1522.0,1532.0999755859375,810970
2025-11-17,Cipla Ltd,CIPLA.NS,1537.5,1538.4000244140625,1526.5,1535.5999755859375,912322
2025-11-18,Cipla Ltd,CIPLA.NS,1530.0,1535.0,1512.0999755859375,1514.5,747913
2025-11-19,Cipla Ltd,CIPLA.NS,1511.4000244140625,1529.5999755859375,1505.4000244140625,1526.800048828125,1171078
2025-11-20,Cipla Ltd,CIPLA.NS,1526.9000244140625,1534.800048828125,1519.4000244140625,1529.199951171875,896750
2025-11-21,Cipla Ltd,CIPLA.NS,1521.0999755859375,1527.0,1507.699951171875,1511.800048828125,1126820
2025-11-24,Cipla Ltd,CIPLA.NS,1515.0,1524.800048828125,1500.0,1504.0,2801854
2025-11-25,Cipla Ltd,CIPLA.NS,1500.199951171875,1522.699951171875,1500.199951171875,1507.5,908386
2025-11-26,Cipla Ltd,CIPLA.NS,1505.0,1525.5,1505.0,1523.800048828125,1087736
2025-11-27,Cipla Ltd,CIPLA.NS,1523.800048828125,1531.5,1520.0999755859375,1525.199951171875,810411
2025-11-28,Cipla Ltd,CIPLA.NS,1525.199951171875,1535.800048828125,1520.5999755859375,1531.300048828125,991042
2025-12-01,Cipla Ltd,CIPLA.NS,1532.0,1536.300048828125,1517.5,1523.0999755859375,1010599
2025-12-02,Cipla Ltd,CIPLA.NS,1520.0,1531.5,1513.199951171875,1516.5999755859375,1760512
2025-12-03,Cipla Ltd,CIPLA.NS,1516.699951171875,1522.800048828125,1495.0999755859375,1508.0,1034323
2025-12-04,Cipla Ltd,CIPLA.NS,1503.0999755859375,1525.699951171875,1503.0999755859375,1521.0,726473
2025-12-05,Cipla Ltd,CIPLA.NS,1525.0,1528.0,1513.5999755859375,1520.800048828125,813485
2025-12-08,Cipla Ltd,CIPLA.NS,1515.0999755859375,1520.5,1494.300048828125,1497.5999755859375,1263559
2025-12-09,Cipla Ltd,CIPLA.NS,1497.5999755859375,1502.4000244140625,1486.5,1490.5999755859375,1646840
2025-12-10,Cipla Ltd,CIPLA.NS,1492.0,1505.699951171875,1484.800048828125,1490.9000244140625,1316274
2025-12-11,Cipla Ltd,CIPLA.NS,1492.0,1513.4000244140625,1492.0,1512.300048828125,606130
2025-12-12,Cipla Ltd,CIPLA.NS,1520.0,1524.699951171875,1510.199951171875,1517.4000244140625,1054050
2025-12-15,Cipla Ltd,CIPLA.NS,1505.0,1515.5,1498.0,1508.0,855508
2025-12-16,Cipla Ltd,CIPLA.NS,1500.0,1508.9000244140625,1496.0999755859375,1499.5999755859375,789492
2025-12-17,Cipla Ltd,CIPLA.NS,1497.5999755859375,1505.300048828125,1491.0,1496.9000244140625,1000116
2025-12-18,Cipla Ltd,CIPLA.NS,1494.800048828125,1511.0,1493.699951171875,1498.9000244140625,974170
2025-12-19,Cipla Ltd,CIPLA.NS,1495.5,1520.0999755859375,1495.5,1517.0999755859375,769045
2025-12-22,Cipla Ltd,CIPLA.NS,1513.0,1522.5,1508.199951171875,1512.9000244140625,757496
2025-12-23,Cipla Ltd,CIPLA.NS,1520.4000244140625,1522.0,1498.300048828125,1500.699951171875,826988
2025-12-24,Cipla Ltd,CIPLA.NS,1502.5,1508.0,1490.199951171875,1496.300048828125,1022767
2025-12-26,Cipla Ltd,CIPLA.NS,1496.300048828125,1510.9000244140625,1494.0,1506.0,951555
2025-12-29,Cipla Ltd,CIPLA.NS,1506.0,1514.5,1492.0,1494.0,1077645
2025-12-30,Cipla Ltd,CIPLA.NS,1494.0,1498.699951171875,1475.9000244140625,1492.5,1993298
2025-12-31,Cipla Ltd,CIPLA.NS,1492.5,1513.5999755859375,1490.0999755859375,1511.300048828125,883966
2026-01-01,Cipla Ltd,CIPLA.NS,1512.0,1512.0,1499.0,1500.9000244140625,228078
2026-01-02,Cipla Ltd,CIPLA.NS,1500.9000244140625,1517.800048828125,1498.5999755859375,1511.5999755859375,964611
2026-01-05,Cipla Ltd,CIPLA.NS,1511.0,1525.0,1507.199951171875,1519.800048828125,1532549
2026-01-06,Cipla Ltd,CIPLA.NS,1519.800048828125,1539.699951171875,1519.800048828125,1530.800048828125,1614326
2026-01-07,Cipla Ltd,CIPLA.NS,1516.0,1516.0,1455.0,1467.9000244140625,5076416
2026-01-08,Cipla Ltd,CIPLA.NS,1467.9000244140625,1469.300048828125,1458.0,1460.5999755859375,2651011
2026-01-09,Cipla Ltd,CIPLA.NS,1464.699951171875,1468.300048828125,1456.0999755859375,1465.699951171875,1804271
2026-01-12,Cipla Ltd,CIPLA.NS,1464.0,1467.5,1444.199951171875,1465.199951171875,2380033
2026-01-13,Cipla Ltd,CIPLA.NS,1460.0,1469.4000244140625,1436.5999755859375,1448.300048828125,1909873
2026-01-14,Cipla Ltd,CIPLA.NS,1443.800048828125,1449.800048828125,1425.699951171875,1434.5,1775529
2026-01-15,Cipla Ltd,CIPLA.NS,1434.5,1434.5,1434.5,1434.5,0
2026-01-16,Cipla Ltd,CIPLA.NS,1379.0,1409.5,1367.199951171875,1397.5,4333315
2026-01-19,Cipla Ltd,CIPLA.NS,1396.5,1398.0999755859375,1371.9000244140625,1392.300048828125,1653550
2026-01-20,Cipla Ltd,CIPLA.NS,1392.300048828125,1395.9000244140625,1375.4000244140625,1378.4000244140625,2040403
2026-01-21,Cipla Ltd,CIPLA.NS,1378.4000244140625,1398.4000244140625,1363.800048828125,1369.5999755859375,2306655
2026-01-22,Cipla Ltd,CIPLA.NS,1381.199951171875,1384.5,1366.699951171875,1370.4000244140625,1536604
2026-01-23,Cipla Ltd,CIPLA.NS,1372.199951171875,1385.9000244140625,1303.0,1315.0,6590032
2026-01-27,Cipla Ltd,CIPLA.NS,1300.0,1323.5,1281.699951171875,1313.0,4109525
2026-01-28,Cipla Ltd,CIPLA.NS,1313.0,1334.699951171875,1310.0999755859375,1328.4000244140625,1535898
2026-01-29,Cipla Ltd,CIPLA.NS,1325.0,1327.5999755859375,1307.0,1320.9000244140625,2099306
2026-01-30,Cipla Ltd,CIPLA.NS,1319.0,1329.9000244140625,1314.4000244140625,1324.0,2157826
2026-02-02,Cipla Ltd,CIPLA.NS,1330.0,1333.0,1293.0999755859375,1311.5999755859375,1832963
2026-02-03,Cipla Ltd,CIPLA.NS,1365.0,1381.300048828125,1319.5999755859375,1322.800048828125,2711571
2026-02-04,Cipla Ltd,CIPLA.NS,1322.800048828125,1335.0999755859375,1315.800048828125,1326.699951171875,1590247
2026-02-05,Cipla Ltd,CIPLA.NS,1335.9000244140625,1335.9000244140625,1321.0,1333.300048828125,999810
2026-02-06,Cipla Ltd,CIPLA.NS,1328.0,1335.699951171875,1316.5,1330.0,1457970
2026-02-09,Cipla Ltd,CIPLA.NS,1338.0,1352.0,1328.0,1342.5,1936551
2026-02-10,Cipla Ltd,CIPLA.NS,1349.699951171875,1358.0,1337.0,1342.0999755859375,1053439
2026-02-11,Cipla Ltd,CIPLA.NS,1342.0999755859375,1352.4000244140625,1335.0,1349.9000244140625,830695
2026-02-12,Cipla Ltd,CIPLA.NS,1349.9000244140625,1350.0,1321.5999755859375,1330.0,1613374
2026-02-13,Cipla Ltd,CIPLA.NS,1328.0,1336.0999755859375,1315.800048828125,1331.5,1236946
2026-02-16,Cipla Ltd,CIPLA.NS,1331.0,1358.0,1327.5,1356.4000244140625,1616868
2026-02-17,Cipla Ltd,CIPLA.NS,1350.0,1356.0,1340.0999755859375,1343.9000244140625,1413727
2026-02-18,Cipla Ltd,CIPLA.NS,1350.800048828125,1352.9000244140625,1338.0999755859375,1349.800048828125,1119159
2026-02-19,Cipla Ltd,CIPLA.NS,1349.800048828125,1357.0,1323.699951171875,1328.9000244140625,587384
2026-02-20,Cipla Ltd,CIPLA.NS,1328.9000244140625,1342.9000244140625,1324.300048828125,1341.0999755859375,1551722
2026-02-23,Cipla Ltd,CIPLA.NS,1335.9000244140625,1335.9000244140625,1308.800048828125,1326.5,2435610
2026-02-24,Cipla Ltd,CIPLA.NS,1326.0,1338.5,1316.5,1326.699951171875,2109672
2026-02-25,Cipla Ltd,CIPLA.NS,1326.699951171875,1349.0,1326.699951171875,1346.0999755859375,1018377
2026-02-26,Cipla Ltd,CIPLA.NS,1352.800048828125,1364.9000244140625,1343.300048828125,1358.0999755859375,2013877
2026-02-27,Cipla Ltd,CIPLA.NS,1353.0,1356.9000244140625,1338.5,1348.199951171875,2609711
2026-03-02,Cipla Ltd,CIPLA.NS,1313.0,1354.5,1313.0,1351.5999755859375,1899674
2026-03-04,Cipla Ltd,CIPLA.NS,1348.199951171875,1348.9000244140625,1311.0,1313.199951171875,1938762
2026-03-05,Cipla Ltd,CIPLA.NS,1314.9000244140625,1332.0999755859375,1314.9000244140625,1326.4000244140625,1184085
2026-03-06,Cipla Ltd,CIPLA.NS,1326.0999755859375,1332.699951171875,1315.0,1321.199951171875,695774
2026-03-09,Cipla Ltd,CIPLA.NS,1309.0,1329.800048828125,1292.699951171875,1325.0,1674811
2026-03-10,Cipla Ltd,CIPLA.NS,1323.0,1340.300048828125,1317.5,1333.5,1050270
2026-03-11,Cipla Ltd,CIPLA.NS,1325.0,1338.0999755859375,1324.9000244140625,1329.5,1268130
2026-03-12,Cipla Ltd,CIPLA.NS,1325.0999755859375,1341.699951171875,1319.0,1324.300048828125,1405268
2026-03-13,Cipla Ltd,CIPLA.NS,1324.300048828125,1327.5,1301.0,1314.699951171875,1346347
2026-03-16,Cipla Ltd,CIPLA.NS,1314.699951171875,1327.9000244140625,1291.5999755859375,1300.0,1496780
2026-03-17,Cipla Ltd,CIPLA.NS,1300.0,1302.5999755859375,1275.5999755859375,1281.9000244140625,2034284
2026-03-18,Cipla Ltd,CIPLA.NS,1282.0,1289.5,1264.5999755859375,1268.5,2226496
2026-03-19,Cipla Ltd,CIPLA.NS,1253.9000244140625,1263.5,1235.4000244140625,1239.199951171875,1080395
2026-03-20,Cipla Ltd,CIPLA.NS,1250.0,1264.0,1248.0,1256.4000244140625,1151621
2026-03-23,Cipla Ltd,CIPLA.NS,1252.0,1252.699951171875,1217.800048828125,1221.800048828125,1295463
2026-03-24,Cipla Ltd,CIPLA.NS,1235.0,1240.0,1216.5999755859375,1219.4000244140625,853054
2026-03-25,Cipla Ltd,CIPLA.NS,1222.699951171875,1252.9000244140625,1219.0,1244.4000244140625,1466775
2026-03-27,Cipla Ltd,CIPLA.NS,1226.5,1249.199951171875,1226.5,1242.300048828125,2220695
2026-03-30,Cipla Ltd,CIPLA.NS,1231.199951171875,1235.0,1215.0,1224.199951171875,2089130
2026-04-01,Cipla Ltd,CIPLA.NS,1255.0,1257.0,1194.0,1195.9000244140625,2180444
2026-04-02,Cipla Ltd,CIPLA.NS,1190.0,1196.5999755859375,1165.699951171875,1192.4000244140625,3128666
2026-04-06,Cipla Ltd,CIPLA.NS,1190.300048828125,1206.0,1170.0,1200.9000244140625,2188849
2026-04-07,Cipla Ltd,CIPLA.NS,1195.0,1210.4000244140625,1185.4000244140625,1202.4000244140625,2046737
2026-04-08,Cipla Ltd,CIPLA.NS,1220.0,1223.0,1204.5,1215.9000244140625,2476674
2026-04-09,Cipla Ltd,CIPLA.NS,1215.199951171875,1231.199951171875,1213.0999755859375,1224.4000244140625,2545266
2026-04-10,Cipla Ltd,CIPLA.NS,1225.4000244140625,1239.0,1220.800048828125,1229.5,2086385
2026-04-13,Cipla Ltd,CIPLA.NS,1222.300048828125,1222.300048828125,1203.199951171875,1211.0999755859375,1611654
2026-04-15,Cipla Ltd,CIPLA.NS,1220.0,1228.699951171875,1216.0999755859375,1227.0,1297882
2026-04-16,Cipla Ltd,CIPLA.NS,1231.0,1235.5,1222.800048828125,1230.5,1778133
2026-04-17,Cipla Ltd,CIPLA.NS,1230.5,1244.5,1224.4000244140625,1240.800048828125,2291092
2026-04-20,Cipla Ltd,CIPLA.NS,1245.0,1246.0,1226.0,1229.5,1158618
2026-04-21,Cipla Ltd,CIPLA.NS,1228.5999755859375,1236.4000244140625,1223.300048828125,1232.5,1428292
2026-04-22,Cipla Ltd,CIPLA.NS,1226.0,1240.800048828125,1222.0,1236.300048828125,1172238
2026-04-23,Cipla Ltd,CIPLA.NS,1234.0999755859375,1308.4000244140625,1227.5999755859375,1305.9000244140625,5274028
2026-04-24,Cipla Ltd,CIPLA.NS,1295.0,1303.9000244140625,1254.0999755859375,1295.0,4427307
2026-04-27,Cipla Ltd,CIPLA.NS,1303.199951171875,1320.699951171875,1299.0,1317.199951171875,1721187
2026-04-28,Cipla Ltd,CIPLA.NS,1316.0,1326.0,1296.300048828125,1306.5,1501522
2026-04-29,Cipla Ltd,CIPLA.NS,1312.0,1322.0,1307.800048828125,1317.5999755859375,986556
2026-04-30,Cipla Ltd,CIPLA.NS,1317.9000244140625,1329.800048828125,1305.0,1309.5999755859375,1370336
2026-05-01,Cipla Ltd,CIPLA.NS,1309.5999755859375,1309.5999755859375,1309.5999755859375,1309.5999755859375,0
2026-05-04,Cipla Ltd,CIPLA.NS,1320.0,1337.4000244140625,1313.5999755859375,1335.0,1088765
2026-05-05,Cipla Ltd,CIPLA.NS,1339.0,1339.4000244140625,1316.4000244140625,1333.699951171875,1051020
2026-05-06,Cipla Ltd,CIPLA.NS,1340.0,1372.0,1333.0999755859375,1364.4000244140625,1854812
2026-05-07,Cipla Ltd,CIPLA.NS,1370.0,1379.5,1360.0999755859375,1362.300048828125,1248019
2026-05-08,Cipla Ltd,CIPLA.NS,1355.0,1366.699951171875,1341.300048828125,1347.0,1044824
2026-05-11,Cipla Ltd,CIPLA.NS,1347.0,1350.0,1300.0999755859375,1304.9000244140625,1428197
2026-05-12,Cipla Ltd,CIPLA.NS,1304.5999755859375,1309.0,1289.0,1292.300048828125,1398439
2026-05-13,Cipla Ltd,CIPLA.NS,1279.0999755859375,1356.5999755859375,1274.699951171875,1327.5999755859375,6015153
2026-05-14,Cipla Ltd,CIPLA.NS,1362.199951171875,1442.0,1362.199951171875,1436.699951171875,9166941
2026-05-15,Cipla Ltd,CIPLA.NS,1436.699951171875,1444.5,1425.199951171875,1432.0999755859375,1138894
2026-05-18,Cipla Ltd,CIPLA.NS,1422.0,1442.0999755859375,1411.800048828125,1426.199951171875,2013605
2026-05-19,Cipla Ltd,CIPLA.NS,1420.0,1426.5999755859375,1408.699951171875,1409.800048828125,1379218
2026-05-20,Cipla Ltd,CIPLA.NS,1392.300048828125,1422.0999755859375,1392.300048828125,1399.5,1316586
2026-05-21,Cipla Ltd,CIPLA.NS,1406.5,1415.9000244140625,1397.699951171875,1401.9000244140625,1145360
2026-05-22,Cipla Ltd,CIPLA.NS,1409.0,1409.5999755859375,1392.0,1399.199951171875,917323
2026-05-25,Cipla Ltd,CIPLA.NS,1406.0,1420.0,1398.5,1413.9000244140625,668915
2026-05-26,Cipla Ltd,CIPLA.NS,1413.9000244140625,1422.5999755859375,1409.5999755859375,1417.5,1132793
2026-05-27,Cipla Ltd,CIPLA.NS,1417.5999755859375,1432.0,1416.0,1418.199951171875,937447
2026-05-28,Cipla Ltd,CIPLA.NS,1418.199951171875,1418.199951171875,1418.199951171875,1418.199951171875,0
2026-05-29,Cipla Ltd,CIPLA.NS,1411.0,1429.199951171875,1382.699951171875,1401.0,9540984
2026-06-01,Cipla Ltd,CIPLA.NS,1410.0,1413.5999755859375,1386.0,1390.300048828125,714608
2026-06-02,Cipla Ltd,CIPLA.NS,1380.0,1384.9000244140625,1358.199951171875,1379.300048828125,2290839
2026-06-03,Cipla Ltd,CIPLA.NS,1375.0,1384.9000244140625,1365.300048828125,1375.199951171875,1520395
2026-06-04,Cipla Ltd,CIPLA.NS,1365.0,1404.9000244140625,1354.0,1398.699951171875,1548692
2026-06-05,Cipla Ltd,CIPLA.NS,1394.0,1406.0999755859375,1382.0,1401.300048828125,1050391
2026-06-08,Cipla Ltd,CIPLA.NS,1397.0,1405.0,1383.0,1387.9000244140625,669481
2026-06-09,Cipla Ltd,CIPLA.NS,1383.0999755859375,1398.800048828125,1373.5999755859375,1376.5,1419845
2026-06-10,Cipla Ltd,CIPLA.NS,1374.0,1391.4000244140625,1371.0999755859375,1377.0,962642
2026-06-11,Cipla Ltd,CIPLA.NS,1376.0999755859375,1391.0,1373.9000244140625,1383.300048828125,654474
2026-06-12,Cipla Ltd,CIPLA.NS,1393.9000244140625,1396.0999755859375,1382.199951171875,1389.4000244140625,805612
2026-06-15,Cipla Ltd,CIPLA.NS,1396.699951171875,1397.9000244140625,1374.5,1381.300048828125,1687655
2026-06-16,Cipla Ltd,CIPLA.NS,1382.5999755859375,1392.300048828125,1366.0,1373.199951171875,613961
2026-06-17,Cipla Ltd,CIPLA.NS,1380.0,1381.699951171875,1341.0999755859375,1350.800048828125,2014168
2026-06-18,Cipla Ltd,CIPLA.NS,1353.199951171875,1365.0,1348.699951171875,1355.5,908719
2026-06-19,Cipla Ltd,CIPLA.NS,1355.0,1362.300048828125,1346.5999755859375,1351.800048828125,1476650
2026-06-22,Cipla Ltd,CIPLA.NS,1372.0,1418.199951171875,1370.5999755859375,1415.699951171875,3368853
2026-06-23,Cipla Ltd,CIPLA.NS,1422.800048828125,1461.0,1418.800048828125,1433.0999755859375,4958067
2026-06-24,Cipla Ltd,CIPLA.NS,1445.699951171875,1451.9000244140625,1425.699951171875,1437.9000244140625,2145293
2026-06-25,Cipla Ltd,CIPLA.NS,1448.0,1453.0,1431.0,1440.0999755859375,1217683
2026-06-26,Cipla Ltd,CIPLA.NS,1440.0999755859375,1440.0999755859375,1440.0999755859375,1440.0999755859375,0
2026-06-29,Cipla Ltd,CIPLA.NS,1443.699951171875,1490.0999755859375,1441.5,1454.0999755859375,4162869
2026-06-30,Cipla Ltd,CIPLA.NS,1455.699951171875,1480.800048828125,1448.699951171875,1465.4000244140625,2818077
2026-07-01,Cipla Ltd,CIPLA.NS,1468.0,1472.0999755859375,1446.0,1456.699951171875,753439
2026-07-02,Cipla Ltd,CIPLA.NS,1465.4000244140625,1468.199951171875,1452.699951171875,1456.0,731416
2026-07-03,Cipla Ltd,CIPLA.NS,1452.0,1471.0,1452.0,1458.199951171875,1261674
2026-07-06,Cipla Ltd,CIPLA.NS,1458.199951171875,1474.699951171875,1453.4000244140625,1472.300048828125,769917
2026-07-07,Cipla Ltd,CIPLA.NS,1472.300048828125,1482.0,1449.199951171875,1451.800048828125,1164880
2026-07-08,Cipla Ltd,CIPLA.NS,1453.300048828125,1471.9000244140625,1428.9000244140625,1431.800048828125,1163676
2026-07-09,Cipla Ltd,CIPLA.NS,1430.0,1454.800048828125,1426.4000244140625,1441.300048828125,947375
2026-07-10,Cipla Ltd,CIPLA.NS,1441.300048828125,1454.5,1435.0,1439.4000244140625,745842
2026-07-13,Cipla Ltd,CIPLA.NS,1439.4000244140625,1443.0,1420.0,1426.699951171875,844670
2026-07-14,Cipla Ltd,CIPLA.NS,1426.699951171875,1454.5,1425.300048828125,1438.0999755859375,1221695
2026-07-15,Cipla Ltd,CIPLA.NS,1447.0,1453.0,1433.0,1438.0,924453
2026-07-16,Cipla Ltd,CIPLA.NS,1439.9000244140625,1444.0,1426.5999755859375,1429.5,568731
2026-07-17,Cipla Ltd,CIPLA.NS,1429.5,1434.0,1404.0,1418.699951171875,607055
2026-07-20,Cipla Ltd,CIPLA.NS,1425.699951171875,1466.5999755859375,1419.5,1441.5999755859375,1494196
2026-07-21,Cipla Ltd,CIPLA.NS,1442.0999755859375,1443.9000244140625,1414.0,1432.5,1341452
2026-07-22,Cipla Ltd,CIPLA.NS,1423.0,1423.0,1395.699951171875,1415.0999755859375,1722239
2026-07-23,Cipla Ltd,CIPLA.NS,1409.0999755859375,1426.9000244140625,1366.0999755859375,1393.0,4248433
2026-07-24,Cipla Ltd,CIPLA.NS,1390.0999755859375,1444.800048828125,1390.0999755859375,1410.5999755859375,2917791
2026-07-27,Cipla Ltd,CIPLA.NS,1412.5999755859375,1418.0999755859375,1392.800048828125,1409.4000244140625,1162030
2026-07-28,Cipla Ltd,CIPLA.NS,1426.699951171875,1447.800048828125,1426.699951171875,1444.5999755859375,1621735
2026-07-29,Cipla Ltd,CIPLA.NS,1451.0,1491.199951171875,1442.0,1474.300048828125,2192262
2026-07-30,Cipla Ltd,CIPLA.NS,1478.800048828125,1483.800048828125,1464.0999755859375,1466.4000244140625,833068
2026-07-31,Cipla Ltd,CIPLA.NS,1473.4000244140625,1478.800048828125,1462.300048828125,1473.199951171875,1223370
2026-08-03,Cipla Ltd,CIPLA.NS,1475.0,1480.5999755859375,1454.300048828125,1474.4000244140625,811745
2026-08-04,Cipla Ltd,CIPLA.NS,1469.5999755859375,1469.5999755859375,1449.300048828125,1460.0,947279
2026-08-05,Cipla Ltd,CIPLA.NS,1460.0,1463.0,1443.5,1458.800048828125,973585
2026-08-06,Cipla Ltd,CIPLA.NS,1461.0,1488.0999755859375,1461.0,1477.0,1462279
2026-08-07,Cipla Ltd,CIPLA.NS,1477.0,1477.0,1462.0999755859375,1463.800048828125,765193
2026-08-10,Cipla Ltd,CIPLA.NS,1463.800048828125,1483.699951171875,1462.0,1467.699951171875,662981
2026-08-11,Cipla Ltd,CIPLA.NS,1466.0999755859375,1469.800048828125,1457.199951171875,1463.0,958909
2026-08-12,Cipla Ltd,CIPLA.NS,1460.0,1468.800048828125,1456.0999755859375,1463.0,621021
2026-08-13,Cipla Ltd,CIPLA.NS,1458.0999755859375,1464.4000244140625,1456.199951171875,1458.800048828125,440742
2026-08-14,Cipla Ltd,CIPLA.NS,1457.5,1474.300048828125,1449.199951171875,1450.0,784917
2026-08-17,Cipla Ltd,CIPLA.NS,1445.4000244140625,1449.0,1423.699951171875,1431.5,756514
2026-08-18,Cipla Ltd,CIPLA.NS,1431.5,1437.5999755859375,1428.4000244140625,1431.0999755859375,589396
2026-08-19,Cipla Ltd,CIPLA.NS,1429.0,1435.0999755859375,1415.4000244140625,1422.0,433654
2026-08-20,Cipla Ltd,CIPLA.NS,1430.0,1439.4000244140625,1427.5,1438.0,327752
2026-08-21,Cipla Ltd,CIPLA.NS,1433.4000244140625,1443.5999755859375,1408.5999755859375,1432.199951171875,728275
2026-08-24,Cipla Ltd,CIPLA.NS,1428.0,1442.300048828125,1410.300048828125,1437.9000244140625,1220646
2026-08-25,Cipla Ltd,CIPLA.NS,1435.9000244140625,1435.9000244140625,1411.0999755859375,1422.0,799235
2026-08-26,Cipla Ltd,CIPLA.NS,1413.5,1419.4000244140625,1401.0999755859375,1402.699951171875,915493
2026-08-27,Cipla Ltd,CIPLA.NS,1405.0,1420.0,1402.0999755859375,1420.0,533212
2026-08-28,Cipla Ltd,CIPLA.NS,1420.0,1423.9000244140625,1409.0999755859375,1423.5,377976
2026-08-31,Cipla Ltd,CIPLA.NS,1418.0,1426.0999755859375,1409.199951171875,1409.199951171875,977929
2026-09-01,Cipla Ltd,CIPLA.NS,1420.9000244140625,1425.699951171875,1406.5,1423.0,880100
2026-09-02,Cipla Ltd,CIPLA.NS,1414.0,1417.0,1401.199951171875,1412.800048828125,578260
2026-09-03,Cipla Ltd,CIPLA.NS,1414.0,1415.4000244140625,1389.4000244140625,1394.699951171875,549749
2026-09-04,Cipla Ltd,CIPLA.NS,1397.699951171875,1399.0999755859375,1375.5,1385.0,1326180
2026-09-07,Cipla Ltd,CIPLA.NS,1380.0,1395.699951171875,1376.800048828125,1395.0,606497
2026-09-08,Cipla Ltd,CIPLA.NS,1393.4000244140625,1398.4000244140625,1377.199951171875,1384.0,728795
2026-09-09,Cipla Ltd,CIPLA.NS,1380.0,1388.699951171875,1363.0999755859375,1363.0999755859375,818773
2026-09-10,Cipla Ltd,CIPLA.NS,1366.800048828125,1380.0,1363.0999755859375,1373.300048828125,826221
2026-09-11,Cipla Ltd,CIPLA.NS,1373.0,1373.0,1347.699951171875,1366.0,1681155
2026-09-14,Cipla Ltd,CIPLA.NS,1366.0,1366.0,1366.0,1366.0,0
2026-09-15,Cipla Ltd,CIPLA.NS,1355.0,1362.699951171875,1347.699951171875,1351.0,1225305
2026-09-16,Cipla Ltd,CIPLA.NS,1351.0,1363.699951171875,1344.300048828125,1358.0,911572
2026-09-17,Cipla Ltd,CIPLA.NS,1362.5,1385.0,1351.5999755859375,1376.300048828125,730653
2026-09-18,Cipla Ltd,CIPLA.NS,1371.699951171875,1394.5,1371.699951171875,1394.5,1386584
2026-09-21,Cipla Ltd,CIPLA.NS,1383.199951171875,1405.199951171875,1378.300048828125,1386.0999755859375,895131
2026-09-22,Cipla Ltd,CIPLA.NS,1386.300048828125,1388.699951171875,1364.5,1384.0999755859375,767139
2026-09-23,Cipla Ltd,CIPLA.NS,1382.4000244140625,1387.0,1371.800048828125,1383.0,651221
2026-09-24,Cipla Ltd,CIPLA.NS,1375.0,1419.0,1364.5999755859375,1399.0,1580784
2026-09-25,Cipla Ltd,CIPLA.NS,1402.9000244140625,1421.0,1388.4000244140625,1399.699951171875,1166527
2026-09-28,Cipla Ltd,CIPLA.NS,1399.699951171875,1405.0,1380.5,1383.699951171875,711020
2026-09-29,Cipla Ltd,CIPLA.NS,1390.0,1401.800048828125,1376.199951171875,1379.300048828125,1479526
2026-09-30,Cipla Ltd,CIPLA.NS,1383.0,1384.0,1346.0,1346.0,1063964
2026-10-01,Cipla Ltd,CIPLA.NS,1349.0999755859375,1359.4000244140625,1333.4000244140625,1344.0,921789
2025-10-03,Coal India Ltd,COALINDIA.NS,388.5,389.1000061035156,381.5,383.3500061035156,7431240
2025-10-06,Coal India Ltd,COALINDIA.NS,383.5,384.1000061035156,379.95001220703125,381.8999938964844,7022052
2025-10-07,Coal India Ltd,COALINDIA.NS,384.0,388.95001220703125,383.79998779296875,384.70001220703125,7895734
2025-10-08,Coal India Ltd,COALINDIA.NS,385.5,386.3999938964844,381.1000061035156,382.1000061035156,3642904
2025-10-09,Coal India Ltd,COALINDIA.NS,383.0,386.29998779296875,380.54998779296875,383.3500061035156,4628511
2025-10-10,Coal India Ltd,COALINDIA.NS,384.0,386.70001220703125,382.95001220703125,384.5,5061600
2025-10-13,Coal India Ltd,COALINDIA.NS,383.25,384.29998779296875,380.6499938964844,381.54998779296875,4750043
2025-10-14,Coal India Ltd,COALINDIA.NS,382.04998779296875,385.1499938964844,380.1000061035156,380.95001220703125,4288494
2025-10-15,Coal India Ltd,COALINDIA.NS,381.25,385.3999938964844,381.25,384.25,6135157
2025-10-16,Coal India Ltd,COALINDIA.NS,385.0,387.95001220703125,384.5,387.6000061035156,3513302
2025-10-17,Coal India Ltd,COALINDIA.NS,387.6000061035156,389.5,385.25,388.79998779296875,4093872
2025-10-20,Coal India Ltd,COALINDIA.NS,390.0,392.0,388.45001220703125,390.6000061035156,4007425
2025-10-21,Coal India Ltd,COALINDIA.NS,393.1000061035156,393.1499938964844,390.6000061035156,391.1000061035156,678084
2025-10-23,Coal India Ltd,COALINDIA.NS,391.6000061035156,394.3999938964844,390.45001220703125,392.6499938964844,4311356
2025-10-24,Coal India Ltd,COALINDIA.NS,392.6499938964844,395.45001220703125,390.79998779296875,394.04998779296875,4070949
2025-10-27,Coal India Ltd,COALINDIA.NS,395.5,398.20001220703125,393.6000061035156,396.70001220703125,5438773
2025-10-28,Coal India Ltd,COALINDIA.NS,396.95001220703125,398.20001220703125,389.3500061035156,391.3999938964844,7672258
2025-10-29,Coal India Ltd,COALINDIA.NS,393.25,399.29998779296875,380.04998779296875,382.0,26856509
2025-10-30,Coal India Ltd,COALINDIA.NS,382.95001220703125,388.95001220703125,379.29998779296875,387.70001220703125,15154040
2025-10-31,Coal India Ltd,COALINDIA.NS,389.95001220703125,394.20001220703125,387.75,388.6499938964844,13103909
2025-11-03,Coal India Ltd,COALINDIA.NS,390.54998779296875,390.8999938964844,387.29998779296875,388.54998779296875,14152223
2025-11-04,Coal India Ltd,COALINDIA.NS,380.0,382.0,376.5,377.54998779296875,10536699
2025-11-06,Coal India Ltd,COALINDIA.NS,378.70001220703125,378.70001220703125,372.3500061035156,373.1499938964844,6648689
2025-11-07,Coal India Ltd,COALINDIA.NS,372.0,376.75,371.5,376.0,4650451
2025-11-10,Coal India Ltd,COALINDIA.NS,376.1000061035156,382.3999938964844,376.1000061035156,381.3500061035156,4451727
2025-11-11,Coal India Ltd,COALINDIA.NS,381.45001220703125,383.0,378.6000061035156,382.79998779296875,3299015
2025-11-12,Coal India Ltd,COALINDIA.NS,384.25,387.6000061035156,382.70001220703125,386.5,4326520
2025-11-13,Coal India Ltd,COALINDIA.NS,386.5,387.3999938964844,382.75,383.20001220703125,3480764
2025-11-14,Coal India Ltd,COALINDIA.NS,383.20001220703125,387.3500061035156,382.29998779296875,386.95001220703125,3760163
2025-11-17,Coal India Ltd,COALINDIA.NS,387.0,389.20001220703125,386.1499938964844,387.8500061035156,3847261
2025-11-18,Coal India Ltd,COALINDIA.NS,387.8500061035156,387.8500061035156,382.95001220703125,383.95001220703125,4462641
2025-11-19,Coal India Ltd,COALINDIA.NS,383.1000061035156,383.8500061035156,378.45001220703125,379.04998779296875,5332643
2025-11-20,Coal India Ltd,COALINDIA.NS,381.0,381.25,377.54998779296875,379.6499938964844,3971851
2025-11-21,Coal India Ltd,COALINDIA.NS,378.0,380.3500061035156,377.54998779296875,378.20001220703125,3088629
2025-11-24,Coal India Ltd,COALINDIA.NS,378.1499938964844,378.20001220703125,372.0,372.54998779296875,5543493
2025-11-25,Coal India Ltd,COALINDIA.NS,372.6000061035156,373.3999938964844,369.6000061035156,370.04998779296875,4902920
2025-11-26,Coal India Ltd,COALINDIA.NS,371.8500061035156,377.70001220703125,371.29998779296875,377.3500061035156,4102285
2025-11-27,Coal India Ltd,COALINDIA.NS,377.3500061035156,378.70001220703125,376.1000061035156,378.04998779296875,3330267
2025-11-28,Coal India Ltd,COALINDIA.NS,379.0,379.20001220703125,374.8999938964844,376.1499938964844,4689402
2025-12-01,Coal India Ltd,COALINDIA.NS,376.8999938964844,380.0,375.79998779296875,379.6499938964844,4217206
2025-12-02,Coal India Ltd,COALINDIA.NS,379.5,379.8999938964844,376.75,378.95001220703125,3695491
2025-12-03,Coal India Ltd,COALINDIA.NS,378.95001220703125,379.29998779296875,372.20001220703125,375.25,4650434
2025-12-04,Coal India Ltd,COALINDIA.NS,375.0,379.75,373.79998779296875,379.04998779296875,3135061
2025-12-05,Coal India Ltd,COALINDIA.NS,378.8999938964844,380.6499938964844,376.5,379.95001220703125,3154258
2025-12-08,Coal India Ltd,COALINDIA.NS,380.8999938964844,380.8999938964844,375.54998779296875,377.3500061035156,3911363
2025-12-09,Coal India Ltd,COALINDIA.NS,375.1000061035156,381.20001220703125,373.3500061035156,379.3500061035156,4242651
2025-12-10,Coal India Ltd,COALINDIA.NS,378.5,382.8999938964844,378.25,382.1499938964844,4752336
2025-12-11,Coal India Ltd,COALINDIA.NS,382.3500061035156,385.3500061035156,380.5,384.0,2695140
2025-12-12,Coal India Ltd,COALINDIA.NS,384.54998779296875,385.75,382.25,383.3500061035156,1410201
2025-12-15,Coal India Ltd,COALINDIA.NS,384.0,385.0,380.1000061035156,384.45001220703125,1870236
2025-12-16,Coal India Ltd,COALINDIA.NS,384.0,384.20001220703125,378.3500061035156,381.6000061035156,5109787
2025-12-17,Coal India Ltd,COALINDIA.NS,380.8500061035156,385.5,380.79998779296875,384.75,3651138
2025-12-18,Coal India Ltd,COALINDIA.NS,384.3999938964844,386.5,382.8500061035156,385.29998779296875,2379619
2025-12-19,Coal India Ltd,COALINDIA.NS,385.0,387.3500061035156,383.5,385.6000061035156,3611941
2025-12-22,Coal India Ltd,COALINDIA.NS,385.6000061035156,386.95001220703125,384.04998779296875,386.25,3112021
2025-12-23,Coal India Ltd,COALINDIA.NS,387.45001220703125,400.95001220703125,386.45001220703125,400.3999938964844,18487395
2025-12-24,Coal India Ltd,COALINDIA.NS,403.79998779296875,412.3999938964844,401.75,402.3500061035156,17624423
2025-12-26,Coal India Ltd,COALINDIA.NS,403.79998779296875,408.3999938964844,400.6000061035156,402.1499938964844,5435637
2025-12-29,Coal India Ltd,COALINDIA.NS,404.0,405.5,399.0,400.6499938964844,6105510
2025-12-30,Coal India Ltd,COALINDIA.NS,400.0,400.20001220703125,395.5,398.0,4418163
2025-12-31,Coal India Ltd,COALINDIA.NS,398.3999938964844,404.0,397.54998779296875,399.0,4644679
2026-01-01,Coal India Ltd,COALINDIA.NS,399.0,402.79998779296875,398.25,400.45001220703125,3161157
2026-01-02,Coal India Ltd,COALINDIA.NS,401.3500061035156,429.5,401.0,427.8999938964844,35090129
2026-01-05,Coal India Ltd,COALINDIA.NS,430.95001220703125,436.70001220703125,423.5,427.45001220703125,17258568
2026-01-06,Coal India Ltd,COALINDIA.NS,427.0,431.29998779296875,424.70001220703125,427.04998779296875,6308113
2026-01-07,Coal India Ltd,COALINDIA.NS,426.95001220703125,432.45001220703125,423.6499938964844,431.6499938964844,8920605
2026-01-08,Coal India Ltd,COALINDIA.NS,431.6499938964844,434.0,423.45001220703125,425.25,5991259
2026-01-09,Coal India Ltd,COALINDIA.NS,423.70001220703125,428.3500061035156,417.20001220703125,418.3500061035156,7306605
2026-01-12,Coal India Ltd,COALINDIA.NS,418.8999938964844,433.1499938964844,415.6499938964844,432.29998779296875,14407896
2026-01-13,Coal India Ltd,COALINDIA.NS,434.0,435.79998779296875,425.6000061035156,428.8999938964844,7104004
2026-01-14,Coal India Ltd,COALINDIA.NS,428.0,442.0,427.3999938964844,432.20001220703125,17125550
2026-01-15,Coal India Ltd,COALINDIA.NS,432.20001220703125,432.20001220703125,432.20001220703125,432.20001220703125,0
2026-01-16,Coal India Ltd,COALINDIA.NS,432.20001220703125,433.6000061035156,428.0,431.0,6410141
2026-01-19,Coal India Ltd,COALINDIA.NS,431.0,432.8500061035156,428.3500061035156,430.1499938964844,7105031
2026-01-20,Coal India Ltd,COALINDIA.NS,430.1000061035156,430.95001220703125,413.54998779296875,415.29998779296875,6768420
2026-01-21,Coal India Ltd,COALINDIA.NS,414.95001220703125,419.6499938964844,411.54998779296875,414.04998779296875,7312100
2026-01-22,Coal India Ltd,COALINDIA.NS,417.1499938964844,426.8500061035156,417.1499938964844,423.20001220703125,11497522
2026-01-23,Coal India Ltd,COALINDIA.NS,424.0,425.79998779296875,415.3999938964844,418.3999938964844,6520896
2026-01-27,Coal India Ltd,COALINDIA.NS,421.0,426.95001220703125,418.8999938964844,422.8999938964844,8749844
2026-01-28,Coal India Ltd,COALINDIA.NS,423.5,445.95001220703125,421.6000061035156,444.04998779296875,17496873
2026-01-29,Coal India Ltd,COALINDIA.NS,446.0,461.54998779296875,442.54998779296875,455.75,16915601
2026-01-30,Coal India Ltd,COALINDIA.NS,453.95001220703125,453.95001220703125,437.0,440.75,10191610
2026-02-02,Coal India Ltd,COALINDIA.NS,419.0,425.5,413.0,423.5,9618062
2026-02-03,Coal India Ltd,COALINDIA.NS,437.0,437.0,419.95001220703125,429.3999938964844,13955805
2026-02-04,Coal India Ltd,COALINDIA.NS,431.5,441.3999938964844,428.45001220703125,434.8999938964844,11476290
2026-02-05,Coal India Ltd,COALINDIA.NS,437.0,437.79998779296875,427.70001220703125,431.8500061035156,5252658
2026-02-06,Coal India Ltd,COALINDIA.NS,430.54998779296875,434.20001220703125,427.04998779296875,432.79998779296875,4738027
2026-02-09,Coal India Ltd,COALINDIA.NS,434.0,434.79998779296875,429.79998779296875,431.70001220703125,4512635
2026-02-10,Coal India Ltd,COALINDIA.NS,432.0,433.75,428.70001220703125,430.95001220703125,5103221
2026-02-11,Coal India Ltd,COALINDIA.NS,426.20001220703125,427.95001220703125,420.29998779296875,423.25,5715603
2026-02-12,Coal India Ltd,COALINDIA.NS,423.75,425.95001220703125,416.1499938964844,419.1499938964844,5987886
2026-02-13,Coal India Ltd,COALINDIA.NS,412.29998779296875,417.6000061035156,408.1000061035156,408.95001220703125,8190851
2026-02-16,Coal India Ltd,COALINDIA.NS,408.0,423.8500061035156,406.6000061035156,422.5,9719418
2026-02-17,Coal India Ltd,COALINDIA.NS,422.25,424.6000061035156,418.5,421.54998779296875,4564907
2026-02-18,Coal India Ltd,COALINDIA.NS,418.45001220703125,418.79998779296875,413.1000061035156,418.0,4872345
2026-02-19,Coal India Ltd,COALINDIA.NS,418.0,419.8500061035156,414.6000061035156,416.1499938964844,3824366
2026-02-20,Coal India Ltd,COALINDIA.NS,416.0,425.5,415.04998779296875,423.54998779296875,8843227
2026-02-23,Coal India Ltd,COALINDIA.NS,426.0,427.5,418.95001220703125,426.0,6515765
2026-02-24,Coal India Ltd,COALINDIA.NS,424.0,432.0,422.1000061035156,430.95001220703125,8950772
2026-02-25,Coal India Ltd,COALINDIA.NS,430.95001220703125,439.6499938964844,428.54998779296875,438.6000061035156,8935314
2026-02-26,Coal India Ltd,COALINDIA.NS,438.75,439.54998779296875,429.5,433.5,8650353
2026-02-27,Coal India Ltd,COALINDIA.NS,432.79998779296875,434.3999938964844,425.45001220703125,430.6499938964844,8147373
2026-03-02,Coal India Ltd,COALINDIA.NS,417.8999938964844,429.6000061035156,416.0,426.25,7498197
2026-03-04,Coal India Ltd,COALINDIA.NS,426.0,437.8999938964844,426.0,435.1499938964844,18921256
2026-03-05,Coal India Ltd,COALINDIA.NS,440.1499938964844,458.5,440.0,449.3999938964844,30106255
2026-03-06,Coal India Ltd,COALINDIA.NS,451.1499938964844,451.6000061035156,438.6000061035156,440.45001220703125,10553695
2026-03-09,Coal India Ltd,COALINDIA.NS,439.0,447.20001220703125,434.79998779296875,437.6499938964844,15824576
2026-03-10,Coal India Ltd,COALINDIA.NS,444.79998779296875,444.8999938964844,433.75,443.54998779296875,10860312
2026-03-11,Coal India Ltd,COALINDIA.NS,447.0,453.8999938964844,445.1499938964844,446.75,9975869
2026-03-12,Coal India Ltd,COALINDIA.NS,446.75,474.0,445.0,470.1000061035156,27328045
2026-03-13,Coal India Ltd,COALINDIA.NS,473.0,476.0,462.29998779296875,467.0,20216953
2026-03-16,Coal India Ltd,COALINDIA.NS,467.0,470.79998779296875,456.0,460.29998779296875,12312203
2026-03-17,Coal India Ltd,COALINDIA.NS,460.29998779296875,465.5,458.0,462.25,9193238
2026-03-18,Coal India Ltd,COALINDIA.NS,462.25,462.8500061035156,449.20001220703125,455.20001220703125,9539041
2026-03-19,Coal India Ltd,COALINDIA.NS,450.8999938964844,460.0,450.6499938964844,454.20001220703125,10192726
2026-03-20,Coal India Ltd,COALINDIA.NS,456.70001220703125,472.3999938964844,456.20001220703125,468.1499938964844,23878653
2026-03-23,Coal India Ltd,COALINDIA.NS,466.0,466.0,450.6499938964844,455.25,10163783
2026-03-24,Coal India Ltd,COALINDIA.NS,463.0,463.0,439.0,442.1000061035156,20320746
2026-03-25,Coal India Ltd,COALINDIA.NS,443.54998779296875,446.3999938964844,438.79998779296875,443.70001220703125,8630612
2026-03-27,Coal India Ltd,COALINDIA.NS,446.0,448.5,441.04998779296875,445.04998779296875,17184280
2026-03-30,Coal India Ltd,COALINDIA.NS,445.04998779296875,459.8999938964844,443.1000061035156,450.45001220703125,19114688
2026-04-01,Coal India Ltd,COALINDIA.NS,464.0,464.8500061035156,446.79998779296875,449.3999938964844,14960312
2026-04-02,Coal India Ltd,COALINDIA.NS,448.3999938964844,453.29998779296875,440.5,449.3500061035156,6701003
2026-04-06,Coal India Ltd,COALINDIA.NS,449.29998779296875,461.45001220703125,447.3999938964844,459.54998779296875,12403745
2026-04-07,Coal India Ltd,COALINDIA.NS,458.04998779296875,463.79998779296875,455.29998779296875,463.0,11316785
2026-04-08,Coal India Ltd,COALINDIA.NS,464.0,464.0,447.0,449.25,20653569
2026-04-09,Coal India Ltd,COALINDIA.NS,449.25,456.20001220703125,447.8500061035156,454.1000061035156,9468415
2026-04-10,Coal India Ltd,COALINDIA.NS,455.0,459.6000061035156,427.5,434.1000061035156,29605732
2026-04-13,Coal India Ltd,COALINDIA.NS,435.0,439.5,431.5,435.1000061035156,18702296
2026-04-15,Coal India Ltd,COALINDIA.NS,439.0,439.0,431.3999938964844,435.79998779296875,10149319
2026-04-16,Coal India Ltd,COALINDIA.NS,436.5,436.95001220703125,430.5,432.75,11776638
2026-04-17,Coal India Ltd,COALINDIA.NS,432.79998779296875,440.1499938964844,430.5,438.75,10733309
2026-04-20,Coal India Ltd,COALINDIA.NS,438.6000061035156,443.70001220703125,433.29998779296875,441.75,8090840
2026-04-21,Coal India Ltd,COALINDIA.NS,442.29998779296875,445.29998779296875,441.8999938964844,443.1499938964844,5336558
2026-04-22,Coal India Ltd,COALINDIA.NS,443.79998779296875,447.75,442.5,444.1499938964844,6991939
2026-04-23,Coal India Ltd,COALINDIA.NS,444.25,451.5,442.6499938964844,450.6499938964844,8989280
2026-04-24,Coal India Ltd,COALINDIA.NS,452.75,462.0,451.04998779296875,456.0,16441909
2026-04-27,Coal India Ltd,COALINDIA.NS,458.5,460.6499938964844,450.6499938964844,452.5,6922067
2026-04-28,Coal India Ltd,COALINDIA.NS,456.20001220703125,473.8999938964844,456.20001220703125,467.0,26732373
2026-04-29,Coal India Ltd,COALINDIA.NS,469.8500061035156,485.70001220703125,464.04998779296875,479.8999938964844,18063862
2026-04-30,Coal India Ltd,COALINDIA.NS,484.45001220703125,491.25,478.3999938964844,481.45001220703125,16935052
2026-05-01,Coal India Ltd,COALINDIA.NS,481.45001220703125,481.45001220703125,481.45001220703125,481.45001220703125,0
2026-05-04,Coal India Ltd,COALINDIA.NS,481.6000061035156,487.0,475.6000061035156,479.95001220703125,7757497
2026-05-05,Coal India Ltd,COALINDIA.NS,479.95001220703125,480.0,471.20001220703125,472.6000061035156,6946902
2026-05-06,Coal India Ltd,COALINDIA.NS,473.8500061035156,477.5,468.04998779296875,470.20001220703125,8596697
2026-05-07,Coal India Ltd,COALINDIA.NS,470.20001220703125,472.8500061035156,456.1000061035156,466.6499938964844,24264105
2026-05-08,Coal India Ltd,COALINDIA.NS,461.20001220703125,463.3500061035156,454.8999938964844,456.3999938964844,15767759
2026-05-11,Coal India Ltd,COALINDIA.NS,456.0,465.75,452.8500061035156,464.45001220703125,6258261
2026-05-12,Coal India Ltd,COALINDIA.NS,465.0,469.0,461.6499938964844,463.04998779296875,6464174
2026-05-13,Coal India Ltd,COALINDIA.NS,463.25,473.6000061035156,459.5,462.25,12091924
2026-05-14,Coal India Ltd,COALINDIA.NS,464.0,469.79998779296875,451.45001220703125,454.04998779296875,11408675
2026-05-15,Coal India Ltd,COALINDIA.NS,457.0,468.5,455.25,462.20001220703125,7859575
2026-05-18,Coal India Ltd,COALINDIA.NS,462.0,468.5,457.04998779296875,462.1000061035156,7735499
2026-05-19,Coal India Ltd,COALINDIA.NS,462.1000061035156,463.25,454.0,456.95001220703125,7319865
2026-05-20,Coal India Ltd,COALINDIA.NS,456.0,460.04998779296875,452.70001220703125,458.70001220703125,3756072
2026-05-21,Coal India Ltd,COALINDIA.NS,458.70001220703125,465.25,457.25,460.20001220703125,7425043
2026-05-22,Coal India Ltd,COALINDIA.NS,460.0,462.8500061035156,456.0,456.54998779296875,9201635
2026-05-25,Coal India Ltd,COALINDIA.NS,460.0,462.54998779296875,456.0,458.0,8441223
2026-05-26,Coal India Ltd,COALINDIA.NS,458.0,475.6499938964844,455.0,458.1499938964844,17073323
2026-05-27,Coal India Ltd,COALINDIA.NS,429.0,468.29998779296875,428.3999938964844,463.04998779296875,117042535
2026-05-28,Coal India Ltd,COALINDIA.NS,463.04998779296875,463.04998779296875,463.04998779296875,463.04998779296875,0
2026-05-29,Coal India Ltd,COALINDIA.NS,458.8999938964844,474.0,455.8999938964844,457.8999938964844,97895486
2026-06-01,Coal India Ltd,COALINDIA.NS,456.54998779296875,477.0,456.54998779296875,472.6000061035156,47716517
2026-06-02,Coal India Ltd,COALINDIA.NS,469.8500061035156,474.95001220703125,463.29998779296875,472.1499938964844,24933269
2026-06-03,Coal India Ltd,COALINDIA.NS,471.8999938964844,478.54998779296875,466.20001220703125,472.29998779296875,15291450
2026-06-04,Coal India Ltd,COALINDIA.NS,473.0,484.45001220703125,472.8500061035156,481.6499938964844,16059802
2026-06-05,Coal India Ltd,COALINDIA.NS,483.29998779296875,483.6000061035156,469.1000061035156,472.29998779296875,9592529
2026-06-08,Coal India Ltd,COALINDIA.NS,465.0,470.6000061035156,463.95001220703125,464.8999938964844,10074583
2026-06-09,Coal India Ltd,COALINDIA.NS,464.8999938964844,467.54998779296875,458.3999938964844,466.8999938964844,10972434
2026-06-10,Coal India Ltd,COALINDIA.NS,465.20001220703125,467.3999938964844,450.20001220703125,451.0,8127902
2026-06-11,Coal India Ltd,COALINDIA.NS,451.0,452.0,445.04998779296875,446.20001220703125,6034733
2026-06-12,Coal India Ltd,COALINDIA.NS,453.3500061035156,453.3500061035156,439.6499938964844,443.5,9946830
2026-06-15,Coal India Ltd,COALINDIA.NS,448.29998779296875,449.6000061035156,441.20001220703125,444.04998779296875,10056872
2026-06-16,Coal India Ltd,COALINDIA.NS,445.95001220703125,453.45001220703125,443.6000061035156,450.95001220703125,7262608
2026-06-17,Coal India Ltd,COALINDIA.NS,450.8999938964844,461.54998779296875,448.6000061035156,455.75,9064734
2026-06-18,Coal India Ltd,COALINDIA.NS,456.0,457.5,450.3500061035156,452.0,5364436
2026-06-19,Coal India Ltd,COALINDIA.NS,452.29998779296875,454.79998779296875,448.0,451.29998779296875,6128782
2026-06-22,Coal India Ltd,COALINDIA.NS,452.0,454.29998779296875,447.70001220703125,449.0,3738644
2026-06-23,Coal India Ltd,COALINDIA.NS,449.25,451.5,443.5,444.3500061035156,3512212
2026-06-24,Coal India Ltd,COALINDIA.NS,444.3500061035156,447.20001220703125,440.8999938964844,441.75,4169224
2026-06-25,Coal India Ltd,COALINDIA.NS,442.54998779296875,442.8500061035156,432.0,435.3999938964844,7046971
2026-06-26,Coal India Ltd,COALINDIA.NS,435.3999938964844,435.3999938964844,435.3999938964844,435.3999938964844,0
2026-06-29,Coal India Ltd,COALINDIA.NS,435.6499938964844,447.8999938964844,435.25,444.8500061035156,21400224
2026-06-30,Coal India Ltd,COALINDIA.NS,445.6000061035156,446.8500061035156,437.95001220703125,439.04998779296875,4363382
2026-07-01,Coal India Ltd,COALINDIA.NS,439.0,439.0,433.20001220703125,434.75,3391210
2026-07-02,Coal India Ltd,COALINDIA.NS,438.3999938964844,440.0,432.79998779296875,438.8999938964844,4941315
2026-07-03,Coal India Ltd,COALINDIA.NS,441.95001220703125,445.45001220703125,437.79998779296875,438.70001220703125,4283263
2026-07-06,Coal India Ltd,COALINDIA.NS,438.70001220703125,440.5,431.25,432.3500061035156,5464728
2026-07-07,Coal India Ltd,COALINDIA.NS,432.3500061035156,434.3500061035156,424.45001220703125,428.95001220703125,5315215
2026-07-08,Coal India Ltd,COALINDIA.NS,428.0,432.0,426.45001220703125,429.04998779296875,3686631
2026-07-09,Coal India Ltd,COALINDIA.NS,432.45001220703125,435.79998779296875,428.8500061035156,429.8999938964844,2855525
2026-07-10,Coal India Ltd,COALINDIA.NS,430.1499938964844,432.6000061035156,426.75,429.29998779296875,4872051
2026-07-13,Coal India Ltd,COALINDIA.NS,429.0,431.8999938964844,425.0,430.20001220703125,5650932
2026-07-14,Coal India Ltd,COALINDIA.NS,429.95001220703125,436.5,428.04998779296875,430.6000061035156,6155516
2026-07-15,Coal India Ltd,COALINDIA.NS,430.54998779296875,432.95001220703125,426.6000061035156,427.54998779296875,5624520
2026-07-16,Coal India Ltd,COALINDIA.NS,427.54998779296875,430.5,425.8500061035156,427.3500061035156,4570655
2026-07-17,Coal India Ltd,COALINDIA.NS,427.3999938964844,429.70001220703125,424.70001220703125,427.6499938964844,4142036
2026-07-20,Coal India Ltd,COALINDIA.NS,428.1499938964844,433.5,428.1499938964844,429.3999938964844,5363624
2026-07-21,Coal India Ltd,COALINDIA.NS,429.95001220703125,433.20001220703125,429.1499938964844,431.25,4612497
2026-07-22,Coal India Ltd,COALINDIA.NS,431.29998779296875,431.70001220703125,427.3500061035156,428.3999938964844,5625202
2026-07-23,Coal India Ltd,COALINDIA.NS,428.8500061035156,430.5,424.5,427.04998779296875,6064005
2026-07-24,Coal India Ltd,COALINDIA.NS,427.0,428.8999938964844,424.75,427.3999938964844,5403125
2026-07-27,Coal India Ltd,COALINDIA.NS,429.5,431.0,425.75,427.5,5241433
2026-07-28,Coal India Ltd,COALINDIA.NS,422.8999938964844,423.6000061035156,406.79998779296875,410.1499938964844,14222229
2026-07-29,Coal India Ltd,COALINDIA.NS,413.04998779296875,413.5,406.25,410.04998779296875,9914444
2026-07-30,Coal India Ltd,COALINDIA.NS,412.95001220703125,418.29998779296875,410.1000061035156,417.20001220703125,23225454
2026-07-31,Coal India Ltd,COALINDIA.NS,413.0,415.1000061035156,410.1499938964844,414.1499938964844,5938134
2026-08-03,Coal India Ltd,COALINDIA.NS,415.95001220703125,416.0,412.6000061035156,416.0,5371911
2026-08-04,Coal India Ltd,COALINDIA.NS,415.0,417.6000061035156,413.0,417.6000061035156,4057342
2026-08-05,Coal India Ltd,COALINDIA.NS,417.6000061035156,417.6000061035156,411.70001220703125,415.5,5429514
2026-08-06,Coal India Ltd,COALINDIA.NS,414.5,415.75,412.1499938964844,415.6000061035156,4753639
2026-08-07,Coal India Ltd,COALINDIA.NS,415.0,415.25,412.5,415.25,3493763
2026-08-10,Coal India Ltd,COALINDIA.NS,415.0,415.1499938964844,410.3500061035156,411.0,6284552
2026-08-11,Coal India Ltd,COALINDIA.NS,411.0,413.45001220703125,409.25,412.6000061035156,10739893
2026-08-12,Coal India Ltd,COALINDIA.NS,412.6000061035156,413.70001220703125,408.20001220703125,409.29998779296875,4089147
2026-08-13,Coal India Ltd,COALINDIA.NS,409.29998779296875,410.5,406.70001220703125,410.5,4423109
2026-08-14,Coal India Ltd,COALINDIA.NS,409.79998779296875,410.3999938964844,405.6000061035156,407.1000061035156,5000302
2026-08-17,Coal India Ltd,COALINDIA.NS,407.1000061035156,408.45001220703125,405.29998779296875,408.45001220703125,4866733
2026-08-18,Coal India Ltd,COALINDIA.NS,408.95001220703125,412.70001220703125,406.75,406.8999938964844,7352659
2026-08-19,Coal India Ltd,COALINDIA.NS,406.95001220703125,407.6000061035156,397.29998779296875,400.0,6030203
2026-08-20,Coal India Ltd,COALINDIA.NS,400.04998779296875,403.45001220703125,395.79998779296875,402.5,5070984
2026-08-21,Coal India Ltd,COALINDIA.NS,402.54998779296875,405.8999938964844,401.70001220703125,405.20001220703125,10327739
2026-08-24,Coal India Ltd,COALINDIA.NS,406.0,410.95001220703125,404.6000061035156,406.8999938964844,8002459
2026-08-25,Coal India Ltd,COALINDIA.NS,408.0,408.0,401.1000061035156,404.0,8450049
2026-08-26,Coal India Ltd,COALINDIA.NS,405.0,405.3999938964844,401.3999938964844,403.5,5118183
2026-08-27,Coal India Ltd,COALINDIA.NS,403.5,404.95001220703125,398.3999938964844,400.0,4430005
2026-08-28,Coal India Ltd,COALINDIA.NS,401.0,406.3500061035156,397.5,401.0,38504284
2026-08-31,Coal India Ltd,COALINDIA.NS,402.04998779296875,405.6000061035156,399.6499938964844,401.75,7827528
2026-09-01,Coal India Ltd,COALINDIA.NS,401.75,407.20001220703125,399.3999938964844,401.6000061035156,6128444
2026-09-02,Coal India Ltd,COALINDIA.NS,408.20001220703125,422.3999938964844,406.5,417.8500061035156,34130970
2026-09-03,Coal India Ltd,COALINDIA.NS,422.0,428.5,416.79998779296875,420.04998779296875,15286175
2026-09-04,Coal India Ltd,COALINDIA.NS,418.0,418.0,412.54998779296875,415.3500061035156,6126850
2026-09-07,Coal India Ltd,COALINDIA.NS,416.6000061035156,420.29998779296875,413.29998779296875,418.8500061035156,13592701
2026-09-08,Coal India Ltd,COALINDIA.NS,418.1000061035156,423.6000061035156,416.04998779296875,420.25,5273145
2026-09-09,Coal India Ltd,COALINDIA.NS,420.8500061035156,435.3500061035156,419.79998779296875,431.0,22791556
2026-09-10,Coal India Ltd,COALINDIA.NS,433.0,436.29998779296875,430.0,432.0,8811171
2026-09-11,Coal India Ltd,COALINDIA.NS,432.0,434.29998779296875,424.20001220703125,426.3999938964844,3868222
2026-09-14,Coal India Ltd,COALINDIA.NS,426.3999938964844,426.3999938964844,426.3999938964844,426.3999938964844,0
2026-09-15,Coal India Ltd,COALINDIA.NS,426.3999938964844,427.0,418.0,419.25,6128458
2026-09-16,Coal India Ltd,COALINDIA.NS,419.25,423.45001220703125,417.6000061035156,422.25,7049685
2026-09-17,Coal India Ltd,COALINDIA.NS,421.1000061035156,422.79998779296875,416.54998779296875,418.0,3329425
2026-09-18,Coal India Ltd,COALINDIA.NS,418.0,419.95001220703125,409.6499938964844,409.8999938964844,7700870
2026-09-21,Coal India Ltd,COALINDIA.NS,411.70001220703125,415.3999938964844,410.45001220703125,414.70001220703125,3442984
2026-09-22,Coal India Ltd,COALINDIA.NS,424.70001220703125,428.75,419.6499938964844,428.0,16676174
2026-09-23,Coal India Ltd,COALINDIA.NS,428.25,429.3999938964844,421.54998779296875,424.54998779296875,7956161
2026-09-24,Coal India Ltd,COALINDIA.NS,422.0,423.8500061035156,418.79998779296875,422.0,3565762
2026-09-25,Coal India Ltd,COALINDIA.NS,424.0,426.6499938964844,421.3500061035156,426.1000061035156,4798343
2026-09-28,Coal India Ltd,COALINDIA.NS,426.3999938964844,429.29998779296875,421.20001220703125,422.5,5492668
2026-09-29,Coal India Ltd,COALINDIA.NS,420.54998779296875,426.0,420.54998779296875,425.0,7457218
2026-09-30,Coal India Ltd,COALINDIA.NS,425.1000061035156,432.8999938964844,423.95001220703125,425.0,7436925
2026-10-01,Coal India Ltd,COALINDIA.NS,421.20001220703125,426.3500061035156,416.29998779296875,420.3999938964844,7514836
2025-10-03,Eicher Motors Ltd,EICHERMOT.NS,7000.0,7008.5,6850.0,6941.0,669742
2025-10-06,Eicher Motors Ltd,EICHERMOT.NS,6941.0,6955.5,6865.0,6880.0,218200
2025-10-07,Eicher Motors Ltd,EICHERMOT.NS,6880.0,6999.0,6880.0,6957.0,286586
2025-10-08,Eicher Motors Ltd,EICHERMOT.NS,6957.0,7007.0,6889.5,6902.5,476286
2025-10-09,Eicher Motors Ltd,EICHERMOT.NS,6925.0,6958.0,6818.0,6896.5,405889
2025-10-10,Eicher Motors Ltd,EICHERMOT.NS,6895.5,6984.0,6876.5,6965.0,282882
2025-10-13,Eicher Motors Ltd,EICHERMOT.NS,6999.5,7047.0,6896.5,6912.0,342990
2025-10-14,Eicher Motors Ltd,EICHERMOT.NS,6939.5,6942.0,6815.0,6887.0,309415
2025-10-15,Eicher Motors Ltd,EICHERMOT.NS,6893.5,6940.0,6865.0,6895.0,237366
2025-10-16,Eicher Motors Ltd,EICHERMOT.NS,6893.0,7016.5,6892.0,6988.0,319047
2025-10-17,Eicher Motors Ltd,EICHERMOT.NS,6990.0,7099.0,6988.0,7042.5,402013
2025-10-20,Eicher Motors Ltd,EICHERMOT.NS,7049.0,7104.5,7007.5,7013.5,326177
2025-10-21,Eicher Motors Ltd,EICHERMOT.NS,7037.0,7058.0,7005.0,7018.5,14379
2025-10-23,Eicher Motors Ltd,EICHERMOT.NS,7100.0,7100.0,6869.0,6884.5,419750
2025-10-24,Eicher Motors Ltd,EICHERMOT.NS,6894.0,6909.5,6792.0,6840.0,243740
2025-10-27,Eicher Motors Ltd,EICHERMOT.NS,6868.0,6927.5,6838.5,6906.5,228141
2025-10-28,Eicher Motors Ltd,EICHERMOT.NS,6905.0,7022.0,6905.0,7002.5,485231
2025-10-29,Eicher Motors Ltd,EICHERMOT.NS,7007.5,7007.5,6889.0,6952.0,343504
2025-10-30,Eicher Motors Ltd,EICHERMOT.NS,6952.0,6988.5,6869.0,6889.0,412184
2025-10-31,Eicher Motors Ltd,EICHERMOT.NS,6929.0,7099.0,6902.5,7007.0,670785
2025-11-03,Eicher Motors Ltd,EICHERMOT.NS,7030.0,7070.0,6996.5,7023.5,334962
2025-11-04,Eicher Motors Ltd,EICHERMOT.NS,7050.0,7060.0,6906.5,6930.0,494329
2025-11-06,Eicher Motors Ltd,EICHERMOT.NS,6945.0,6975.0,6793.5,6806.5,435650
2025-11-07,Eicher Motors Ltd,EICHERMOT.NS,6806.5,6897.0,6720.5,6886.0,465149
2025-11-10,Eicher Motors Ltd,EICHERMOT.NS,6870.0,6915.5,6800.5,6866.5,514365
2025-11-11,Eicher Motors Ltd,EICHERMOT.NS,6871.5,6890.0,6754.0,6873.0,409676
2025-11-12,Eicher Motors Ltd,EICHERMOT.NS,6906.5,6925.0,6838.5,6879.0,300606
2025-11-13,Eicher Motors Ltd,EICHERMOT.NS,6875.0,6946.5,6758.5,6855.0,842032
2025-11-14,Eicher Motors Ltd,EICHERMOT.NS,6799.0,6850.0,6670.0,6695.0,739163
2025-11-17,Eicher Motors Ltd,EICHERMOT.NS,6730.0,6809.0,6675.0,6799.0,789635
2025-11-18,Eicher Motors Ltd,EICHERMOT.NS,6835.0,6854.0,6754.0,6814.5,517129
2025-11-19,Eicher Motors Ltd,EICHERMOT.NS,6800.0,6911.5,6760.0,6896.5,416170
2025-11-20,Eicher Motors Ltd,EICHERMOT.NS,6906.0,7138.0,6886.5,7125.5,857232
2025-11-21,Eicher Motors Ltd,EICHERMOT.NS,7125.5,7205.0,7088.5,7134.5,654156
2025-11-24,Eicher Motors Ltd,EICHERMOT.NS,7151.5,7284.5,7135.0,7258.5,1229296
2025-11-25,Eicher Motors Ltd,EICHERMOT.NS,7258.5,7274.5,7180.0,7218.5,521990
2025-11-26,Eicher Motors Ltd,EICHERMOT.NS,7258.0,7273.0,7180.0,7198.5,313545
2025-11-27,Eicher Motors Ltd,EICHERMOT.NS,7210.0,7210.5,6981.0,6999.0,480102
2025-11-28,Eicher Motors Ltd,EICHERMOT.NS,6999.0,7065.0,6956.0,7053.5,449709
2025-12-01,Eicher Motors Ltd,EICHERMOT.NS,7061.5,7250.0,7025.0,7125.5,974710
2025-12-02,Eicher Motors Ltd,EICHERMOT.NS,7125.0,7196.0,7091.5,7112.5,448174
2025-12-03,Eicher Motors Ltd,EICHERMOT.NS,7090.0,7105.0,7042.0,7081.5,333674
2025-12-04,Eicher Motors Ltd,EICHERMOT.NS,7098.0,7167.5,7066.5,7100.0,364672
2025-12-05,Eicher Motors Ltd,EICHERMOT.NS,7120.0,7218.0,7070.5,7208.0,501035
2025-12-08,Eicher Motors Ltd,EICHERMOT.NS,7230.0,7234.0,7115.0,7142.0,273509
2025-12-09,Eicher Motors Ltd,EICHERMOT.NS,7142.0,7196.0,7052.0,7123.0,436443
2025-12-10,Eicher Motors Ltd,EICHERMOT.NS,7129.5,7294.0,7129.5,7228.5,626505
2025-12-11,Eicher Motors Ltd,EICHERMOT.NS,7250.0,7328.5,7220.5,7256.0,502052
2025-12-12,Eicher Motors Ltd,EICHERMOT.NS,7235.0,7274.5,7188.0,7229.0,324682
2025-12-15,Eicher Motors Ltd,EICHERMOT.NS,7200.0,7210.5,7094.5,7121.5,391821
2025-12-16,Eicher Motors Ltd,EICHERMOT.NS,7120.0,7121.5,7035.5,7061.5,505906
2025-12-17,Eicher Motors Ltd,EICHERMOT.NS,7104.0,7176.5,7080.5,7134.5,594264
2025-12-18,Eicher Motors Ltd,EICHERMOT.NS,7135.0,7144.0,7013.5,7106.5,327756
2025-12-19,Eicher Motors Ltd,EICHERMOT.NS,7075.0,7242.0,7075.0,7217.0,423435
2025-12-22,Eicher Motors Ltd,EICHERMOT.NS,7238.0,7310.0,7213.0,7291.5,233966
2025-12-23,Eicher Motors Ltd,EICHERMOT.NS,7338.0,7338.0,7280.0,7303.0,249187
2025-12-24,Eicher Motors Ltd,EICHERMOT.NS,7300.0,7349.5,7240.5,7312.5,205296
2025-12-26,Eicher Motors Ltd,EICHERMOT.NS,7300.0,7360.0,7274.0,7324.0,157706
2025-12-29,Eicher Motors Ltd,EICHERMOT.NS,7324.0,7374.5,7232.5,7272.0,282572
2025-12-30,Eicher Motors Ltd,EICHERMOT.NS,7272.0,7312.0,7132.5,7192.5,1976062
2025-12-31,Eicher Motors Ltd,EICHERMOT.NS,7189.0,7322.5,7140.0,7312.5,357381
2026-01-01,Eicher Motors Ltd,EICHERMOT.NS,7317.0,7363.0,7271.5,7348.0,155326
2026-01-02,Eicher Motors Ltd,EICHERMOT.NS,7348.0,7382.5,7298.0,7334.5,227469
2026-01-05,Eicher Motors Ltd,EICHERMOT.NS,7344.0,7514.5,7328.0,7482.5,426798
2026-01-06,Eicher Motors Ltd,EICHERMOT.NS,7514.0,7569.0,7484.5,7522.5,396099
2026-01-07,Eicher Motors Ltd,EICHERMOT.NS,7523.0,7597.0,7490.0,7582.5,380761
2026-01-08,Eicher Motors Ltd,EICHERMOT.NS,7590.0,7601.0,7539.0,7551.0,459727
2026-01-09,Eicher Motors Ltd,EICHERMOT.NS,7582.0,7613.5,7486.0,7507.0,474627
2026-01-12,Eicher Motors Ltd,EICHERMOT.NS,7477.0,7507.0,7322.0,7436.0,315579
2026-01-13,Eicher Motors Ltd,EICHERMOT.NS,7488.0,7514.5,7348.0,7404.0,262636
2026-01-14,Eicher Motors Ltd,EICHERMOT.NS,7390.0,7390.0,7236.0,7358.0,426082
2026-01-15,Eicher Motors Ltd,EICHERMOT.NS,7358.0,7358.0,7358.0,7358.0,0
2026-01-16,Eicher Motors Ltd,EICHERMOT.NS,7330.0,7417.0,7298.5,7315.0,441023
2026-01-19,Eicher Motors Ltd,EICHERMOT.NS,7300.0,7373.0,7268.5,7323.5,211682
2026-01-20,Eicher Motors Ltd,EICHERMOT.NS,7336.0,7375.0,7130.0,7173.5,302200
2026-01-21,Eicher Motors Ltd,EICHERMOT.NS,7100.5,7219.0,7005.0,7140.0,480751
2026-01-22,Eicher Motors Ltd,EICHERMOT.NS,7175.0,7325.0,7026.0,7049.0,366499
2026-01-23,Eicher Motors Ltd,EICHERMOT.NS,7088.5,7095.0,6950.0,6973.0,365996
2026-01-27,Eicher Motors Ltd,EICHERMOT.NS,7020.0,7175.0,6910.5,7164.5,498369
2026-01-28,Eicher Motors Ltd,EICHERMOT.NS,7124.0,7124.0,6851.0,7071.0,856378
2026-01-29,Eicher Motors Ltd,EICHERMOT.NS,7071.5,7108.5,6978.0,7056.5,632904
2026-01-30,Eicher Motors Ltd,EICHERMOT.NS,6980.0,7151.0,6980.0,7122.5,454539
2026-02-02,Eicher Motors Ltd,EICHERMOT.NS,6805.0,6997.0,6738.0,6985.5,490854
2026-02-03,Eicher Motors Ltd,EICHERMOT.NS,7200.0,7258.5,7053.0,7215.0,689971
2026-02-04,Eicher Motors Ltd,EICHERMOT.NS,7215.0,7328.0,7170.5,7277.5,260280
2026-02-05,Eicher Motors Ltd,EICHERMOT.NS,7290.0,7309.5,7176.5,7209.5,254212
2026-02-06,Eicher Motors Ltd,EICHERMOT.NS,7209.5,7209.5,7110.5,7177.5,251800
2026-02-09,Eicher Motors Ltd,EICHERMOT.NS,7116.0,7219.5,7063.5,7195.5,314215
2026-02-10,Eicher Motors Ltd,EICHERMOT.NS,7280.0,7325.0,7201.0,7296.0,467662
2026-02-11,Eicher Motors Ltd,EICHERMOT.NS,7505.0,7805.0,7501.0,7771.0,2286430
2026-02-12,Eicher Motors Ltd,EICHERMOT.NS,7779.5,7968.0,7760.0,7943.0,1107781
2026-02-13,Eicher Motors Ltd,EICHERMOT.NS,7900.0,8119.0,7886.5,8065.0,967939
2026-02-16,Eicher Motors Ltd,EICHERMOT.NS,8078.5,8084.5,7968.5,8010.5,589984
2026-02-17,Eicher Motors Ltd,EICHERMOT.NS,7981.0,8051.5,7925.0,8035.0,266572
2026-02-18,Eicher Motors Ltd,EICHERMOT.NS,8024.0,8043.5,7945.0,8009.5,223326
2026-02-19,Eicher Motors Ltd,EICHERMOT.NS,8036.0,8140.0,7884.0,7897.0,424777
2026-02-20,Eicher Motors Ltd,EICHERMOT.NS,7894.5,7978.0,7885.5,7936.5,264059
2026-02-23,Eicher Motors Ltd,EICHERMOT.NS,7990.0,8057.5,7937.5,8038.5,247249
2026-02-24,Eicher Motors Ltd,EICHERMOT.NS,7990.0,8059.5,7902.0,7929.0,430812
2026-02-25,Eicher Motors Ltd,EICHERMOT.NS,7930.0,8082.0,7772.0,8008.0,618719
2026-02-26,Eicher Motors Ltd,EICHERMOT.NS,8040.0,8225.0,8024.5,8190.0,427401
2026-02-27,Eicher Motors Ltd,EICHERMOT.NS,8220.0,8230.0,7987.0,8010.5,774354
2026-03-02,Eicher Motors Ltd,EICHERMOT.NS,7800.0,7996.5,7715.5,7826.0,494148
2026-03-04,Eicher Motors Ltd,EICHERMOT.NS,7700.0,7705.0,7571.5,7626.5,593728
2026-03-05,Eicher Motors Ltd,EICHERMOT.NS,7705.0,7801.5,7615.0,7755.0,568151
2026-03-06,Eicher Motors Ltd,EICHERMOT.NS,7733.0,7735.0,7603.0,7620.5,366235
2026-03-09,Eicher Motors Ltd,EICHERMOT.NS,7517.0,7517.0,7237.0,7266.0,554984
2026-03-10,Eicher Motors Ltd,EICHERMOT.NS,7380.0,7566.5,7338.5,7536.5,494730
2026-03-11,Eicher Motors Ltd,EICHERMOT.NS,7574.0,7574.0,7227.0,7253.5,621563
2026-03-12,Eicher Motors Ltd,EICHERMOT.NS,7175.0,7227.5,6961.0,6975.5,1259945
2026-03-13,Eicher Motors Ltd,EICHERMOT.NS,6865.0,6942.5,6670.0,6741.0,819255
2026-03-16,Eicher Motors Ltd,EICHERMOT.NS,6701.0,6861.5,6643.5,6827.5,866087
2026-03-17,Eicher Motors Ltd,EICHERMOT.NS,6827.5,6974.5,6770.0,6910.0,555865
2026-03-18,Eicher Motors Ltd,EICHERMOT.NS,6984.0,7068.0,6971.0,7027.5,557181
2026-03-19,Eicher Motors Ltd,EICHERMOT.NS,6929.0,6943.5,6750.0,6793.0,629473
2026-03-20,Eicher Motors Ltd,EICHERMOT.NS,6802.5,6928.0,6802.5,6909.0,575123
2026-03-23,Eicher Motors Ltd,EICHERMOT.NS,6790.0,6831.5,6661.0,6681.5,380052
2026-03-24,Eicher Motors Ltd,EICHERMOT.NS,6800.0,6966.5,6753.0,6871.0,723633
2026-03-25,Eicher Motors Ltd,EICHERMOT.NS,6988.0,7073.0,6904.0,6992.5,490390
2026-03-27,Eicher Motors Ltd,EICHERMOT.NS,6915.0,6916.5,6742.0,6811.5,533428
2026-03-30,Eicher Motors Ltd,EICHERMOT.NS,6730.5,6784.0,6571.5,6586.0,1015357
2026-04-01,Eicher Motors Ltd,EICHERMOT.NS,6787.5,6891.5,6750.0,6825.5,736957
2026-04-02,Eicher Motors Ltd,EICHERMOT.NS,6766.0,6766.0,6585.0,6649.5,660432
2026-04-06,Eicher Motors Ltd,EICHERMOT.NS,6699.0,6710.5,6572.5,6596.0,971230
2026-04-07,Eicher Motors Ltd,EICHERMOT.NS,6550.0,6660.5,6442.0,6605.5,1150553
2026-04-08,Eicher Motors Ltd,EICHERMOT.NS,6899.5,7170.0,6851.5,7131.0,917337
2026-04-09,Eicher Motors Ltd,EICHERMOT.NS,7147.0,7180.5,7037.0,7147.5,648216
2026-04-10,Eicher Motors Ltd,EICHERMOT.NS,7201.0,7435.5,7201.0,7424.0,705365
2026-04-13,Eicher Motors Ltd,EICHERMOT.NS,7150.0,7270.5,7037.0,7050.0,1246861
2026-04-15,Eicher Motors Ltd,EICHERMOT.NS,7160.0,7199.5,7075.0,7128.0,913138
2026-04-16,Eicher Motors Ltd,EICHERMOT.NS,7160.0,7198.5,7052.0,7131.0,573155
2026-04-17,Eicher Motors Ltd,EICHERMOT.NS,7130.5,7200.0,7062.0,7189.5,582841
2026-04-20,Eicher Motors Ltd,EICHERMOT.NS,7160.5,7264.0,7115.0,7243.0,695282
2026-04-21,Eicher Motors Ltd,EICHERMOT.NS,7243.0,7296.0,7215.0,7240.5,353002
2026-04-22,Eicher Motors Ltd,EICHERMOT.NS,7215.0,7267.0,7136.5,7230.0,497850
2026-04-23,Eicher Motors Ltd,EICHERMOT.NS,7195.5,7195.5,7062.0,7092.5,481927
2026-04-24,Eicher Motors Ltd,EICHERMOT.NS,7054.5,7160.0,7049.0,7111.5,413746
2026-04-27,Eicher Motors Ltd,EICHERMOT.NS,7150.0,7214.0,7102.0,7174.0,335662
2026-04-28,Eicher Motors Ltd,EICHERMOT.NS,7170.0,7254.0,7053.0,7071.5,560194
2026-04-29,Eicher Motors Ltd,EICHERMOT.NS,7106.0,7294.0,7099.0,7189.5,522596
2026-04-30,Eicher Motors Ltd,EICHERMOT.NS,7120.0,7146.0,6978.0,7109.0,538501
2026-05-01,Eicher Motors Ltd,EICHERMOT.NS,7109.0,7109.0,7109.0,7109.0,0
2026-05-04,Eicher Motors Ltd,EICHERMOT.NS,7109.0,7348.5,7070.0,7329.0,684364
2026-05-05,Eicher Motors Ltd,EICHERMOT.NS,7325.0,7345.0,7213.5,7301.5,482491
2026-05-06,Eicher Motors Ltd,EICHERMOT.NS,7370.0,7392.0,7175.5,7310.5,403588
2026-05-07,Eicher Motors Ltd,EICHERMOT.NS,7360.5,7471.5,7310.5,7327.5,606372
2026-05-08,Eicher Motors Ltd,EICHERMOT.NS,7299.5,7370.0,7228.0,7302.5,259522
2026-05-11,Eicher Motors Ltd,EICHERMOT.NS,7269.0,7269.0,7159.0,7202.5,320656
2026-05-12,Eicher Motors Ltd,EICHERMOT.NS,7203.5,7275.5,7105.0,7126.0,364492
2026-05-13,Eicher Motors Ltd,EICHERMOT.NS,7125.0,7157.0,6863.0,6971.5,668271
2026-05-14,Eicher Motors Ltd,EICHERMOT.NS,7000.0,7102.0,6842.5,7034.0,447978
2026-05-15,Eicher Motors Ltd,EICHERMOT.NS,7030.0,7115.5,6975.0,7014.5,313548
2026-05-18,Eicher Motors Ltd,EICHERMOT.NS,6970.0,6974.5,6813.0,6913.0,316357
2026-05-19,Eicher Motors Ltd,EICHERMOT.NS,6936.0,6974.0,6860.0,6882.5,406588
2026-05-20,Eicher Motors Ltd,EICHERMOT.NS,6813.0,6905.0,6752.5,6849.5,455047
2026-05-21,Eicher Motors Ltd,EICHERMOT.NS,6902.0,6945.5,6863.0,6892.0,491206
2026-05-22,Eicher Motors Ltd,EICHERMOT.NS,6925.0,7041.0,6908.5,6981.5,512596
2026-05-25,Eicher Motors Ltd,EICHERMOT.NS,7237.0,7432.0,7215.0,7414.0,1354536
2026-05-26,Eicher Motors Ltd,EICHERMOT.NS,7415.0,7441.0,7355.0,7376.0,388413
2026-05-27,Eicher Motors Ltd,EICHERMOT.NS,7375.0,7429.0,7315.0,7419.0,283327
2026-05-28,Eicher Motors Ltd,EICHERMOT.NS,7419.0,7419.0,7419.0,7419.0,0
2026-05-29,Eicher Motors Ltd,EICHERMOT.NS,7350.0,7440.5,7131.5,7177.0,1464680
2026-06-01,Eicher Motors Ltd,EICHERMOT.NS,7177.0,7240.5,7069.5,7100.5,600629
2026-06-02,Eicher Motors Ltd,EICHERMOT.NS,7069.0,7165.0,6950.0,7141.5,452665
2026-06-03,Eicher Motors Ltd,EICHERMOT.NS,7139.5,7178.0,7045.0,7130.0,413545
2026-06-04,Eicher Motors Ltd,EICHERMOT.NS,7105.0,7156.0,7030.5,7110.0,429763
2026-06-05,Eicher Motors Ltd,EICHERMOT.NS,7140.0,7150.0,7029.0,7070.0,422329
2026-06-08,Eicher Motors Ltd,EICHERMOT.NS,6985.0,7094.0,6956.0,7050.0,402793
2026-06-09,Eicher Motors Ltd,EICHERMOT.NS,7137.5,7299.0,7050.0,7203.0,547103
2026-06-10,Eicher Motors Ltd,EICHERMOT.NS,7171.0,7268.0,7155.5,7219.5,480600
2026-06-11,Eicher Motors Ltd,EICHERMOT.NS,7130.0,7227.0,7078.0,7179.5,425248
2026-06-12,Eicher Motors Ltd,EICHERMOT.NS,7282.0,7354.5,7212.0,7312.0,300260
2026-06-15,Eicher Motors Ltd,EICHERMOT.NS,7363.0,7644.5,7280.0,7624.5,784420
2026-06-16,Eicher Motors Ltd,EICHERMOT.NS,7654.0,7666.0,7540.5,7560.5,453796
2026-06-17,Eicher Motors Ltd,EICHERMOT.NS,7560.5,7578.5,7452.5,7509.0,404085
2026-06-18,Eicher Motors Ltd,EICHERMOT.NS,7520.0,7668.0,7520.0,7601.0,485856
2026-06-19,Eicher Motors Ltd,EICHERMOT.NS,7550.0,7658.0,7501.0,7611.0,682982
2026-06-22,Eicher Motors Ltd,EICHERMOT.NS,7650.0,7720.5,7615.0,7639.5,375714
2026-06-23,Eicher Motors Ltd,EICHERMOT.NS,7630.0,7676.0,7557.5,7578.0,365865
2026-06-24,Eicher Motors Ltd,EICHERMOT.NS,7520.0,7646.0,7488.0,7572.0,324328
2026-06-25,Eicher Motors Ltd,EICHERMOT.NS,7620.0,7754.0,7582.0,7598.0,673579
2026-06-26,Eicher Motors Ltd,EICHERMOT.NS,7598.0,7598.0,7598.0,7598.0,0
2026-06-29,Eicher Motors Ltd,EICHERMOT.NS,7551.0,7606.5,7375.0,7426.0,2326377
2026-06-30,Eicher Motors Ltd,EICHERMOT.NS,7392.0,7392.5,6942.5,7073.5,2474671
2026-07-01,Eicher Motors Ltd,EICHERMOT.NS,7073.5,7160.0,7053.5,7139.0,590493
2026-07-02,Eicher Motors Ltd,EICHERMOT.NS,7155.0,7270.0,7143.0,7250.0,828736
2026-07-03,Eicher Motors Ltd,EICHERMOT.NS,7380.0,7380.0,7270.5,7339.5,317988
2026-07-06,Eicher Motors Ltd,EICHERMOT.NS,7340.0,7498.0,7284.5,7471.5,300086
2026-07-07,Eicher Motors Ltd,EICHERMOT.NS,7499.0,7603.0,7481.5,7536.0,592213
2026-07-08,Eicher Motors Ltd,EICHERMOT.NS,7415.0,7593.0,7344.5,7418.5,905003
2026-07-09,Eicher Motors Ltd,EICHERMOT.NS,7418.0,7449.5,7321.5,7361.0,625976
2026-07-10,Eicher Motors Ltd,EICHERMOT.NS,7399.5,7455.0,7335.0,7365.5,497082
2026-07-13,Eicher Motors Ltd,EICHERMOT.NS,7325.0,7339.5,7260.0,7296.5,787762
2026-07-14,Eicher Motors Ltd,EICHERMOT.NS,7257.0,7313.0,7140.0,7279.5,458624
2026-07-15,Eicher Motors Ltd,EICHERMOT.NS,7285.0,7428.0,7285.0,7404.5,758954
2026-07-16,Eicher Motors Ltd,EICHERMOT.NS,7410.0,7451.0,7366.5,7418.5,618180
2026-07-17,Eicher Motors Ltd,EICHERMOT.NS,7450.0,7575.0,7450.0,7563.5,489811
2026-07-20,Eicher Motors Ltd,EICHERMOT.NS,7569.0,7582.0,7478.0,7563.5,266324
2026-07-21,Eicher Motors Ltd,EICHERMOT.NS,7590.0,7710.0,7565.0,7689.5,451075
2026-07-22,Eicher Motors Ltd,EICHERMOT.NS,7691.5,7740.0,7585.5,7632.0,409800
2026-07-23,Eicher Motors Ltd,EICHERMOT.NS,7624.5,7789.0,7608.0,7721.5,431136
2026-07-24,Eicher Motors Ltd,EICHERMOT.NS,7710.0,7710.0,7575.0,7628.0,409577
2026-07-27,Eicher Motors Ltd,EICHERMOT.NS,7680.0,7847.0,7648.0,7769.5,367549
2026-07-28,Eicher Motors Ltd,EICHERMOT.NS,7769.5,7889.0,7742.5,7836.0,449880
2026-07-29,Eicher Motors Ltd,EICHERMOT.NS,7891.0,7915.0,7751.0,7779.0,522935
2026-07-30,Eicher Motors Ltd,EICHERMOT.NS,7869.5,7930.0,7730.0,7912.5,1496307
2026-07-31,Eicher Motors Ltd,EICHERMOT.NS,7899.0,7899.0,7794.0,7833.5,720608
2026-08-03,Eicher Motors Ltd,EICHERMOT.NS,7900.0,8056.0,7852.0,8050.0,1009396
2026-08-04,Eicher Motors Ltd,EICHERMOT.NS,8024.0,8024.0,7867.5,7935.0,599769
2026-08-05,Eicher Motors Ltd,EICHERMOT.NS,7960.0,8019.0,7905.5,7986.5,424429
2026-08-06,Eicher Motors Ltd,EICHERMOT.NS,7986.5,8044.0,7896.5,7967.5,377530
2026-08-07,Eicher Motors Ltd,EICHERMOT.NS,7940.0,8067.5,7920.0,8020.0,339416
2026-08-10,Eicher Motors Ltd,EICHERMOT.NS,8000.0,8024.0,7938.0,7975.0,372667
2026-08-11,Eicher Motors Ltd,EICHERMOT.NS,7955.0,8110.0,7955.0,8000.0,600951
2026-08-12,Eicher Motors Ltd,EICHERMOT.NS,8000.5,8049.0,7940.0,8049.0,317282
2026-08-13,Eicher Motors Ltd,EICHERMOT.NS,8050.0,8100.0,8011.0,8100.0,238460
2026-08-14,Eicher Motors Ltd,EICHERMOT.NS,8100.0,8143.0,8030.0,8066.5,297145
2026-08-17,Eicher Motors Ltd,EICHERMOT.NS,8058.0,8165.0,8050.0,8050.0,397488
2026-08-18,Eicher Motors Ltd,EICHERMOT.NS,8040.0,8107.0,8016.5,8018.5,262500
2026-08-19,Eicher Motors Ltd,EICHERMOT.NS,8016.5,8060.0,7947.5,7990.5,344004
2026-08-20,Eicher Motors Ltd,EICHERMOT.NS,8047.0,8097.5,7983.0,8042.0,323672
2026-08-21,Eicher Motors Ltd,EICHERMOT.NS,8095.0,8112.5,7980.0,8010.0,316029
2026-08-24,Eicher Motors Ltd,EICHERMOT.NS,8010.0,8075.0,7970.0,8047.0,207499
2026-08-25,Eicher Motors Ltd,EICHERMOT.NS,8008.5,8070.0,7984.0,8055.0,244623
2026-08-26,Eicher Motors Ltd,EICHERMOT.NS,8048.0,8112.0,8031.5,8035.0,198320
2026-08-27,Eicher Motors Ltd,EICHERMOT.NS,8015.0,8105.5,7987.0,8100.0,369462
2026-08-28,Eicher Motors Ltd,EICHERMOT.NS,8140.0,8140.0,8003.0,8059.0,337007
2026-08-31,Eicher Motors Ltd,EICHERMOT.NS,8000.0,8030.0,7941.5,7953.5,742794
2026-09-01,Eicher Motors Ltd,EICHERMOT.NS,7975.0,8052.0,7860.0,7970.0,760133
2026-09-02,Eicher Motors Ltd,EICHERMOT.NS,7860.0,7893.0,7507.5,7711.5,1117588
2026-09-03,Eicher Motors Ltd,EICHERMOT.NS,7715.0,7738.5,7597.0,7690.0,437245
2026-09-04,Eicher Motors Ltd,EICHERMOT.NS,7665.0,7665.5,7590.0,7630.5,492954
2026-09-07,Eicher Motors Ltd,EICHERMOT.NS,7658.0,7729.0,7615.0,7672.0,466050
2026-09-08,Eicher Motors Ltd,EICHERMOT.NS,7700.0,7747.5,7655.0,7747.5,461637
2026-09-09,Eicher Motors Ltd,EICHERMOT.NS,7687.0,7784.5,7664.5,7734.5,318638
2026-09-10,Eicher Motors Ltd,EICHERMOT.NS,7713.0,7746.0,7637.5,7697.0,289058
2026-09-11,Eicher Motors Ltd,EICHERMOT.NS,7600.0,7633.0,7530.0,7530.0,444280
2026-09-14,Eicher Motors Ltd,EICHERMOT.NS,7530.0,7530.0,7530.0,7530.0,0
2026-09-15,Eicher Motors Ltd,EICHERMOT.NS,7567.5,7570.5,7440.0,7452.5,353472
2026-09-16,Eicher Motors Ltd,EICHERMOT.NS,7430.0,7524.5,7406.0,7500.0,316258
2026-09-17,Eicher Motors Ltd,EICHERMOT.NS,7495.0,7552.5,7489.0,7493.5,255852
2026-09-18,Eicher Motors Ltd,EICHERMOT.NS,7523.5,7569.0,7477.0,7516.0,419526
2026-09-21,Eicher Motors Ltd,EICHERMOT.NS,7550.0,7569.5,7490.0,7512.5,251852
2026-09-22,Eicher Motors Ltd,EICHERMOT.NS,7519.0,7555.0,7427.0,7427.0,336400
2026-09-23,Eicher Motors Ltd,EICHERMOT.NS,7468.5,7485.0,7414.0,7470.0,215015
2026-09-24,Eicher Motors Ltd,EICHERMOT.NS,7437.0,7460.0,7333.0,7338.5,258170
2026-09-25,Eicher Motors Ltd,EICHERMOT.NS,7340.5,7381.0,7305.0,7360.0,201194
2026-09-28,Eicher Motors Ltd,EICHERMOT.NS,7323.0,7323.0,7189.0,7213.5,423079
2026-09-29,Eicher Motors Ltd,EICHERMOT.NS,7213.5,7268.0,7164.5,7179.0,596560
2026-09-30,Eicher Motors Ltd,EICHERMOT.NS,7182.0,7245.0,7120.0,7150.0,418141
2026-10-01,Eicher Motors Ltd,EICHERMOT.NS,7120.0,7146.0,6840.0,6920.0,817452
2025-10-03,HCL Technologies Ltd,HCLTECH.NS,1396.5,1399.800048828125,1380.4000244140625,1393.5,2793839
2025-10-06,HCL Technologies Ltd,HCLTECH.NS,1393.5,1421.0,1390.800048828125,1417.699951171875,1970901
2025-10-07,HCL Technologies Ltd,HCLTECH.NS,1422.0,1441.9000244140625,1417.199951171875,1433.4000244140625,1592836
2025-10-08,HCL Technologies Ltd,HCLTECH.NS,1433.199951171875,1458.699951171875,1427.199951171875,1453.199951171875,1735807
2025-10-09,HCL Technologies Ltd,HCLTECH.NS,1453.199951171875,1491.0999755859375,1452.5,1486.5,2681316
2025-10-10,HCL Technologies Ltd,HCLTECH.NS,1491.0,1498.5,1473.9000244140625,1495.5,2129445
2025-10-13,HCL Technologies Ltd,HCLTECH.NS,1490.0,1502.199951171875,1476.5,1494.699951171875,1820492
2025-10-14,HCL Technologies Ltd,HCLTECH.NS,1515.4000244140625,1535.0,1490.199951171875,1495.4000244140625,5802489
2025-10-15,HCL Technologies Ltd,HCLTECH.NS,1497.9000244140625,1509.4000244140625,1486.0999755859375,1495.699951171875,1710696
2025-10-16,HCL Technologies Ltd,HCLTECH.NS,1499.9000244140625,1519.9000244140625,1498.0,1515.0,2021043
2025-10-17,HCL Technologies Ltd,HCLTECH.NS,1499.0,1501.300048828125,1479.199951171875,1486.199951171875,3210161
2025-10-20,HCL Technologies Ltd,HCLTECH.NS,1489.9000244140625,1509.9000244140625,1489.0999755859375,1495.4000244140625,2354881
2025-10-21,HCL Technologies Ltd,HCLTECH.NS,1502.699951171875,1503.0,1481.0,1486.0,274400
2025-10-23,HCL Technologies Ltd,HCLTECH.NS,1510.0,1547.5,1505.5,1523.9000244140625,5011470
2025-10-24,HCL Technologies Ltd,HCLTECH.NS,1525.0,1532.5999755859375,1516.4000244140625,1523.800048828125,1491451
2025-10-27,HCL Technologies Ltd,HCLTECH.NS,1531.4000244140625,1549.5,1526.800048828125,1533.5,1394846
2025-10-28,HCL Technologies Ltd,HCLTECH.NS,1535.0,1542.0,1512.0,1522.0999755859375,1936466
2025-10-29,HCL Technologies Ltd,HCLTECH.NS,1530.0,1559.0,1522.0,1557.300048828125,2596355
2025-10-30,HCL Technologies Ltd,HCLTECH.NS,1557.699951171875,1559.9000244140625,1538.0999755859375,1549.800048828125,2183395
2025-10-31,HCL Technologies Ltd,HCLTECH.NS,1549.800048828125,1558.199951171875,1537.5999755859375,1541.5,1723467
2025-11-03,HCL Technologies Ltd,HCLTECH.NS,1540.0999755859375,1549.699951171875,1528.199951171875,1543.5,2252136
2025-11-04,HCL Technologies Ltd,HCLTECH.NS,1536.4000244140625,1541.9000244140625,1525.0,1529.0999755859375,1666863
2025-11-06,HCL Technologies Ltd,HCLTECH.NS,1529.0999755859375,1531.9000244140625,1514.300048828125,1526.4000244140625,2474769
2025-11-07,HCL Technologies Ltd,HCLTECH.NS,1515.0999755859375,1518.800048828125,1490.5,1512.4000244140625,2238714
2025-11-10,HCL Technologies Ltd,HCLTECH.NS,1518.0,1544.9000244140625,1511.4000244140625,1540.5,1558896
2025-11-11,HCL Technologies Ltd,HCLTECH.NS,1547.800048828125,1572.5,1541.199951171875,1570.0,2270763
2025-11-12,HCL Technologies Ltd,HCLTECH.NS,1575.0,1600.0,1573.5,1594.0,2331564
2025-11-13,HCL Technologies Ltd,HCLTECH.NS,1599.4000244140625,1605.0,1580.0,1598.5,1944022
2025-11-14,HCL Technologies Ltd,HCLTECH.NS,1590.0,1598.0,1574.0999755859375,1594.5999755859375,2543918
2025-11-17,HCL Technologies Ltd,HCLTECH.NS,1594.0,1607.699951171875,1585.5,1606.4000244140625,2000978
2025-11-18,HCL Technologies Ltd,HCLTECH.NS,1604.0,1604.0,1590.0999755859375,1595.199951171875,1640123
2025-11-19,HCL Technologies Ltd,HCLTECH.NS,1595.300048828125,1669.5,1588.5999755859375,1662.5999755859375,6342672
2025-11-20,HCL Technologies Ltd,HCLTECH.NS,1662.5999755859375,1668.4000244140625,1642.5999755859375,1645.4000244140625,2724035
2025-11-21,HCL Technologies Ltd,HCLTECH.NS,1636.0,1643.5,1606.0,1608.0,2958835
2025-11-24,HCL Technologies Ltd,HCLTECH.NS,1614.300048828125,1640.0,1602.9000244140625,1610.4000244140625,6392688
2025-11-25,HCL Technologies Ltd,HCLTECH.NS,1618.300048828125,1618.9000244140625,1592.5999755859375,1601.0999755859375,2285950
2025-11-26,HCL Technologies Ltd,HCLTECH.NS,1601.0999755859375,1627.5,1601.0999755859375,1617.9000244140625,1243303
2025-11-27,HCL Technologies Ltd,HCLTECH.NS,1619.0999755859375,1633.199951171875,1614.0,1629.0,2106176
2025-11-28,HCL Technologies Ltd,HCLTECH.NS,1629.0,1636.9000244140625,1619.0,1624.199951171875,1841289
2025-12-01,HCL Technologies Ltd,HCLTECH.NS,1630.0,1646.5,1628.0,1642.9000244140625,2034350
2025-12-02,HCL Technologies Ltd,HCLTECH.NS,1651.0,1652.9000244140625,1624.0,1635.5,2326220
2025-12-03,HCL Technologies Ltd,HCLTECH.NS,1635.5,1654.5999755859375,1628.800048828125,1640.5,2371611
2025-12-04,HCL Technologies Ltd,HCLTECH.NS,1650.0,1672.0,1645.0999755859375,1654.5999755859375,3935708
2025-12-05,HCL Technologies Ltd,HCLTECH.NS,1662.699951171875,1691.0,1651.0,1683.0,3391204
2025-12-08,HCL Technologies Ltd,HCLTECH.NS,1683.0,1695.4000244140625,1676.9000244140625,1688.5999755859375,2702407
2025-12-09,HCL Technologies Ltd,HCLTECH.NS,1687.0,1687.0,1656.4000244140625,1657.5999755859375,2817704
2025-12-10,HCL Technologies Ltd,HCLTECH.NS,1663.300048828125,1671.0,1657.0,1666.0,1482249
2025-12-11,HCL Technologies Ltd,HCLTECH.NS,1667.5,1677.4000244140625,1649.0,1672.4000244140625,1408684
2025-12-12,HCL Technologies Ltd,HCLTECH.NS,1677.4000244140625,1677.9000244140625,1660.0,1673.199951171875,1284337
2025-12-15,HCL Technologies Ltd,HCLTECH.NS,1673.199951171875,1688.0,1660.0,1684.0,1689723
2025-12-16,HCL Technologies Ltd,HCLTECH.NS,1681.0,1682.0,1645.4000244140625,1651.699951171875,1929309
2025-12-17,HCL Technologies Ltd,HCLTECH.NS,1651.0,1664.5,1646.300048828125,1655.0,1394918
2025-12-18,HCL Technologies Ltd,HCLTECH.NS,1657.0,1673.9000244140625,1651.199951171875,1661.4000244140625,1822056
2025-12-19,HCL Technologies Ltd,HCLTECH.NS,1675.0,1681.0,1632.5,1642.4000244140625,3487150
2025-12-22,HCL Technologies Ltd,HCLTECH.NS,1651.9000244140625,1673.5,1644.0,1670.300048828125,1339691
2025-12-23,HCL Technologies Ltd,HCLTECH.NS,1675.0999755859375,1686.9000244140625,1656.199951171875,1679.9000244140625,1614314
2025-12-24,HCL Technologies Ltd,HCLTECH.NS,1676.0,1680.0,1665.0999755859375,1674.699951171875,989858
2025-12-26,HCL Technologies Ltd,HCLTECH.NS,1668.0,1676.4000244140625,1650.5,1660.9000244140625,921138
2025-12-29,HCL Technologies Ltd,HCLTECH.NS,1659.699951171875,1660.800048828125,1625.4000244140625,1630.800048828125,1516288
2025-12-30,HCL Technologies Ltd,HCLTECH.NS,1630.800048828125,1635.699951171875,1611.0999755859375,1615.199951171875,3323273
2025-12-31,HCL Technologies Ltd,HCLTECH.NS,1624.5,1631.699951171875,1616.800048828125,1623.300048828125,1359963
2026-01-01,HCL Technologies Ltd,HCLTECH.NS,1622.9000244140625,1645.699951171875,1618.4000244140625,1634.5,773806
2026-01-02,HCL Technologies Ltd,HCLTECH.NS,1632.0,1643.0,1625.0999755859375,1640.199951171875,950573
2026-01-05,HCL Technologies Ltd,HCLTECH.NS,1625.0,1633.5,1580.0999755859375,1607.5999755859375,3245802
2026-01-06,HCL Technologies Ltd,HCLTECH.NS,1600.300048828125,1626.0,1597.300048828125,1616.300048828125,2112043
2026-01-07,HCL Technologies Ltd,HCLTECH.NS,1620.800048828125,1654.5,1616.699951171875,1647.699951171875,3816569
2026-01-08,HCL Technologies Ltd,HCLTECH.NS,1653.300048828125,1660.5999755859375,1635.4000244140625,1646.699951171875,3266398
2026-01-09,HCL Technologies Ltd,HCLTECH.NS,1647.0999755859375,1675.0,1647.0999755859375,1661.4000244140625,3281306
2026-01-12,HCL Technologies Ltd,HCLTECH.NS,1659.199951171875,1677.199951171875,1641.5,1667.5999755859375,4175707
2026-01-13,HCL Technologies Ltd,HCLTECH.NS,1685.0,1697.5999755859375,1626.0,1665.0,7149266
2026-01-14,HCL Technologies Ltd,HCLTECH.NS,1665.0,1677.9000244140625,1649.199951171875,1668.5,2470615
2026-01-15,HCL Technologies Ltd,HCLTECH.NS,1668.5,1668.5,1668.5,1668.5,0
2026-01-16,HCL Technologies Ltd,HCLTECH.NS,1670.0,1700.9000244140625,1664.800048828125,1698.0,3098089
2026-01-19,HCL Technologies Ltd,HCLTECH.NS,1698.0,1719.0,1685.0999755859375,1716.800048828125,2087629
2026-01-20,HCL Technologies Ltd,HCLTECH.NS,1720.0,1720.0,1681.800048828125,1687.300048828125,1739341
2026-01-21,HCL Technologies Ltd,HCLTECH.NS,1687.5999755859375,1694.9000244140625,1668.9000244140625,1682.5,1728435
2026-01-22,HCL Technologies Ltd,HCLTECH.NS,1690.5999755859375,1709.0,1681.5,1703.0999755859375,1853439
2026-01-23,HCL Technologies Ltd,HCLTECH.NS,1712.699951171875,1721.0,1698.800048828125,1707.0,1874357
2026-01-27,HCL Technologies Ltd,HCLTECH.NS,1720.0,1725.5,1700.5,1720.199951171875,2671530
2026-01-28,HCL Technologies Ltd,HCLTECH.NS,1705.0999755859375,1734.4000244140625,1691.0,1729.5999755859375,2713867
2026-01-29,HCL Technologies Ltd,HCLTECH.NS,1722.800048828125,1725.0,1696.0999755859375,1721.5999755859375,2235602
2026-01-30,HCL Technologies Ltd,HCLTECH.NS,1713.199951171875,1713.199951171875,1683.0,1695.5999755859375,4448681
2026-02-02,HCL Technologies Ltd,HCLTECH.NS,1670.0,1688.5,1653.5999755859375,1676.800048828125,1916380
2026-02-03,HCL Technologies Ltd,HCLTECH.NS,1780.0,1780.0999755859375,1689.0999755859375,1695.300048828125,3200948
2026-02-04,HCL Technologies Ltd,HCLTECH.NS,1642.0,1645.0,1586.0,1621.800048828125,5834470
2026-02-05,HCL Technologies Ltd,HCLTECH.NS,1613.699951171875,1631.800048828125,1600.199951171875,1610.0,3184531
2026-02-06,HCL Technologies Ltd,HCLTECH.NS,1612.0,1612.0,1574.0999755859375,1593.699951171875,3342992
2026-02-09,HCL Technologies Ltd,HCLTECH.NS,1600.4000244140625,1619.9000244140625,1594.4000244140625,1602.0,1863558
2026-02-10,HCL Technologies Ltd,HCLTECH.NS,1595.0,1602.4000244140625,1567.800048828125,1573.0999755859375,3234785
2026-02-11,HCL Technologies Ltd,HCLTECH.NS,1574.0,1578.0999755859375,1546.0999755859375,1551.5999755859375,2944646
2026-02-12,HCL Technologies Ltd,HCLTECH.NS,1529.0,1535.0,1469.5,1476.0999755859375,5397659
2026-02-13,HCL Technologies Ltd,HCLTECH.NS,1423.0,1476.800048828125,1396.0,1455.199951171875,7214938
2026-02-16,HCL Technologies Ltd,HCLTECH.NS,1451.0999755859375,1467.0,1446.800048828125,1461.800048828125,2388700
2026-02-17,HCL Technologies Ltd,HCLTECH.NS,1464.0,1510.699951171875,1458.0,1482.5999755859375,2840341
2026-02-18,HCL Technologies Ltd,HCLTECH.NS,1483.199951171875,1483.199951171875,1443.4000244140625,1467.199951171875,2036245
2026-02-19,HCL Technologies Ltd,HCLTECH.NS,1470.0,1501.800048828125,1443.0,1450.4000244140625,2397127
2026-02-20,HCL Technologies Ltd,HCLTECH.NS,1443.0,1455.0,1431.0,1436.5,2392491
2026-02-23,HCL Technologies Ltd,HCLTECH.NS,1438.199951171875,1441.5999755859375,1415.5,1426.199951171875,2629763
2026-02-24,HCL Technologies Ltd,HCLTECH.NS,1402.300048828125,1406.699951171875,1322.5,1339.199951171875,10004684
2026-02-25,HCL Technologies Ltd,HCLTECH.NS,1355.0,1391.4000244140625,1354.0,1378.199951171875,5703505
2026-02-26,HCL Technologies Ltd,HCLTECH.NS,1391.0,1405.0,1368.0,1373.5,2329520
2026-02-27,HCL Technologies Ltd,HCLTECH.NS,1398.0,1404.800048828125,1382.0,1389.0999755859375,8651443
2026-03-02,HCL Technologies Ltd,HCLTECH.NS,1351.0,1386.0,1350.0,1371.0,2088938
2026-03-04,HCL Technologies Ltd,HCLTECH.NS,1356.0,1382.0,1356.0,1364.0,3161598
2026-03-05,HCL Technologies Ltd,HCLTECH.NS,1378.199951171875,1378.199951171875,1332.5,1354.0999755859375,2217963
2026-03-06,HCL Technologies Ltd,HCLTECH.NS,1356.0,1380.800048828125,1354.199951171875,1356.699951171875,1871596
2026-03-09,HCL Technologies Ltd,HCLTECH.NS,1330.0,1372.699951171875,1328.0,1358.5999755859375,2256550
2026-03-10,HCL Technologies Ltd,HCLTECH.NS,1361.0,1364.4000244140625,1345.0,1361.5,1671877
2026-03-11,HCL Technologies Ltd,HCLTECH.NS,1367.199951171875,1376.0,1346.9000244140625,1350.300048828125,1837000
2026-03-12,HCL Technologies Ltd,HCLTECH.NS,1350.0,1363.4000244140625,1341.0,1358.0999755859375,2616965
2026-03-13,HCL Technologies Ltd,HCLTECH.NS,1350.0,1356.699951171875,1321.0,1325.4000244140625,2190786
2026-03-16,HCL Technologies Ltd,HCLTECH.NS,1312.800048828125,1337.699951171875,1302.4000244140625,1328.5999755859375,3618375
2026-03-17,HCL Technologies Ltd,HCLTECH.NS,1328.5999755859375,1328.5999755859375,1297.699951171875,1321.0999755859375,2285672
2026-03-18,HCL Technologies Ltd,HCLTECH.NS,1326.5,1378.4000244140625,1326.5,1357.199951171875,2564106
2026-03-19,HCL Technologies Ltd,HCLTECH.NS,1341.4000244140625,1354.199951171875,1309.199951171875,1311.800048828125,1663249
2026-03-20,HCL Technologies Ltd,HCLTECH.NS,1334.9000244140625,1352.5,1328.9000244140625,1333.699951171875,5050431
2026-03-23,HCL Technologies Ltd,HCLTECH.NS,1314.800048828125,1365.0,1310.0,1358.5999755859375,5166409
2026-03-24,HCL Technologies Ltd,HCLTECH.NS,1380.0,1394.0,1360.0,1373.300048828125,3555664
2026-03-25,HCL Technologies Ltd,HCLTECH.NS,1348.0,1411.4000244140625,1348.0,1381.300048828125,4167275
2026-03-27,HCL Technologies Ltd,HCLTECH.NS,1377.0,1407.4000244140625,1359.800048828125,1364.4000244140625,8956139
2026-03-30,HCL Technologies Ltd,HCLTECH.NS,1350.0,1359.199951171875,1336.199951171875,1341.5999755859375,5541018
2026-04-01,HCL Technologies Ltd,HCLTECH.NS,1399.699951171875,1399.699951171875,1349.0,1354.4000244140625,2469237
2026-04-02,HCL Technologies Ltd,HCLTECH.NS,1347.0,1412.800048828125,1341.199951171875,1402.199951171875,6509389
2026-04-06,HCL Technologies Ltd,HCLTECH.NS,1397.0,1422.300048828125,1394.0999755859375,1403.300048828125,2134581
2026-04-07,HCL Technologies Ltd,HCLTECH.NS,1391.0,1446.5,1388.0999755859375,1441.5999755859375,3459049
2026-04-08,HCL Technologies Ltd,HCLTECH.NS,1449.9000244140625,1466.0,1431.9000244140625,1461.0,4239052
2026-04-09,HCL Technologies Ltd,HCLTECH.NS,1458.9000244140625,1469.0,1436.0,1464.9000244140625,3101205
2026-04-10,HCL Technologies Ltd,HCLTECH.NS,1452.0,1457.5999755859375,1421.0999755859375,1451.199951171875,3450066
2026-04-13,HCL Technologies Ltd,HCLTECH.NS,1441.0,1447.800048828125,1417.5,1429.4000244140625,2252652
2026-04-15,HCL Technologies Ltd,HCLTECH.NS,1445.0,1474.9000244140625,1437.0999755859375,1451.300048828125,3993858
2026-04-16,HCL Technologies Ltd,HCLTECH.NS,1460.0,1468.699951171875,1435.0999755859375,1450.199951171875,5229848
2026-04-17,HCL Technologies Ltd,HCLTECH.NS,1443.300048828125,1458.0,1430.0,1442.300048828125,3319268
2026-04-20,HCL Technologies Ltd,HCLTECH.NS,1445.9000244140625,1451.9000244140625,1424.0,1428.300048828125,2352656
2026-04-21,HCL Technologies Ltd,HCLTECH.NS,1430.0,1455.0,1422.4000244140625,1441.199951171875,3091487
2026-04-22,HCL Technologies Ltd,HCLTECH.NS,1345.0,1358.0,1281.0,1285.300048828125,33066256
2026-04-23,HCL Technologies Ltd,HCLTECH.NS,1290.0,1294.300048828125,1272.0,1277.5999755859375,8304759
2026-04-24,HCL Technologies Ltd,HCLTECH.NS,1264.4000244140625,1264.800048828125,1198.0999755859375,1203.199951171875,10903519
2026-04-27,HCL Technologies Ltd,HCLTECH.NS,1209.0,1232.0,1201.0,1228.199951171875,6066942
2026-04-28,HCL Technologies Ltd,HCLTECH.NS,1227.9000244140625,1232.699951171875,1192.300048828125,1196.0,6643295
2026-04-29,HCL Technologies Ltd,HCLTECH.NS,1200.0,1210.800048828125,1192.0999755859375,1200.199951171875,4777201
2026-04-30,HCL Technologies Ltd,HCLTECH.NS,1200.0,1213.699951171875,1184.0,1199.0999755859375,5070033
2026-05-01,HCL Technologies Ltd,HCLTECH.NS,1199.0999755859375,1199.0999755859375,1199.0999755859375,1199.0999755859375,0
2026-05-04,HCL Technologies Ltd,HCLTECH.NS,1208.0,1213.5,1191.4000244140625,1200.5,3318673
2026-05-05,HCL Technologies Ltd,HCLTECH.NS,1200.0,1205.4000244140625,1190.0,1200.199951171875,2459953
2026-05-06,HCL Technologies Ltd,HCLTECH.NS,1208.0,1212.0,1186.4000244140625,1189.0999755859375,3541520
2026-05-07,HCL Technologies Ltd,HCLTECH.NS,1195.0,1196.0,1181.0999755859375,1183.4000244140625,3725309
2026-05-08,HCL Technologies Ltd,HCLTECH.NS,1179.800048828125,1202.800048828125,1176.800048828125,1198.4000244140625,2813749
2026-05-11,HCL Technologies Ltd,HCLTECH.NS,1196.9000244140625,1206.300048828125,1191.0999755859375,1194.9000244140625,2505962
2026-05-12,HCL Technologies Ltd,HCLTECH.NS,1183.0,1184.0,1142.5999755859375,1145.800048828125,3959561
2026-05-13,HCL Technologies Ltd,HCLTECH.NS,1146.300048828125,1154.5999755859375,1137.0999755859375,1143.199951171875,2635034
2026-05-14,HCL Technologies Ltd,HCLTECH.NS,1139.0,1143.199951171875,1103.4000244140625,1124.0,5837032
2026-05-15,HCL Technologies Ltd,HCLTECH.NS,1121.9000244140625,1152.0,1121.800048828125,1132.5999755859375,3729249
2026-05-18,HCL Technologies Ltd,HCLTECH.NS,1129.0,1149.5,1121.4000244140625,1146.5999755859375,2588569
2026-05-19,HCL Technologies Ltd,HCLTECH.NS,1156.0,1198.300048828125,1152.300048828125,1179.4000244140625,5756760
2026-05-20,HCL Technologies Ltd,HCLTECH.NS,1166.199951171875,1181.0,1162.4000244140625,1169.800048828125,1415960
2026-05-21,HCL Technologies Ltd,HCLTECH.NS,1173.699951171875,1180.5999755859375,1163.199951171875,1168.199951171875,2245247
2026-05-22,HCL Technologies Ltd,HCLTECH.NS,1169.9000244140625,1176.0,1159.9000244140625,1164.0,2044782
2026-05-25,HCL Technologies Ltd,HCLTECH.NS,1168.0,1178.0,1162.0999755859375,1165.699951171875,1419803
2026-05-26,HCL Technologies Ltd,HCLTECH.NS,1165.699951171875,1173.699951171875,1160.0,1161.9000244140625,1196820
2026-05-27,HCL Technologies Ltd,HCLTECH.NS,1155.300048828125,1169.800048828125,1153.699951171875,1165.199951171875,1004168
2026-05-28,HCL Technologies Ltd,HCLTECH.NS,1165.199951171875,1165.199951171875,1165.199951171875,1165.199951171875,0
2026-05-29,HCL Technologies Ltd,HCLTECH.NS,1180.0,1191.699951171875,1177.0,1183.800048828125,12446602
2026-06-01,HCL Technologies Ltd,HCLTECH.NS,1190.0999755859375,1212.800048828125,1190.0999755859375,1195.0999755859375,5970435
2026-06-02,HCL Technologies Ltd,HCLTECH.NS,1210.0,1257.0,1202.199951171875,1243.5,7663067
2026-06-03,HCL Technologies Ltd,HCLTECH.NS,1228.800048828125,1230.0,1176.800048828125,1179.0,4800922
2026-06-04,HCL Technologies Ltd,HCLTECH.NS,1166.4000244140625,1176.5,1158.199951171875,1168.300048828125,2025595
2026-06-05,HCL Technologies Ltd,HCLTECH.NS,1179.0,1182.5,1147.0,1154.699951171875,1971395
2026-06-08,HCL Technologies Ltd,HCLTECH.NS,1141.9000244140625,1159.0,1132.300048828125,1151.300048828125,1546444
2026-06-09,HCL Technologies Ltd,HCLTECH.NS,1158.699951171875,1159.0,1136.4000244140625,1146.300048828125,2225582
2026-06-10,HCL Technologies Ltd,HCLTECH.NS,1140.800048828125,1152.0,1130.0,1132.0999755859375,1600595
2026-06-11,HCL Technologies Ltd,HCLTECH.NS,1112.9000244140625,1114.0,1089.5,1110.199951171875,3435236
2026-06-12,HCL Technologies Ltd,HCLTECH.NS,1120.0,1122.5,1100.5,1109.5999755859375,2203987
2026-06-15,HCL Technologies Ltd,HCLTECH.NS,1123.5,1128.0,1113.0,1119.300048828125,2361006
2026-06-16,HCL Technologies Ltd,HCLTECH.NS,1141.0,1161.9000244140625,1137.5,1159.0,8343470
2026-06-17,HCL Technologies Ltd,HCLTECH.NS,1169.0,1173.5999755859375,1159.300048828125,1166.800048828125,2263670
2026-06-18,HCL Technologies Ltd,HCLTECH.NS,1152.0,1168.800048828125,1136.0999755859375,1161.800048828125,3368037
2026-06-19,HCL Technologies Ltd,HCLTECH.NS,1110.0,1136.0,1091.4000244140625,1131.699951171875,10014063
2026-06-22,HCL Technologies Ltd,HCLTECH.NS,1136.0,1148.699951171875,1127.0,1130.5,2312385
2026-06-23,HCL Technologies Ltd,HCLTECH.NS,1121.5999755859375,1125.800048828125,1105.5,1109.5,3235632
2026-06-24,HCL Technologies Ltd,HCLTECH.NS,1097.5999755859375,1121.5,1093.199951171875,1113.9000244140625,3503015
2026-06-25,HCL Technologies Ltd,HCLTECH.NS,1133.0,1133.5,1097.5,1100.699951171875,5877425
2026-06-26,HCL Technologies Ltd,HCLTECH.NS,1100.699951171875,1100.699951171875,1100.699951171875,1100.699951171875,0
2026-06-29,HCL Technologies Ltd,HCLTECH.NS,1095.5999755859375,1108.300048828125,1086.0,1102.4000244140625,5186504
2026-06-30,HCL Technologies Ltd,HCLTECH.NS,1102.5,1105.699951171875,1068.5999755859375,1071.800048828125,3794233
2026-07-01,HCL Technologies Ltd,HCLTECH.NS,1070.0,1076.5,1030.0,1034.199951171875,3819777
2026-07-02,HCL Technologies Ltd,HCLTECH.NS,1049.0,1082.9000244140625,1048.0,1078.0999755859375,3726609
2026-07-03,HCL Technologies Ltd,HCLTECH.NS,1127.0999755859375,1159.0,1115.0999755859375,1139.0,12768463
2026-07-06,HCL Technologies Ltd,HCLTECH.NS,1145.0,1147.9000244140625,1126.0,1134.199951171875,2747815
2026-07-07,HCL Technologies Ltd,HCLTECH.NS,1135.0,1175.0,1134.0,1168.199951171875,5179529
2026-07-08,HCL Technologies Ltd,HCLTECH.NS,1165.0,1176.5,1141.699951171875,1145.5999755859375,3091794
2026-07-09,HCL Technologies Ltd,HCLTECH.NS,1144.0999755859375,1161.9000244140625,1121.0,1150.4000244140625,2033525
2026-07-10,HCL Technologies Ltd,HCLTECH.NS,1173.0,1191.5,1153.5,1164.0999755859375,3979475
2026-07-13,HCL Technologies Ltd,HCLTECH.NS,1162.0,1237.0,1162.0,1221.199951171875,9028077
2026-07-14,HCL Technologies Ltd,HCLTECH.NS,1200.0,1209.0999755859375,1164.0,1166.699951171875,9754723
2026-07-15,HCL Technologies Ltd,HCLTECH.NS,1157.0,1181.5999755859375,1144.5,1168.0,3253196
2026-07-16,HCL Technologies Ltd,HCLTECH.NS,1175.4000244140625,1204.0,1174.699951171875,1187.4000244140625,5147444
2026-07-17,HCL Technologies Ltd,HCLTECH.NS,1197.800048828125,1223.5,1195.800048828125,1203.9000244140625,5037972
2026-07-20,HCL Technologies Ltd,HCLTECH.NS,1205.0,1224.699951171875,1200.0999755859375,1221.300048828125,3612829
2026-07-21,HCL Technologies Ltd,HCLTECH.NS,1219.0,1240.699951171875,1217.199951171875,1239.5,4642320
2026-07-22,HCL Technologies Ltd,HCLTECH.NS,1243.800048828125,1243.800048828125,1227.699951171875,1237.300048828125,2377718
2026-07-23,HCL Technologies Ltd,HCLTECH.NS,1236.0,1248.800048828125,1228.800048828125,1244.699951171875,1878476
2026-07-24,HCL Technologies Ltd,HCLTECH.NS,1237.0,1276.0,1236.5999755859375,1271.0,3674904
2026-07-27,HCL Technologies Ltd,HCLTECH.NS,1284.5999755859375,1303.0,1277.300048828125,1295.9000244140625,3847049
2026-07-28,HCL Technologies Ltd,HCLTECH.NS,1301.0,1342.0,1301.0,1318.5999755859375,5187064
2026-07-29,HCL Technologies Ltd,HCLTECH.NS,1344.0,1352.699951171875,1323.199951171875,1344.300048828125,3061520
2026-07-30,HCL Technologies Ltd,HCLTECH.NS,1349.0,1369.9000244140625,1345.5999755859375,1352.699951171875,3747919
2026-07-31,HCL Technologies Ltd,HCLTECH.NS,1317.699951171875,1356.5,1294.300048828125,1346.9000244140625,3369019
2026-08-03,HCL Technologies Ltd,HCLTECH.NS,1352.0,1377.0,1343.5,1377.0,2314332
2026-08-04,HCL Technologies Ltd,HCLTECH.NS,1375.699951171875,1375.9000244140625,1347.4000244140625,1369.9000244140625,3013543
2026-08-05,HCL Technologies Ltd,HCLTECH.NS,1370.0,1375.0,1337.0999755859375,1350.0,3215211
2026-08-06,HCL Technologies Ltd,HCLTECH.NS,1349.9000244140625,1363.199951171875,1332.5,1335.0,3821560
2026-08-07,HCL Technologies Ltd,HCLTECH.NS,1329.0,1369.0,1328.0,1356.5999755859375,1725616
2026-08-10,HCL Technologies Ltd,HCLTECH.NS,1356.5999755859375,1367.5,1351.5999755859375,1357.199951171875,1321698
2026-08-11,HCL Technologies Ltd,HCLTECH.NS,1360.0999755859375,1379.800048828125,1358.0,1365.4000244140625,1828636
2026-08-12,HCL Technologies Ltd,HCLTECH.NS,1370.0,1370.0,1340.4000244140625,1365.4000244140625,1418468
2026-08-13,HCL Technologies Ltd,HCLTECH.NS,1362.9000244140625,1372.9000244140625,1354.0,1370.0,778760
2026-08-14,HCL Technologies Ltd,HCLTECH.NS,1372.800048828125,1374.9000244140625,1346.5,1360.0,1033374
2026-08-17,HCL Technologies Ltd,HCLTECH.NS,1355.0999755859375,1362.800048828125,1325.0,1325.0,970745
2026-08-18,HCL Technologies Ltd,HCLTECH.NS,1318.0,1320.0,1292.5,1298.0,3056990
2026-08-19,HCL Technologies Ltd,HCLTECH.NS,1309.0,1324.800048828125,1301.4000244140625,1324.800048828125,1693632
2026-08-20,HCL Technologies Ltd,HCLTECH.NS,1339.699951171875,1345.300048828125,1318.4000244140625,1318.4000244140625,1510868
2026-08-21,HCL Technologies Ltd,HCLTECH.NS,1319.9000244140625,1321.699951171875,1302.5,1302.5,1484443
2026-08-24,HCL Technologies Ltd,HCLTECH.NS,1302.5,1325.800048828125,1301.0,1322.0,1091648
2026-08-25,HCL Technologies Ltd,HCLTECH.NS,1322.0,1322.9000244140625,1294.4000244140625,1315.800048828125,1314934
2026-08-26,HCL Technologies Ltd,HCLTECH.NS,1319.5,1323.0,1296.5999755859375,1298.5,834925
2026-08-27,HCL Technologies Ltd,HCLTECH.NS,1295.0,1304.699951171875,1280.0,1282.0,1936771
2026-08-28,HCL Technologies Ltd,HCLTECH.NS,1290.0,1334.199951171875,1290.0,1316.0999755859375,3459476
2026-08-31,HCL Technologies Ltd,HCLTECH.NS,1316.5999755859375,1322.5999755859375,1297.699951171875,1312.199951171875,3125051
2026-09-01,HCL Technologies Ltd,HCLTECH.NS,1316.0999755859375,1368.0,1313.0999755859375,1351.4000244140625,4031856
2026-09-02,HCL Technologies Ltd,HCLTECH.NS,1340.0999755859375,1349.300048828125,1317.4000244140625,1331.5,2739386
2026-09-03,HCL Technologies Ltd,HCLTECH.NS,1345.0,1345.0,1308.0,1319.0,1515496
2026-09-04,HCL Technologies Ltd,HCLTECH.NS,1324.9000244140625,1331.4000244140625,1291.199951171875,1293.4000244140625,2210569
2026-09-07,HCL Technologies Ltd,HCLTECH.NS,1271.699951171875,1286.800048828125,1263.0,1282.800048828125,2008363
2026-09-08,HCL Technologies Ltd,HCLTECH.NS,1281.4000244140625,1290.0,1268.199951171875,1277.0,2241262
2026-09-09,HCL Technologies Ltd,HCLTECH.NS,1248.800048828125,1264.800048828125,1222.699951171875,1229.800048828125,2099173
2026-09-10,HCL Technologies Ltd,HCLTECH.NS,1224.800048828125,1237.0,1196.9000244140625,1207.0,2197859
2026-09-11,HCL Technologies Ltd,HCLTECH.NS,1196.0,1223.4000244140625,1195.699951171875,1206.0999755859375,2272845
2026-09-14,HCL Technologies Ltd,HCLTECH.NS,1206.0999755859375,1206.0999755859375,1206.0999755859375,1206.0999755859375,0
2026-09-15,HCL Technologies Ltd,HCLTECH.NS,1252.0,1290.0,1250.0,1253.699951171875,4443984
2026-09-16,HCL Technologies Ltd,HCLTECH.NS,1262.5,1284.5999755859375,1244.9000244140625,1253.0,3049093
2026-09-17,HCL Technologies Ltd,HCLTECH.NS,1242.199951171875,1258.300048828125,1235.300048828125,1258.300048828125,1386250
2026-09-18,HCL Technologies Ltd,HCLTECH.NS,1258.300048828125,1260.800048828125,1235.5999755859375,1249.300048828125,2886447
2026-09-21,HCL Technologies Ltd,HCLTECH.NS,1242.300048828125,1284.9000244140625,1237.300048828125,1281.0,2751906
2026-09-22,HCL Technologies Ltd,HCLTECH.NS,1280.0,1286.0999755859375,1240.300048828125,1270.4000244140625,2680986
2026-09-23,HCL Technologies Ltd,HCLTECH.NS,1270.0,1279.800048828125,1250.0,1256.699951171875,2724431
2026-09-24,HCL Technologies Ltd,HCLTECH.NS,1251.0,1263.300048828125,1242.800048828125,1243.5999755859375,822109
2026-09-25,HCL Technologies Ltd,HCLTECH.NS,1241.0,1266.5,1234.5999755859375,1258.0,1568243
2026-09-28,HCL Technologies Ltd,HCLTECH.NS,1252.0,1267.300048828125,1241.800048828125,1252.5999755859375,2272247
2026-09-29,HCL Technologies Ltd,HCLTECH.NS,1252.5999755859375,1261.0,1222.0,1222.0,5604932
2026-09-30,HCL Technologies Ltd,HCLTECH.NS,1229.0,1256.4000244140625,1224.800048828125,1230.0,4242658
2026-10-01,HCL Technologies Ltd,HCLTECH.NS,1230.0,1256.0,1228.9000244140625,1243.0999755859375,3430282
2025-10-03,Hindalco Industries Ltd,HINDALCO.NS,766.0,790.5999755859375,764.0999755859375,780.3499755859375,6522416
2025-10-06,Hindalco Industries Ltd,HINDALCO.NS,782.0499877929688,784.9500122070312,774.3499755859375,776.7000122070312,3544658
2025-10-07,Hindalco Industries Ltd,HINDALCO.NS,771.0,780.75,765.9000244140625,767.7999877929688,4918764
2025-10-08,Hindalco Industries Ltd,HINDALCO.NS,770.0,781.5,766.1500244140625,768.2000122070312,6393179
2025-10-09,Hindalco Industries Ltd,HINDALCO.NS,770.25,780.0,769.25,774.0999755859375,6806889
2025-10-10,Hindalco Industries Ltd,HINDALCO.NS,774.5,775.75,764.2999877929688,773.9500122070312,4365229
2025-10-13,Hindalco Industries Ltd,HINDALCO.NS,772.25,774.5999755859375,767.2000122070312,770.2000122070312,3077938
2025-10-14,Hindalco Industries Ltd,HINDALCO.NS,776.0499877929688,781.5499877929688,754.4500122070312,760.0999755859375,3510594
2025-10-15,Hindalco Industries Ltd,HINDALCO.NS,765.0,768.7000122070312,759.3499755859375,764.25,5690264
2025-10-16,Hindalco Industries Ltd,HINDALCO.NS,765.0999755859375,780.8499755859375,763.5,780.0999755859375,4180590
2025-10-17,Hindalco Industries Ltd,HINDALCO.NS,780.0,781.9500122070312,766.0,772.7999877929688,3254932
2025-10-20,Hindalco Industries Ltd,HINDALCO.NS,774.2999877929688,789.4500122070312,772.0499877929688,786.3499755859375,4845432
2025-10-21,Hindalco Industries Ltd,HINDALCO.NS,791.0,791.9500122070312,782.5,784.9500122070312,457667
2025-10-23,Hindalco Industries Ltd,HINDALCO.NS,791.5,799.8499755859375,784.0,792.4000244140625,5916416
2025-10-24,Hindalco Industries Ltd,HINDALCO.NS,811.3499755859375,826.5,811.3499755859375,824.4500122070312,16905398
2025-10-27,Hindalco Industries Ltd,HINDALCO.NS,834.9000244140625,845.0999755859375,827.0,840.8499755859375,7308067
2025-10-28,Hindalco Industries Ltd,HINDALCO.NS,838.0,859.9000244140625,837.0,848.9500122070312,8010504
2025-10-29,Hindalco Industries Ltd,HINDALCO.NS,854.0,858.8499755859375,849.5499877929688,856.25,5663683
2025-10-30,Hindalco Industries Ltd,HINDALCO.NS,852.0999755859375,864.0,848.0999755859375,861.3499755859375,4704178
2025-10-31,Hindalco Industries Ltd,HINDALCO.NS,856.9500122070312,860.5999755859375,845.7000122070312,847.8499755859375,4138495
2025-11-03,Hindalco Industries Ltd,HINDALCO.NS,847.8499755859375,856.0,842.5999755859375,847.2000122070312,4885067
2025-11-04,Hindalco Industries Ltd,HINDALCO.NS,841.5499877929688,847.0,829.25,831.4000244140625,4673187
2025-11-06,Hindalco Industries Ltd,HINDALCO.NS,788.0,795.0,770.1500244140625,788.4000244140625,34786635
2025-11-07,Hindalco Industries Ltd,HINDALCO.NS,788.5,802.5999755859375,783.0,790.4000244140625,13189011
2025-11-10,Hindalco Industries Ltd,HINDALCO.NS,792.0,799.9000244140625,783.8499755859375,785.2000122070312,5914226
2025-11-11,Hindalco Industries Ltd,HINDALCO.NS,790.7999877929688,794.7000122070312,778.0999755859375,793.75,5411465
2025-11-12,Hindalco Industries Ltd,HINDALCO.NS,798.0,809.0,791.75,794.4000244140625,7589035
2025-11-13,Hindalco Industries Ltd,HINDALCO.NS,803.0,816.5,799.0,811.9500122070312,5854638
2025-11-14,Hindalco Industries Ltd,HINDALCO.NS,807.0,812.5,796.0,803.6500244140625,4113598
2025-11-17,Hindalco Industries Ltd,HINDALCO.NS,801.0,809.0,799.75,807.1500244140625,2770547
2025-11-18,Hindalco Industries Ltd,HINDALCO.NS,804.5,804.5,788.3499755859375,797.1500244140625,7299555
2025-11-19,Hindalco Industries Ltd,HINDALCO.NS,797.1500244140625,798.7999877929688,790.0,790.9500122070312,3005726
2025-11-20,Hindalco Industries Ltd,HINDALCO.NS,799.7999877929688,802.6500244140625,789.2999877929688,799.7999877929688,6016713
2025-11-21,Hindalco Industries Ltd,HINDALCO.NS,786.0,787.0,776.25,777.7000122070312,5099356
2025-11-24,Hindalco Industries Ltd,HINDALCO.NS,782.8499755859375,788.0999755859375,771.8499755859375,774.6500244140625,5666985
2025-11-25,Hindalco Industries Ltd,HINDALCO.NS,777.9500122070312,791.75,772.6500244140625,789.3499755859375,6090783
2025-11-26,Hindalco Industries Ltd,HINDALCO.NS,790.1500244140625,803.0,787.2000122070312,800.7999877929688,3842280
2025-11-27,Hindalco Industries Ltd,HINDALCO.NS,807.9000244140625,813.9500122070312,800.4500122070312,807.5499877929688,4481695
2025-11-28,Hindalco Industries Ltd,HINDALCO.NS,812.2000122070312,815.0,807.2000122070312,808.4000244140625,3200488
2025-12-01,Hindalco Industries Ltd,HINDALCO.NS,817.9500122070312,817.9500122070312,808.2000122070312,810.7999877929688,2064678
2025-12-02,Hindalco Industries Ltd,HINDALCO.NS,811.0,813.5,802.5999755859375,806.8499755859375,4237151
2025-12-03,Hindalco Industries Ltd,HINDALCO.NS,810.7999877929688,819.5999755859375,800.9500122070312,816.2999877929688,4948661
2025-12-04,Hindalco Industries Ltd,HINDALCO.NS,824.0,826.25,809.0,810.7999877929688,3381601
2025-12-05,Hindalco Industries Ltd,HINDALCO.NS,811.5499877929688,831.9000244140625,808.0,823.25,4273147
2025-12-08,Hindalco Industries Ltd,HINDALCO.NS,825.7999877929688,833.5,817.25,819.4500122070312,4354685
2025-12-09,Hindalco Industries Ltd,HINDALCO.NS,819.0,819.4000244140625,803.0999755859375,812.9000244140625,3394966
2025-12-10,Hindalco Industries Ltd,HINDALCO.NS,816.0499877929688,831.75,813.5999755859375,821.75,5280811
2025-12-11,Hindalco Industries Ltd,HINDALCO.NS,826.0,830.9000244140625,821.1500244140625,824.3499755859375,3098584
2025-12-12,Hindalco Industries Ltd,HINDALCO.NS,830.7999877929688,855.0,830.5999755859375,852.0999755859375,8178645
2025-12-15,Hindalco Industries Ltd,HINDALCO.NS,851.9500122070312,856.25,845.2999877929688,847.8499755859375,2521938
2025-12-16,Hindalco Industries Ltd,HINDALCO.NS,845.0,845.0,831.1500244140625,837.1500244140625,2713249
2025-12-17,Hindalco Industries Ltd,HINDALCO.NS,844.0499877929688,851.9000244140625,840.0999755859375,848.7999877929688,3270389
2025-12-18,Hindalco Industries Ltd,HINDALCO.NS,850.0,861.9500122070312,847.5,856.7000122070312,4174631
2025-12-19,Hindalco Industries Ltd,HINDALCO.NS,858.0,864.4000244140625,847.5499877929688,852.0,4939377
2025-12-22,Hindalco Industries Ltd,HINDALCO.NS,860.0,872.3499755859375,857.25,864.5499877929688,4865457
2025-12-23,Hindalco Industries Ltd,HINDALCO.NS,871.0,871.7999877929688,860.8499755859375,863.8499755859375,5452783
2025-12-24,Hindalco Industries Ltd,HINDALCO.NS,865.9500122070312,882.2999877929688,862.1500244140625,864.4500122070312,3683590
2025-12-26,Hindalco Industries Ltd,HINDALCO.NS,865.25,874.75,861.0,872.9000244140625,2334952
2025-12-29,Hindalco Industries Ltd,HINDALCO.NS,886.0,887.4500122070312,860.9000244140625,865.0,9836341
2025-12-30,Hindalco Industries Ltd,HINDALCO.NS,868.0,888.2999877929688,863.8499755859375,884.1500244140625,15280248
2025-12-31,Hindalco Industries Ltd,HINDALCO.NS,886.4000244140625,890.0,879.4500122070312,886.7000122070312,3539118
2026-01-01,Hindalco Industries Ltd,HINDALCO.NS,888.0999755859375,895.9500122070312,882.4500122070312,894.9500122070312,2566505
2026-01-02,Hindalco Industries Ltd,HINDALCO.NS,898.0,927.2999877929688,896.5499877929688,925.7000122070312,5357771
2026-01-05,Hindalco Industries Ltd,HINDALCO.NS,932.5,937.9000244140625,925.8499755859375,931.7000122070312,5278463
2026-01-06,Hindalco Industries Ltd,HINDALCO.NS,936.0,970.7999877929688,936.0,942.25,10369133
2026-01-07,Hindalco Industries Ltd,HINDALCO.NS,951.0499877929688,954.5999755859375,935.0999755859375,938.4500122070312,6555117
2026-01-08,Hindalco Industries Ltd,HINDALCO.NS,934.0499877929688,934.2000122070312,898.5999755859375,903.9500122070312,6266789
2026-01-09,Hindalco Industries Ltd,HINDALCO.NS,902.0,908.4500122070312,894.0,900.9500122070312,4320582
2026-01-12,Hindalco Industries Ltd,HINDALCO.NS,909.9500122070312,921.9500122070312,897.0,920.1500244140625,6884726
2026-01-13,Hindalco Industries Ltd,HINDALCO.NS,927.4000244140625,937.9000244140625,922.9500122070312,936.2999877929688,6868939
2026-01-14,Hindalco Industries Ltd,HINDALCO.NS,941.0,959.0,936.75,955.3499755859375,7050653
2026-01-15,Hindalco Industries Ltd,HINDALCO.NS,955.3499755859375,955.3499755859375,955.3499755859375,955.3499755859375,0
2026-01-16,Hindalco Industries Ltd,HINDALCO.NS,966.5,966.5,930.0,934.6500244140625,4037987
2026-01-19,Hindalco Industries Ltd,HINDALCO.NS,938.5,946.7999877929688,928.4500122070312,939.9500122070312,4007683
2026-01-20,Hindalco Industries Ltd,HINDALCO.NS,944.5,949.8499755859375,925.7000122070312,928.0999755859375,5709976
2026-01-21,Hindalco Industries Ltd,HINDALCO.NS,928.75,944.1500244140625,926.4000244140625,939.2000122070312,5590031
2026-01-22,Hindalco Industries Ltd,HINDALCO.NS,945.0,951.4000244140625,934.1500244140625,944.4500122070312,6165965
2026-01-23,Hindalco Industries Ltd,HINDALCO.NS,955.0,963.9000244140625,948.5,950.2999877929688,5958887
2026-01-27,Hindalco Industries Ltd,HINDALCO.NS,985.0,985.0,950.75,961.8499755859375,10009735
2026-01-28,Hindalco Industries Ltd,HINDALCO.NS,971.0499877929688,1007.9000244140625,963.0499877929688,998.2000122070312,12615677
2026-01-29,Hindalco Industries Ltd,HINDALCO.NS,1010.25,1029.800048828125,1008.5499877929688,1024.050048828125,14615261
2026-01-30,Hindalco Industries Ltd,HINDALCO.NS,1000.0,1000.0,955.5499877929688,962.5999755859375,11977092
2026-02-02,Hindalco Industries Ltd,HINDALCO.NS,905.7000122070312,936.75,897.5,930.5,9659915
2026-02-03,Hindalco Industries Ltd,HINDALCO.NS,950.0,972.5499877929688,945.2000122070312,955.2999877929688,10099249
2026-02-04,Hindalco Industries Ltd,HINDALCO.NS,958.9500122070312,970.7999877929688,955.4500122070312,964.9500122070312,4388355
2026-02-05,Hindalco Industries Ltd,HINDALCO.NS,943.1500244140625,943.1500244140625,923.7000122070312,935.4500122070312,4580529
2026-02-06,Hindalco Industries Ltd,HINDALCO.NS,926.0,944.0,922.0,942.5499877929688,3830296
2026-02-09,Hindalco Industries Ltd,HINDALCO.NS,960.5,970.7000122070312,948.2999877929688,964.25,5294536
2026-02-10,Hindalco Industries Ltd,HINDALCO.NS,970.25,976.6500244140625,955.0,968.9000244140625,4101779
2026-02-11,Hindalco Industries Ltd,HINDALCO.NS,970.0,972.0,950.1500244140625,965.9500122070312,6275356
2026-02-12,Hindalco Industries Ltd,HINDALCO.NS,950.0,966.5499877929688,943.9500122070312,964.4000244140625,4557796
2026-02-13,Hindalco Industries Ltd,HINDALCO.NS,923.5499877929688,932.6500244140625,901.0,909.0,10170485
2026-02-16,Hindalco Industries Ltd,HINDALCO.NS,895.0,910.2999877929688,889.5,907.4500122070312,6943209
2026-02-17,Hindalco Industries Ltd,HINDALCO.NS,892.9000244140625,898.9000244140625,881.0,890.0999755859375,7099432
2026-02-18,Hindalco Industries Ltd,HINDALCO.NS,893.0,907.0,891.3499755859375,899.25,3909665
2026-02-19,Hindalco Industries Ltd,HINDALCO.NS,910.5999755859375,920.5,900.2999877929688,905.6500244140625,3522571
2026-02-20,Hindalco Industries Ltd,HINDALCO.NS,907.5,937.7000122070312,901.0999755859375,935.7000122070312,5855696
2026-02-23,Hindalco Industries Ltd,HINDALCO.NS,946.9000244140625,946.9000244140625,907.6500244140625,916.2000122070312,4932242
2026-02-24,Hindalco Industries Ltd,HINDALCO.NS,920.5,927.0,908.0499877929688,922.8499755859375,5179022
2026-02-25,Hindalco Industries Ltd,HINDALCO.NS,936.0,946.0,928.5,937.4000244140625,5288850
2026-02-26,Hindalco Industries Ltd,HINDALCO.NS,942.0,943.0999755859375,931.2000122070312,941.2999877929688,3075442
2026-02-27,Hindalco Industries Ltd,HINDALCO.NS,938.9500122070312,943.3499755859375,922.5999755859375,924.7000122070312,5418634
2026-03-02,Hindalco Industries Ltd,HINDALCO.NS,901.0999755859375,945.4000244140625,896.0999755859375,940.0,5573300
2026-03-04,Hindalco Industries Ltd,HINDALCO.NS,928.0,945.5,912.0,921.7999877929688,7575786
2026-03-05,Hindalco Industries Ltd,HINDALCO.NS,930.0,983.5,926.4000244140625,954.9500122070312,16533658
2026-03-06,Hindalco Industries Ltd,HINDALCO.NS,955.0,971.6500244140625,943.1500244140625,958.9000244140625,8295000
2026-03-09,Hindalco Industries Ltd,HINDALCO.NS,940.0,956.25,925.25,945.3499755859375,7016889
2026-03-10,Hindalco Industries Ltd,HINDALCO.NS,956.0,959.75,933.3499755859375,956.5999755859375,4839199
2026-03-11,Hindalco Industries Ltd,HINDALCO.NS,959.9500122070312,978.9000244140625,952.5,959.0999755859375,4456510
2026-03-12,Hindalco Industries Ltd,HINDALCO.NS,968.0,972.0,934.4500122070312,969.75,4664967
2026-03-13,Hindalco Industries Ltd,HINDALCO.NS,967.0,968.1500244140625,904.2999877929688,910.0499877929688,10347187
2026-03-16,Hindalco Industries Ltd,HINDALCO.NS,906.8499755859375,943.1500244140625,901.2999877929688,921.1500244140625,10755610
2026-03-17,Hindalco Industries Ltd,HINDALCO.NS,928.9000244140625,942.0,916.3499755859375,936.6500244140625,4862641
2026-03-18,Hindalco Industries Ltd,HINDALCO.NS,932.9000244140625,938.4000244140625,923.0,933.0499877929688,3906519
2026-03-19,Hindalco Industries Ltd,HINDALCO.NS,912.0,933.0499877929688,892.1500244140625,897.0499877929688,4733569
2026-03-20,Hindalco Industries Ltd,HINDALCO.NS,884.9500122070312,907.5,870.0,874.25,10063637
2026-03-23,Hindalco Industries Ltd,HINDALCO.NS,855.0,857.3499755859375,835.9500122070312,840.25,11372786
2026-03-24,Hindalco Industries Ltd,HINDALCO.NS,849.0,864.5,843.5,854.6500244140625,3526970
2026-03-25,Hindalco Industries Ltd,HINDALCO.NS,866.0,874.7999877929688,862.2999877929688,868.6500244140625,4491373
2026-03-27,Hindalco Industries Ltd,HINDALCO.NS,860.0,872.9500122070312,854.75,866.7000122070312,4104597
2026-03-30,Hindalco Industries Ltd,HINDALCO.NS,876.0,913.0,876.0,884.4500122070312,12727309
2026-04-01,Hindalco Industries Ltd,HINDALCO.NS,909.0,922.5,900.0999755859375,904.5999755859375,7777034
2026-04-02,Hindalco Industries Ltd,HINDALCO.NS,898.9500122070312,920.9500122070312,884.7999877929688,916.25,7698211
2026-04-06,Hindalco Industries Ltd,HINDALCO.NS,917.2000122070312,935.75,917.2000122070312,927.4500122070312,5555538
2026-04-07,Hindalco Industries Ltd,HINDALCO.NS,933.9500122070312,964.9000244140625,932.9500122070312,954.5,11877733
2026-04-08,Hindalco Industries Ltd,HINDALCO.NS,975.0,977.0,947.3499755859375,951.7999877929688,8174489
2026-04-09,Hindalco Industries Ltd,HINDALCO.NS,959.0,989.8499755859375,952.25,985.6500244140625,9386595
2026-04-10,Hindalco Industries Ltd,HINDALCO.NS,995.3499755859375,995.5499877929688,978.6500244140625,992.0999755859375,6013190
2026-04-13,Hindalco Industries Ltd,HINDALCO.NS,978.0499877929688,988.5999755859375,965.5999755859375,978.25,4754347
2026-04-15,Hindalco Industries Ltd,HINDALCO.NS,1036.0,1038.0,1002.0999755859375,1011.4500122070312,11075349
2026-04-16,Hindalco Industries Ltd,HINDALCO.NS,1016.9000244140625,1048.699951171875,1013.0,1039.9000244140625,10942179
2026-04-17,Hindalco Industries Ltd,HINDALCO.NS,1036.5,1040.75,1025.0,1039.0,4301884
2026-04-20,Hindalco Industries Ltd,HINDALCO.NS,1031.0,1034.0,1011.4000244140625,1015.25,4286182
2026-04-21,Hindalco Industries Ltd,HINDALCO.NS,1018.0,1023.2000122070312,1011.4000244140625,1021.6500244140625,3002043
2026-04-22,Hindalco Industries Ltd,HINDALCO.NS,1030.0,1043.3499755859375,1017.0,1039.9000244140625,4474181
2026-04-23,Hindalco Industries Ltd,HINDALCO.NS,1039.75,1049.0,1031.1500244140625,1041.3499755859375,4370028
2026-04-24,Hindalco Industries Ltd,HINDALCO.NS,1031.0,1054.0,1027.550048828125,1048.3499755859375,4526003
2026-04-27,Hindalco Industries Ltd,HINDALCO.NS,1058.3499755859375,1066.5,1052.0,1061.800048828125,4241483
2026-04-28,Hindalco Industries Ltd,HINDALCO.NS,1060.0,1079.699951171875,1055.1500244140625,1074.300048828125,7798496
2026-04-29,Hindalco Industries Ltd,HINDALCO.NS,1078.0,1080.0,1053.0,1067.199951171875,3710080
2026-04-30,Hindalco Industries Ltd,HINDALCO.NS,1058.5,1063.8499755859375,1030.4000244140625,1038.0,4392857
2026-05-01,Hindalco Industries Ltd,HINDALCO.NS,1038.0,1038.0,1038.0,1038.0,0
2026-05-04,Hindalco Industries Ltd,HINDALCO.NS,1043.300048828125,1049.4000244140625,1034.5,1042.699951171875,3349359
2026-05-05,Hindalco Industries Ltd,HINDALCO.NS,1036.300048828125,1059.0,1031.0999755859375,1054.699951171875,4580696
2026-05-06,Hindalco Industries Ltd,HINDALCO.NS,1067.800048828125,1073.699951171875,1042.4000244140625,1045.800048828125,5336857
2026-05-07,Hindalco Industries Ltd,HINDALCO.NS,1048.0,1060.9000244140625,1036.5999755859375,1055.699951171875,4290514
2026-05-08,Hindalco Industries Ltd,HINDALCO.NS,1048.4000244140625,1058.0,1035.300048828125,1044.4000244140625,3065690
2026-05-11,Hindalco Industries Ltd,HINDALCO.NS,1031.0999755859375,1042.4000244140625,1022.0999755859375,1023.5,3746752
2026-05-12,Hindalco Industries Ltd,HINDALCO.NS,1027.199951171875,1054.5999755859375,1025.0,1041.4000244140625,4323348
2026-05-13,Hindalco Industries Ltd,HINDALCO.NS,1048.0,1082.4000244140625,1047.0,1073.0999755859375,5341453
2026-05-14,Hindalco Industries Ltd,HINDALCO.NS,1083.9000244140625,1105.0,1080.9000244140625,1103.300048828125,4920811
2026-05-15,Hindalco Industries Ltd,HINDALCO.NS,1101.199951171875,1101.199951171875,1057.5999755859375,1067.5,6800905
2026-05-18,Hindalco Industries Ltd,HINDALCO.NS,1050.0,1060.0,1044.0,1053.0999755859375,4023849
2026-05-19,Hindalco Industries Ltd,HINDALCO.NS,1052.5,1053.4000244140625,1037.0999755859375,1048.300048828125,3674289
2026-05-20,Hindalco Industries Ltd,HINDALCO.NS,1038.4000244140625,1090.0,1038.4000244140625,1085.5,11945517
2026-05-21,Hindalco Industries Ltd,HINDALCO.NS,1098.699951171875,1110.9000244140625,1089.300048828125,1099.300048828125,4584559
2026-05-22,Hindalco Industries Ltd,HINDALCO.NS,1099.0,1115.0,1092.800048828125,1109.199951171875,4136312
2026-05-25,Hindalco Industries Ltd,HINDALCO.NS,1110.0,1119.800048828125,1081.199951171875,1099.5999755859375,7677225
2026-05-26,Hindalco Industries Ltd,HINDALCO.NS,1102.0,1118.0,1094.5999755859375,1103.800048828125,5880899
2026-05-27,Hindalco Industries Ltd,HINDALCO.NS,1118.300048828125,1154.0,1118.300048828125,1149.699951171875,7559470
2026-05-28,Hindalco Industries Ltd,HINDALCO.NS,1149.699951171875,1149.699951171875,1149.699951171875,1149.699951171875,0
2026-05-29,Hindalco Industries Ltd,HINDALCO.NS,1176.0,1176.0,1122.0,1126.699951171875,11987286
2026-06-01,Hindalco Industries Ltd,HINDALCO.NS,1130.0,1150.0,1127.199951171875,1141.300048828125,6934532
2026-06-02,Hindalco Industries Ltd,HINDALCO.NS,1141.0,1161.0,1136.4000244140625,1146.300048828125,5325199
2026-06-03,Hindalco Industries Ltd,HINDALCO.NS,1155.0,1159.9000244140625,1126.5999755859375,1138.9000244140625,4865978
2026-06-04,Hindalco Industries Ltd,HINDALCO.NS,1134.0,1137.0999755859375,1121.4000244140625,1125.5999755859375,3868557
2026-06-05,Hindalco Industries Ltd,HINDALCO.NS,1126.5999755859375,1132.300048828125,1090.0999755859375,1092.5999755859375,4546693
2026-06-08,Hindalco Industries Ltd,HINDALCO.NS,1061.0,1078.5999755859375,1050.800048828125,1062.4000244140625,4879594
2026-06-09,Hindalco Industries Ltd,HINDALCO.NS,1074.0,1082.5,1053.800048828125,1076.699951171875,5880133
2026-06-10,Hindalco Industries Ltd,HINDALCO.NS,1066.9000244140625,1066.9000244140625,1034.199951171875,1039.300048828125,8048339
2026-06-11,Hindalco Industries Ltd,HINDALCO.NS,1029.800048828125,1038.5999755859375,1022.7999877929688,1024.300048828125,6664493
2026-06-12,Hindalco Industries Ltd,HINDALCO.NS,1045.0,1049.0,1015.2999877929688,1021.5999755859375,9388824
2026-06-15,Hindalco Industries Ltd,HINDALCO.NS,1039.199951171875,1039.699951171875,1011.0999755859375,1013.9000244140625,8474101
2026-06-16,Hindalco Industries Ltd,HINDALCO.NS,990.0,990.0,970.0,982.4000244140625,11200461
2026-06-17,Hindalco Industries Ltd,HINDALCO.NS,985.0,1011.5999755859375,971.2000122070312,1007.9000244140625,10853418
2026-06-18,Hindalco Industries Ltd,HINDALCO.NS,1006.0,1017.4000244140625,999.0,1008.5,6184717
2026-06-19,Hindalco Industries Ltd,HINDALCO.NS,998.0,1016.7999877929688,985.2000122070312,1010.0,6013455
2026-06-22,Hindalco Industries Ltd,HINDALCO.NS,1014.0,1018.0999755859375,1003.5999755859375,1014.2000122070312,4244908
2026-06-23,Hindalco Industries Ltd,HINDALCO.NS,999.0,999.0,978.0,986.7999877929688,7191224
2026-06-24,Hindalco Industries Ltd,HINDALCO.NS,972.0,988.5,970.2999877929688,976.5999755859375,5029316
2026-06-25,Hindalco Industries Ltd,HINDALCO.NS,965.0,970.9000244140625,950.2000122070312,953.2000122070312,12155741
2026-06-26,Hindalco Industries Ltd,HINDALCO.NS,953.2000122070312,953.2000122070312,953.2000122070312,953.2000122070312,0
2026-06-29,Hindalco Industries Ltd,HINDALCO.NS,952.0999755859375,973.5,952.0,963.7999877929688,9499504
2026-06-30,Hindalco Industries Ltd,HINDALCO.NS,957.0,966.5999755859375,948.7999877929688,956.5999755859375,8514541
2026-07-01,Hindalco Industries Ltd,HINDALCO.NS,951.9000244140625,960.25,937.5,939.7000122070312,5637215
2026-07-02,Hindalco Industries Ltd,HINDALCO.NS,942.0499877929688,962.5,942.0499877929688,949.2000122070312,3505234
2026-07-03,Hindalco Industries Ltd,HINDALCO.NS,965.0,978.9000244140625,951.0499877929688,953.2000122070312,3352734
2026-07-06,Hindalco Industries Ltd,HINDALCO.NS,960.8499755859375,981.5999755859375,954.0,980.4000244140625,4642287
2026-07-07,Hindalco Industries Ltd,HINDALCO.NS,970.4000244140625,978.9500122070312,962.9000244140625,969.5,4411767
2026-07-08,Hindalco Industries Ltd,HINDALCO.NS,962.0499877929688,979.9000244140625,962.0499877929688,971.6500244140625,6547101
2026-07-09,Hindalco Industries Ltd,HINDALCO.NS,971.7000122070312,973.9500122070312,954.6500244140625,963.4500122070312,6043658
2026-07-10,Hindalco Industries Ltd,HINDALCO.NS,976.0,985.5999755859375,964.7000122070312,967.4500122070312,5859033
2026-07-13,Hindalco Industries Ltd,HINDALCO.NS,963.0999755859375,971.7000122070312,956.4500122070312,966.8499755859375,4070887
2026-07-14,Hindalco Industries Ltd,HINDALCO.NS,964.0,998.0,964.0,974.2999877929688,8061017
2026-07-15,Hindalco Industries Ltd,HINDALCO.NS,972.0,976.0,953.0,955.7999877929688,5279138
2026-07-16,Hindalco Industries Ltd,HINDALCO.NS,972.4000244140625,972.4000244140625,957.2000122070312,959.2999877929688,3388958
2026-07-17,Hindalco Industries Ltd,HINDALCO.NS,955.0,959.0999755859375,939.5,944.1500244140625,4222686
2026-07-20,Hindalco Industries Ltd,HINDALCO.NS,944.3499755859375,957.75,944.1500244140625,947.7999877929688,3996887
2026-07-21,Hindalco Industries Ltd,HINDALCO.NS,944.1500244140625,956.2999877929688,941.0,951.4000244140625,4965762
2026-07-22,Hindalco Industries Ltd,HINDALCO.NS,955.0,961.9500122070312,945.2000122070312,950.0,4055709
2026-07-23,Hindalco Industries Ltd,HINDALCO.NS,950.0,964.0,947.5499877929688,955.6500244140625,4722307
2026-07-24,Hindalco Industries Ltd,HINDALCO.NS,947.5999755859375,950.9000244140625,939.7000122070312,942.7999877929688,4494329
2026-07-27,Hindalco Industries Ltd,HINDALCO.NS,944.4500122070312,951.25,943.0499877929688,945.25,2035425
2026-07-28,Hindalco Industries Ltd,HINDALCO.NS,945.0,947.9000244140625,935.0999755859375,936.4000244140625,3835947
2026-07-29,Hindalco Industries Ltd,HINDALCO.NS,940.0,964.7999877929688,938.1500244140625,962.4500122070312,2939377
2026-07-30,Hindalco Industries Ltd,HINDALCO.NS,968.0,973.0499877929688,960.5999755859375,970.4000244140625,4259226
2026-07-31,Hindalco Industries Ltd,HINDALCO.NS,979.7999877929688,988.0,971.0499877929688,974.4500122070312,5579336
2026-08-03,Hindalco Industries Ltd,HINDALCO.NS,990.0,994.9000244140625,981.3499755859375,994.9000244140625,5617219
2026-08-04,Hindalco Industries Ltd,HINDALCO.NS,995.0,1020.0,993.0999755859375,1020.0,7690755
2026-08-05,Hindalco Industries Ltd,HINDALCO.NS,1028.5,1040.0,1011.2999877929688,1040.0,5041671
2026-08-06,Hindalco Industries Ltd,HINDALCO.NS,1044.0,1044.0,1016.0,1027.0,6345953
2026-08-07,Hindalco Industries Ltd,HINDALCO.NS,1017.0,1059.5999755859375,1017.0,1059.5999755859375,9284747
2026-08-10,Hindalco Industries Ltd,HINDALCO.NS,1065.0,1068.3499755859375,1040.449951171875,1054.050048828125,7055761
2026-08-11,Hindalco Industries Ltd,HINDALCO.NS,1053.4000244140625,1068.75,1049.0999755859375,1049.0999755859375,4831839
2026-08-12,Hindalco Industries Ltd,HINDALCO.NS,1063.199951171875,1087.949951171875,1056.9000244140625,1078.5,8786842
2026-08-13,Hindalco Industries Ltd,HINDALCO.NS,1072.300048828125,1073.0,1040.0,1046.25,4983399
2026-08-14,Hindalco Industries Ltd,HINDALCO.NS,1035.800048828125,1036.800048828125,1021.3499755859375,1029.5,3423326
2026-08-17,Hindalco Industries Ltd,HINDALCO.NS,1033.0,1060.0,1032.699951171875,1049.9000244140625,3062996
2026-08-18,Hindalco Industries Ltd,HINDALCO.NS,1048.949951171875,1050.5999755859375,1038.0,1041.5999755859375,2525385
2026-08-19,Hindalco Industries Ltd,HINDALCO.NS,1030.5999755859375,1039.199951171875,1025.550048828125,1038.949951171875,2125136
2026-08-20,Hindalco Industries Ltd,HINDALCO.NS,1044.0,1048.0,1013.0,1029.8499755859375,4321761
2026-08-21,Hindalco Industries Ltd,HINDALCO.NS,1029.800048828125,1040.449951171875,1024.5999755859375,1034.0,2644211
2026-08-24,Hindalco Industries Ltd,HINDALCO.NS,1047.949951171875,1058.5,1043.300048828125,1058.5,4052159
2026-08-25,Hindalco Industries Ltd,HINDALCO.NS,1055.0,1057.0,1040.449951171875,1051.050048828125,3495294
2026-08-26,Hindalco Industries Ltd,HINDALCO.NS,1052.6500244140625,1059.5,1039.1500244140625,1053.0,2289903
2026-08-27,Hindalco Industries Ltd,HINDALCO.NS,1060.5,1061.800048828125,1020.0499877929688,1024.0,3635432
2026-08-28,Hindalco Industries Ltd,HINDALCO.NS,1030.0,1037.4000244140625,1025.949951171875,1037.4000244140625,1687987
2026-08-31,Hindalco Industries Ltd,HINDALCO.NS,1029.9000244140625,1029.9000244140625,1005.4000244140625,1015.4500122070312,5759006
2026-09-01,Hindalco Industries Ltd,HINDALCO.NS,1023.0,1033.9000244140625,1010.0,1014.4000244140625,2765114
2026-09-02,Hindalco Industries Ltd,HINDALCO.NS,1004.0,1011.2000122070312,998.2000122070312,1009.7000122070312,1902917
2026-09-03,Hindalco Industries Ltd,HINDALCO.NS,1014.5,1022.5,1002.0999755859375,1010.0,1459349
2026-09-04,Hindalco Industries Ltd,HINDALCO.NS,1012.9000244140625,1020.7999877929688,1005.0,1011.0,3682428
2026-09-07,Hindalco Industries Ltd,HINDALCO.NS,1011.0999755859375,1014.7999877929688,999.7999877929688,1006.0,1848438
2026-09-08,Hindalco Industries Ltd,HINDALCO.NS,1014.0,1024.699951171875,1007.5,1009.0,3094146
2026-09-09,Hindalco Industries Ltd,HINDALCO.NS,1013.9000244140625,1032.4000244140625,1010.7000122070312,1026.9000244140625,3255790
2026-09-10,Hindalco Industries Ltd,HINDALCO.NS,1027.5,1029.5,1007.7999877929688,1014.0,2172772
2026-09-11,Hindalco Industries Ltd,HINDALCO.NS,990.0,992.7999877929688,973.0999755859375,981.5,4754493
2026-09-14,Hindalco Industries Ltd,HINDALCO.NS,981.5,981.5,981.5,981.5,0
2026-09-15,Hindalco Industries Ltd,HINDALCO.NS,980.0999755859375,981.0,958.7000122070312,958.7000122070312,2245506
2026-09-16,Hindalco Industries Ltd,HINDALCO.NS,956.4000244140625,978.5,956.4000244140625,972.7000122070312,3439776
2026-09-17,Hindalco Industries Ltd,HINDALCO.NS,972.0,987.2000122070312,970.5,980.5,2724042
2026-09-18,Hindalco Industries Ltd,HINDALCO.NS,982.9000244140625,999.2999877929688,979.4000244140625,986.5,8310236
2026-09-21,Hindalco Industries Ltd,HINDALCO.NS,987.0,993.5,976.0,981.2000122070312,3348127
2026-09-22,Hindalco Industries Ltd,HINDALCO.NS,987.0,987.5,967.0999755859375,973.0,3336085
2026-09-23,Hindalco Industries Ltd,HINDALCO.NS,979.5,1003.7999877929688,978.2000122070312,1003.7999877929688,5158521
2026-09-24,Hindalco Industries Ltd,HINDALCO.NS,983.5,991.9000244140625,976.5,982.0,4331000
2026-09-25,Hindalco Industries Ltd,HINDALCO.NS,979.2000122070312,983.4000244140625,971.2000122070312,977.0,2469481
2026-09-28,Hindalco Industries Ltd,HINDALCO.NS,972.0,972.9000244140625,951.0999755859375,955.9000244140625,3354458
2026-09-29,Hindalco Industries Ltd,HINDALCO.NS,955.9000244140625,963.5,947.0999755859375,955.2000122070312,5092531
2026-09-30,Hindalco Industries Ltd,HINDALCO.NS,950.2000122070312,956.7999877929688,941.0999755859375,941.7999877929688,4420021
2026-10-01,Hindalco Industries Ltd,HINDALCO.NS,935.0,946.6500244140625,923.5,941.8499755859375,5877840
2025-10-03,Hindustan Unilever Ltd,HINDUNILVR.NS,2536.199951171875,2548.60009765625,2508.300048828125,2544.89990234375,1242611
2025-10-06,Hindustan Unilever Ltd,HINDUNILVR.NS,2535.199951171875,2549.60009765625,2520.199951171875,2541.800048828125,818923
2025-10-07,Hindustan Unilever Ltd,HINDUNILVR.NS,2540.0,2559.39990234375,2508.300048828125,2517.199951171875,1291750
2025-10-08,Hindustan Unilever Ltd,HINDUNILVR.NS,2511.0,2525.0,2486.10009765625,2500.10009765625,1225128
2025-10-09,Hindustan Unilever Ltd,HINDUNILVR.NS,2501.0,2523.0,2498.300048828125,2517.60009765625,1259173
2025-10-10,Hindustan Unilever Ltd,HINDUNILVR.NS,2510.0,2534.89990234375,2506.5,2528.89990234375,1018875
2025-10-13,Hindustan Unilever Ltd,HINDUNILVR.NS,2519.199951171875,2531.60009765625,2485.39990234375,2492.800048828125,1114750
2025-10-14,Hindustan Unilever Ltd,HINDUNILVR.NS,2493.0,2509.199951171875,2482.300048828125,2502.300048828125,1461017
2025-10-15,Hindustan Unilever Ltd,HINDUNILVR.NS,2502.60009765625,2531.800048828125,2502.60009765625,2519.0,881070
2025-10-16,Hindustan Unilever Ltd,HINDUNILVR.NS,2517.800048828125,2568.5,2507.10009765625,2561.5,1446646
2025-10-17,Hindustan Unilever Ltd,HINDUNILVR.NS,2565.5,2615.0,2560.0,2603.699951171875,2050690
2025-10-20,Hindustan Unilever Ltd,HINDUNILVR.NS,2609.0,2624.699951171875,2585.60009765625,2594.39990234375,1011485
2025-10-21,Hindustan Unilever Ltd,HINDUNILVR.NS,2594.0,2606.699951171875,2585.10009765625,2591.699951171875,82020
2025-10-23,Hindustan Unilever Ltd,HINDUNILVR.NS,2601.0,2667.199951171875,2596.10009765625,2601.60009765625,3386744
2025-10-24,Hindustan Unilever Ltd,HINDUNILVR.NS,2584.0,2584.0,2474.5,2516.39990234375,3110800
2025-10-27,Hindustan Unilever Ltd,HINDUNILVR.NS,2516.39990234375,2525.0,2506.0,2511.800048828125,2127832
2025-10-28,Hindustan Unilever Ltd,HINDUNILVR.NS,2519.0,2526.0,2481.89990234375,2497.10009765625,2294976
2025-10-29,Hindustan Unilever Ltd,HINDUNILVR.NS,2512.60009765625,2513.60009765625,2484.0,2488.10009765625,1870143
2025-10-30,Hindustan Unilever Ltd,HINDUNILVR.NS,2491.0,2497.0,2454.89990234375,2469.60009765625,1195631
2025-10-31,Hindustan Unilever Ltd,HINDUNILVR.NS,2469.0,2479.5,2452.89990234375,2465.5,1401937
2025-11-03,Hindustan Unilever Ltd,HINDUNILVR.NS,2456.10009765625,2474.89990234375,2440.300048828125,2460.0,1049185
2025-11-04,Hindustan Unilever Ltd,HINDUNILVR.NS,2460.0,2463.300048828125,2441.300048828125,2445.699951171875,1251588
2025-11-06,Hindustan Unilever Ltd,HINDUNILVR.NS,2463.89990234375,2463.89990234375,2432.60009765625,2436.0,1329256
2025-11-07,Hindustan Unilever Ltd,HINDUNILVR.NS,2417.0,2425.0,2400.60009765625,2414.0,817896
2025-11-10,Hindustan Unilever Ltd,HINDUNILVR.NS,2405.0,2429.300048828125,2404.0,2408.800048828125,780558
2025-11-11,Hindustan Unilever Ltd,HINDUNILVR.NS,2422.199951171875,2433.699951171875,2403.10009765625,2427.5,1422399
2025-11-12,Hindustan Unilever Ltd,HINDUNILVR.NS,2430.60009765625,2434.800048828125,2416.199951171875,2424.5,1680827
2025-11-13,Hindustan Unilever Ltd,HINDUNILVR.NS,2429.0,2431.0,2405.0,2407.60009765625,1256059
2025-11-14,Hindustan Unilever Ltd,HINDUNILVR.NS,2405.10009765625,2430.199951171875,2392.0,2427.699951171875,975973
2025-11-17,Hindustan Unilever Ltd,HINDUNILVR.NS,2431.39990234375,2438.39990234375,2416.0,2425.0,920038
2025-11-18,Hindustan Unilever Ltd,HINDUNILVR.NS,2415.800048828125,2422.89990234375,2401.89990234375,2404.0,1229034
2025-11-19,Hindustan Unilever Ltd,HINDUNILVR.NS,2412.0,2450.699951171875,2411.0,2441.60009765625,1465143
2025-11-20,Hindustan Unilever Ltd,HINDUNILVR.NS,2445.10009765625,2459.0,2425.0,2428.39990234375,1396929
2025-11-21,Hindustan Unilever Ltd,HINDUNILVR.NS,2436.199951171875,2443.199951171875,2413.0,2433.699951171875,1840712
2025-11-24,Hindustan Unilever Ltd,HINDUNILVR.NS,2441.89990234375,2444.89990234375,2413.0,2424.199951171875,4092327
2025-11-25,Hindustan Unilever Ltd,HINDUNILVR.NS,2422.0,2424.199951171875,2406.0,2414.10009765625,1240672
2025-11-26,Hindustan Unilever Ltd,HINDUNILVR.NS,2412.0,2427.699951171875,2409.0,2425.199951171875,1242683
2025-11-27,Hindustan Unilever Ltd,HINDUNILVR.NS,2426.10009765625,2459.699951171875,2425.0,2451.699951171875,1872248
2025-11-28,Hindustan Unilever Ltd,HINDUNILVR.NS,2450.0,2470.0,2447.199951171875,2466.60009765625,973225
2025-12-01,Hindustan Unilever Ltd,HINDUNILVR.NS,2466.60009765625,2488.0,2458.800048828125,2464.5,1924828
2025-12-02,Hindustan Unilever Ltd,HINDUNILVR.NS,2471.0,2484.39990234375,2460.0,2477.800048828125,2179406
2025-12-03,Hindustan Unilever Ltd,HINDUNILVR.NS,2478.199951171875,2484.89990234375,2403.10009765625,2448.0,3535932
2025-12-04,Hindustan Unilever Ltd,HINDUNILVR.NS,2440.0,2483.0,2423.199951171875,2462.199951171875,2587753
2025-12-05,Hindustan Unilever Ltd,HINDUNILVR.NS,2422.0,2422.0,2286.699951171875,2338.60009765625,4008271
2025-12-08,Hindustan Unilever Ltd,HINDUNILVR.NS,2350.10009765625,2355.10009765625,2302.0,2314.0,1898154
2025-12-09,Hindustan Unilever Ltd,HINDUNILVR.NS,2318.0,2330.39990234375,2298.10009765625,2306.5,1471488
2025-12-10,Hindustan Unilever Ltd,HINDUNILVR.NS,2306.5,2316.89990234375,2295.0,2301.699951171875,2857290
2025-12-11,Hindustan Unilever Ltd,HINDUNILVR.NS,2296.300048828125,2313.0,2292.0,2305.60009765625,1108032
2025-12-12,Hindustan Unilever Ltd,HINDUNILVR.NS,2306.89990234375,2309.0,2244.699951171875,2260.60009765625,3203114
2025-12-15,Hindustan Unilever Ltd,HINDUNILVR.NS,2260.60009765625,2299.0,2252.0,2293.5,1274115
2025-12-16,Hindustan Unilever Ltd,HINDUNILVR.NS,2293.39990234375,2302.699951171875,2276.0,2281.10009765625,1256042
2025-12-17,Hindustan Unilever Ltd,HINDUNILVR.NS,2281.199951171875,2286.199951171875,2268.300048828125,2275.60009765625,808100
2025-12-18,Hindustan Unilever Ltd,HINDUNILVR.NS,2270.0,2278.300048828125,2255.300048828125,2265.5,1057295
2025-12-19,Hindustan Unilever Ltd,HINDUNILVR.NS,2263.699951171875,2284.800048828125,2263.699951171875,2280.0,1237214
2025-12-22,Hindustan Unilever Ltd,HINDUNILVR.NS,2280.0,2295.0,2280.0,2289.5,790773
2025-12-23,Hindustan Unilever Ltd,HINDUNILVR.NS,2289.300048828125,2310.0,2280.699951171875,2302.60009765625,1128801
2025-12-24,Hindustan Unilever Ltd,HINDUNILVR.NS,2302.60009765625,2305.0,2278.10009765625,2282.199951171875,519380
2025-12-26,Hindustan Unilever Ltd,HINDUNILVR.NS,2282.300048828125,2290.0,2275.0,2285.39990234375,533626
2025-12-29,Hindustan Unilever Ltd,HINDUNILVR.NS,2288.89990234375,2298.699951171875,2280.0,2293.300048828125,1086695
2025-12-30,Hindustan Unilever Ltd,HINDUNILVR.NS,2293.300048828125,2298.0,2283.0,2290.199951171875,1556717
2025-12-31,Hindustan Unilever Ltd,HINDUNILVR.NS,2290.0,2325.5,2286.800048828125,2315.89990234375,1324220
2026-01-01,Hindustan Unilever Ltd,HINDUNILVR.NS,2322.0,2326.0,2300.0,2323.0,758866
2026-01-02,Hindustan Unilever Ltd,HINDUNILVR.NS,2326.0,2357.699951171875,2322.0,2348.0,973413
2026-01-05,Hindustan Unilever Ltd,HINDUNILVR.NS,2341.5,2394.0,2336.39990234375,2384.10009765625,1344113
2026-01-06,Hindustan Unilever Ltd,HINDUNILVR.NS,2398.800048828125,2428.10009765625,2367.800048828125,2424.699951171875,1584720
2026-01-07,Hindustan Unilever Ltd,HINDUNILVR.NS,2416.0,2421.89990234375,2382.0,2399.39990234375,892690
2026-01-08,Hindustan Unilever Ltd,HINDUNILVR.NS,2389.0,2418.10009765625,2368.10009765625,2386.699951171875,1163828
2026-01-09,Hindustan Unilever Ltd,HINDUNILVR.NS,2382.0,2386.0,2361.0,2372.60009765625,1189464
2026-01-12,Hindustan Unilever Ltd,HINDUNILVR.NS,2362.0,2413.89990234375,2361.0,2406.199951171875,1057665
2026-01-13,Hindustan Unilever Ltd,HINDUNILVR.NS,2415.10009765625,2422.199951171875,2365.0,2389.5,1519683
2026-01-14,Hindustan Unilever Ltd,HINDUNILVR.NS,2398.89990234375,2398.89990234375,2341.0,2353.5,1027639
2026-01-15,Hindustan Unilever Ltd,HINDUNILVR.NS,2353.5,2353.5,2353.5,2353.5,0
2026-01-16,Hindustan Unilever Ltd,HINDUNILVR.NS,2370.0,2372.89990234375,2348.89990234375,2360.39990234375,1367606
2026-01-19,Hindustan Unilever Ltd,HINDUNILVR.NS,2353.0,2425.39990234375,2353.0,2413.89990234375,1505238
2026-01-20,Hindustan Unilever Ltd,HINDUNILVR.NS,2423.0,2439.0,2368.5,2379.10009765625,1460806
2026-01-21,Hindustan Unilever Ltd,HINDUNILVR.NS,2379.10009765625,2400.5,2360.0,2368.0,1020245
2026-01-22,Hindustan Unilever Ltd,HINDUNILVR.NS,2368.89990234375,2402.0,2365.699951171875,2390.60009765625,1745964
2026-01-23,Hindustan Unilever Ltd,HINDUNILVR.NS,2400.0,2434.300048828125,2376.800048828125,2409.5,1378097
2026-01-27,Hindustan Unilever Ltd,HINDUNILVR.NS,2412.0,2421.60009765625,2380.5,2400.89990234375,2060117
2026-01-28,Hindustan Unilever Ltd,HINDUNILVR.NS,2403.10009765625,2420.199951171875,2340.60009765625,2378.39990234375,1797593
2026-01-29,Hindustan Unilever Ltd,HINDUNILVR.NS,2370.5,2374.699951171875,2312.0,2352.60009765625,1478536
2026-01-30,Hindustan Unilever Ltd,HINDUNILVR.NS,2341.0,2385.0,2340.0,2373.0,2090462
2026-02-02,Hindustan Unilever Ltd,HINDUNILVR.NS,2356.10009765625,2360.0,2303.0,2357.300048828125,1375089
2026-02-03,Hindustan Unilever Ltd,HINDUNILVR.NS,2390.0,2399.89990234375,2343.300048828125,2368.60009765625,1553270
2026-02-04,Hindustan Unilever Ltd,HINDUNILVR.NS,2360.60009765625,2393.5,2356.800048828125,2371.0,1232755
2026-02-05,Hindustan Unilever Ltd,HINDUNILVR.NS,2362.5,2423.0,2351.60009765625,2354.39990234375,1962066
2026-02-06,Hindustan Unilever Ltd,HINDUNILVR.NS,2354.39990234375,2429.0,2337.5,2424.199951171875,1421995
2026-02-09,Hindustan Unilever Ltd,HINDUNILVR.NS,2425.0,2439.0,2402.0,2435.0,958484
2026-02-10,Hindustan Unilever Ltd,HINDUNILVR.NS,2435.0,2458.10009765625,2430.10009765625,2453.60009765625,792532
2026-02-11,Hindustan Unilever Ltd,HINDUNILVR.NS,2460.0,2470.60009765625,2447.0,2462.89990234375,1137856
2026-02-12,Hindustan Unilever Ltd,HINDUNILVR.NS,2475.0,2479.60009765625,2350.10009765625,2409.699951171875,4656164
2026-02-13,Hindustan Unilever Ltd,HINDUNILVR.NS,2400.0,2400.0,2300.300048828125,2305.199951171875,2791519
2026-02-16,Hindustan Unilever Ltd,HINDUNILVR.NS,2308.10009765625,2327.0,2288.10009765625,2319.0,2036833
2026-02-17,Hindustan Unilever Ltd,HINDUNILVR.NS,2309.300048828125,2326.0,2303.39990234375,2312.300048828125,1233244
2026-02-18,Hindustan Unilever Ltd,HINDUNILVR.NS,2312.60009765625,2328.89990234375,2306.0,2323.5,830787
2026-02-19,Hindustan Unilever Ltd,HINDUNILVR.NS,2336.0,2337.39990234375,2275.60009765625,2279.300048828125,940180
2026-02-20,Hindustan Unilever Ltd,HINDUNILVR.NS,2285.0,2331.199951171875,2278.300048828125,2314.5,1716316
2026-02-23,Hindustan Unilever Ltd,HINDUNILVR.NS,2325.0,2350.0,2320.800048828125,2345.39990234375,1300035
2026-02-24,Hindustan Unilever Ltd,HINDUNILVR.NS,2331.10009765625,2372.0,2330.300048828125,2358.60009765625,1544803
2026-02-25,Hindustan Unilever Ltd,HINDUNILVR.NS,2368.89990234375,2380.0,2349.0,2374.89990234375,1158620
2026-02-26,Hindustan Unilever Ltd,HINDUNILVR.NS,2378.0,2387.300048828125,2355.199951171875,2383.300048828125,1470677
2026-02-27,Hindustan Unilever Ltd,HINDUNILVR.NS,2369.300048828125,2378.89990234375,2330.60009765625,2338.10009765625,3053227
2026-03-02,Hindustan Unilever Ltd,HINDUNILVR.NS,2303.0,2354.0,2290.199951171875,2320.60009765625,2273224
2026-03-04,Hindustan Unilever Ltd,HINDUNILVR.NS,2292.89990234375,2311.60009765625,2252.10009765625,2261.300048828125,2648737
2026-03-05,Hindustan Unilever Ltd,HINDUNILVR.NS,2275.5,2277.800048828125,2228.39990234375,2255.0,1751288
2026-03-06,Hindustan Unilever Ltd,HINDUNILVR.NS,2245.10009765625,2250.0,2219.5,2225.699951171875,1674258
2026-03-09,Hindustan Unilever Ltd,HINDUNILVR.NS,2199.0,2200.0,2170.39990234375,2194.60009765625,1512817
2026-03-10,Hindustan Unilever Ltd,HINDUNILVR.NS,2224.0,2224.0,2175.0,2190.199951171875,1084986
2026-03-11,Hindustan Unilever Ltd,HINDUNILVR.NS,2190.199951171875,2195.0,2156.0,2161.39990234375,1313256
2026-03-12,Hindustan Unilever Ltd,HINDUNILVR.NS,2165.10009765625,2165.10009765625,2109.300048828125,2136.89990234375,1791973
2026-03-13,Hindustan Unilever Ltd,HINDUNILVR.NS,2136.0,2191.89990234375,2120.300048828125,2160.0,2298875
2026-03-16,Hindustan Unilever Ltd,HINDUNILVR.NS,2169.60009765625,2186.699951171875,2154.0,2175.699951171875,1981511
2026-03-17,Hindustan Unilever Ltd,HINDUNILVR.NS,2172.800048828125,2184.800048828125,2145.5,2158.199951171875,1705956
2026-03-18,Hindustan Unilever Ltd,HINDUNILVR.NS,2165.0,2175.0,2129.699951171875,2135.300048828125,2441148
2026-03-19,Hindustan Unilever Ltd,HINDUNILVR.NS,2112.0,2133.60009765625,2070.10009765625,2077.300048828125,2098905
2026-03-20,Hindustan Unilever Ltd,HINDUNILVR.NS,2099.699951171875,2099.800048828125,2069.0,2082.699951171875,2429744
2026-03-23,Hindustan Unilever Ltd,HINDUNILVR.NS,2062.300048828125,2097.0,2033.300048828125,2052.199951171875,2599535
2026-03-24,Hindustan Unilever Ltd,HINDUNILVR.NS,2070.0,2115.0,2066.0,2085.0,1702418
2026-03-25,Hindustan Unilever Ltd,HINDUNILVR.NS,2098.0,2154.699951171875,2086.0,2134.800048828125,2069217
2026-03-27,Hindustan Unilever Ltd,HINDUNILVR.NS,2123.300048828125,2127.0,2069.5,2074.39990234375,2789151
2026-03-30,Hindustan Unilever Ltd,HINDUNILVR.NS,2064.0,2082.39990234375,2046.199951171875,2055.199951171875,2482193
2026-04-01,Hindustan Unilever Ltd,HINDUNILVR.NS,2119.89990234375,2119.89990234375,2052.0,2064.699951171875,2028470
2026-04-02,Hindustan Unilever Ltd,HINDUNILVR.NS,2055.0,2069.89990234375,2022.5,2065.300048828125,1431905
2026-04-06,Hindustan Unilever Ltd,HINDUNILVR.NS,2065.300048828125,2092.800048828125,2041.9000244140625,2084.800048828125,1661298
2026-04-07,Hindustan Unilever Ltd,HINDUNILVR.NS,2064.699951171875,2119.5,2050.800048828125,2110.60009765625,2709707
2026-04-08,Hindustan Unilever Ltd,HINDUNILVR.NS,2130.0,2192.800048828125,2130.0,2145.60009765625,3794437
2026-04-09,Hindustan Unilever Ltd,HINDUNILVR.NS,2145.5,2162.89990234375,2115.0,2133.199951171875,2506245
2026-04-10,Hindustan Unilever Ltd,HINDUNILVR.NS,2133.199951171875,2170.0,2121.39990234375,2155.300048828125,2144484
2026-04-13,Hindustan Unilever Ltd,HINDUNILVR.NS,2131.0,2140.699951171875,2113.5,2127.199951171875,1994541
2026-04-15,Hindustan Unilever Ltd,HINDUNILVR.NS,2140.89990234375,2168.0,2140.89990234375,2157.60009765625,1552971
2026-04-16,Hindustan Unilever Ltd,HINDUNILVR.NS,2158.0,2163.699951171875,2129.10009765625,2139.10009765625,1845734
2026-04-17,Hindustan Unilever Ltd,HINDUNILVR.NS,2142.0,2245.0,2133.0,2240.800048828125,4882697
2026-04-20,Hindustan Unilever Ltd,HINDUNILVR.NS,2240.800048828125,2253.39990234375,2223.199951171875,2231.5,1460822
2026-04-21,Hindustan Unilever Ltd,HINDUNILVR.NS,2238.699951171875,2335.699951171875,2227.199951171875,2310.699951171875,3217281
2026-04-22,Hindustan Unilever Ltd,HINDUNILVR.NS,2310.39990234375,2408.0,2310.39990234375,2368.800048828125,5558325
2026-04-23,Hindustan Unilever Ltd,HINDUNILVR.NS,2336.0,2400.0,2336.0,2366.39990234375,2063531
2026-04-24,Hindustan Unilever Ltd,HINDUNILVR.NS,2388.60009765625,2388.60009765625,2299.0,2327.300048828125,1676706
2026-04-27,Hindustan Unilever Ltd,HINDUNILVR.NS,2334.89990234375,2362.800048828125,2325.0,2328.300048828125,1099681
2026-04-28,Hindustan Unilever Ltd,HINDUNILVR.NS,2321.0,2334.39990234375,2281.10009765625,2289.5,1629120
2026-04-29,Hindustan Unilever Ltd,HINDUNILVR.NS,2305.0,2349.699951171875,2291.0,2314.39990234375,1778765
2026-04-30,Hindustan Unilever Ltd,HINDUNILVR.NS,2312.0,2368.800048828125,2211.60009765625,2250.89990234375,4434979
2026-05-01,Hindustan Unilever Ltd,HINDUNILVR.NS,2250.89990234375,2250.89990234375,2250.89990234375,2250.89990234375,0
2026-05-04,Hindustan Unilever Ltd,HINDUNILVR.NS,2268.800048828125,2365.800048828125,2268.800048828125,2309.300048828125,2554255
2026-05-05,Hindustan Unilever Ltd,HINDUNILVR.NS,2301.5,2335.39990234375,2288.10009765625,2327.39990234375,1741424
2026-05-06,Hindustan Unilever Ltd,HINDUNILVR.NS,2330.0,2339.39990234375,2288.300048828125,2317.10009765625,1196175
2026-05-07,Hindustan Unilever Ltd,HINDUNILVR.NS,2310.0,2327.89990234375,2268.10009765625,2272.199951171875,1859012
2026-05-08,Hindustan Unilever Ltd,HINDUNILVR.NS,2272.199951171875,2297.300048828125,2256.0,2287.699951171875,1104526
2026-05-11,Hindustan Unilever Ltd,HINDUNILVR.NS,2277.10009765625,2317.10009765625,2259.199951171875,2307.199951171875,1903862
2026-05-12,Hindustan Unilever Ltd,HINDUNILVR.NS,2285.300048828125,2307.0,2256.0,2262.0,983506
2026-05-13,Hindustan Unilever Ltd,HINDUNILVR.NS,2265.0,2295.800048828125,2250.0,2267.300048828125,1308559
2026-05-14,Hindustan Unilever Ltd,HINDUNILVR.NS,2268.0,2285.89990234375,2245.0,2248.699951171875,1380764
2026-05-15,Hindustan Unilever Ltd,HINDUNILVR.NS,2248.699951171875,2298.89990234375,2246.199951171875,2272.199951171875,1038522
2026-05-18,Hindustan Unilever Ltd,HINDUNILVR.NS,2263.10009765625,2265.0,2224.699951171875,2254.199951171875,1118204
2026-05-19,Hindustan Unilever Ltd,HINDUNILVR.NS,2242.0,2282.0,2229.5,2232.89990234375,1145022
2026-05-20,Hindustan Unilever Ltd,HINDUNILVR.NS,2224.89990234375,2226.89990234375,2201.0,2209.300048828125,1071994
2026-05-21,Hindustan Unilever Ltd,HINDUNILVR.NS,2224.0,2229.0,2176.0,2179.0,1581812
2026-05-22,Hindustan Unilever Ltd,HINDUNILVR.NS,2180.0,2224.5,2175.39990234375,2203.60009765625,1382889
2026-05-25,Hindustan Unilever Ltd,HINDUNILVR.NS,2215.0,2238.10009765625,2192.89990234375,2196.5,780722
2026-05-26,Hindustan Unilever Ltd,HINDUNILVR.NS,2199.60009765625,2220.0,2190.0,2209.39990234375,2302703
2026-05-27,Hindustan Unilever Ltd,HINDUNILVR.NS,2205.10009765625,2214.60009765625,2187.0,2198.39990234375,616538
2026-05-28,Hindustan Unilever Ltd,HINDUNILVR.NS,2198.39990234375,2198.39990234375,2198.39990234375,2198.39990234375,0
2026-05-29,Hindustan Unilever Ltd,HINDUNILVR.NS,2133.5,2207.800048828125,2118.10009765625,2153.5,17701621
2026-06-01,Hindustan Unilever Ltd,HINDUNILVR.NS,2158.5,2167.5,2080.300048828125,2084.300048828125,1470488
2026-06-02,Hindustan Unilever Ltd,HINDUNILVR.NS,2079.0,2097.0,2065.699951171875,2093.699951171875,2148903
2026-06-03,Hindustan Unilever Ltd,HINDUNILVR.NS,2092.0,2099.60009765625,2072.199951171875,2090.60009765625,1544973
2026-06-04,Hindustan Unilever Ltd,HINDUNILVR.NS,2089.0,2110.89990234375,2073.5,2079.39990234375,2142735
2026-06-05,Hindustan Unilever Ltd,HINDUNILVR.NS,2086.699951171875,2127.5,2077.199951171875,2121.5,1822999
2026-06-08,Hindustan Unilever Ltd,HINDUNILVR.NS,2105.300048828125,2125.0,2091.5,2110.10009765625,1601497
2026-06-09,Hindustan Unilever Ltd,HINDUNILVR.NS,2119.699951171875,2138.60009765625,2110.10009765625,2132.800048828125,1460636
2026-06-10,Hindustan Unilever Ltd,HINDUNILVR.NS,2134.89990234375,2204.89990234375,2133.5,2169.5,2325534
2026-06-11,Hindustan Unilever Ltd,HINDUNILVR.NS,2164.0,2165.0,2135.300048828125,2139.800048828125,1178896
2026-06-12,Hindustan Unilever Ltd,HINDUNILVR.NS,2151.199951171875,2179.39990234375,2145.0,2168.800048828125,1156153
2026-06-15,Hindustan Unilever Ltd,HINDUNILVR.NS,2200.0,2211.0,2150.0,2156.10009765625,1439449
2026-06-16,Hindustan Unilever Ltd,HINDUNILVR.NS,2161.0,2209.0,2160.10009765625,2199.89990234375,1337309
2026-06-17,Hindustan Unilever Ltd,HINDUNILVR.NS,2201.10009765625,2224.60009765625,2183.0,2197.60009765625,1511401
2026-06-18,Hindustan Unilever Ltd,HINDUNILVR.NS,2208.699951171875,2221.60009765625,2196.800048828125,2218.5,1120482
2026-06-19,Hindustan Unilever Ltd,HINDUNILVR.NS,2209.60009765625,2210.60009765625,2179.89990234375,2194.60009765625,1508994
2026-06-22,Hindustan Unilever Ltd,HINDUNILVR.NS,2203.699951171875,2208.199951171875,2182.5,2184.89990234375,765860
2026-06-23,Hindustan Unilever Ltd,HINDUNILVR.NS,2160.10009765625,2179.699951171875,2156.0,2160.10009765625,710082
2026-06-24,Hindustan Unilever Ltd,HINDUNILVR.NS,2160.0,2166.0,2140.0,2157.800048828125,942271
2026-06-25,Hindustan Unilever Ltd,HINDUNILVR.NS,2161.0,2200.89990234375,2161.0,2174.199951171875,1898262
2026-06-26,Hindustan Unilever Ltd,HINDUNILVR.NS,2174.199951171875,2174.199951171875,2174.199951171875,2174.199951171875,0
2026-06-29,Hindustan Unilever Ltd,HINDUNILVR.NS,2172.0,2189.89990234375,2143.0,2151.300048828125,1423514
2026-06-30,Hindustan Unilever Ltd,HINDUNILVR.NS,2151.0,2151.300048828125,2114.199951171875,2118.199951171875,2364422
2026-07-01,Hindustan Unilever Ltd,HINDUNILVR.NS,2133.5,2190.0,2120.199951171875,2182.0,2497576
2026-07-02,Hindustan Unilever Ltd,HINDUNILVR.NS,2186.0,2216.0,2179.199951171875,2210.60009765625,2585362
2026-07-03,Hindustan Unilever Ltd,HINDUNILVR.NS,2224.89990234375,2239.300048828125,2190.0,2201.199951171875,1536616
2026-07-06,Hindustan Unilever Ltd,HINDUNILVR.NS,2202.10009765625,2221.39990234375,2190.300048828125,2202.0,2131061
2026-07-07,Hindustan Unilever Ltd,HINDUNILVR.NS,2200.0,2219.39990234375,2193.699951171875,2208.800048828125,2552492
2026-07-08,Hindustan Unilever Ltd,HINDUNILVR.NS,2199.0,2199.0,2130.0,2135.800048828125,1326689
2026-07-09,Hindustan Unilever Ltd,HINDUNILVR.NS,2139.0,2166.800048828125,2137.10009765625,2144.5,2201039
2026-07-10,Hindustan Unilever Ltd,HINDUNILVR.NS,2151.5,2178.0,2145.0,2150.60009765625,1665179
2026-07-13,Hindustan Unilever Ltd,HINDUNILVR.NS,2143.0,2143.0,2120.0,2130.60009765625,1833988
2026-07-14,Hindustan Unilever Ltd,HINDUNILVR.NS,2125.0,2145.0,2116.10009765625,2120.199951171875,2681897
2026-07-15,Hindustan Unilever Ltd,HINDUNILVR.NS,2121.0,2128.5,2091.0,2102.60009765625,2029614
2026-07-16,Hindustan Unilever Ltd,HINDUNILVR.NS,2104.89990234375,2123.0,2096.0,2098.39990234375,2143092
2026-07-17,Hindustan Unilever Ltd,HINDUNILVR.NS,2100.0,2154.5,2092.10009765625,2143.800048828125,1059832
2026-07-20,Hindustan Unilever Ltd,HINDUNILVR.NS,2153.800048828125,2153.800048828125,2128.39990234375,2139.699951171875,689849
2026-07-21,Hindustan Unilever Ltd,HINDUNILVR.NS,2139.699951171875,2147.699951171875,2127.5,2142.5,1032417
2026-07-22,Hindustan Unilever Ltd,HINDUNILVR.NS,2139.699951171875,2159.89990234375,2130.0,2154.60009765625,819175
2026-07-23,Hindustan Unilever Ltd,HINDUNILVR.NS,2150.0,2166.0,2139.89990234375,2161.800048828125,833281
2026-07-24,Hindustan Unilever Ltd,HINDUNILVR.NS,2148.0,2163.0,2139.0,2145.0,1603494
2026-07-27,Hindustan Unilever Ltd,HINDUNILVR.NS,2155.0,2181.300048828125,2152.39990234375,2174.60009765625,698681
2026-07-28,Hindustan Unilever Ltd,HINDUNILVR.NS,2174.60009765625,2213.0,2016.0,2022.699951171875,9947304
2026-07-29,Hindustan Unilever Ltd,HINDUNILVR.NS,2050.5,2123.0,2047.0,2117.800048828125,5183374
2026-07-30,Hindustan Unilever Ltd,HINDUNILVR.NS,2120.0,2132.60009765625,2088.0,2107.89990234375,2602039
2026-07-31,Hindustan Unilever Ltd,HINDUNILVR.NS,2119.60009765625,2119.60009765625,2091.10009765625,2101.300048828125,1759019
2026-08-03,Hindustan Unilever Ltd,HINDUNILVR.NS,2107.0,2138.0,2105.300048828125,2138.0,740649
2026-08-04,Hindustan Unilever Ltd,HINDUNILVR.NS,2119.10009765625,2119.10009765625,2070.199951171875,2096.5,1657094
2026-08-05,Hindustan Unilever Ltd,HINDUNILVR.NS,2085.300048828125,2097.800048828125,2074.199951171875,2085.300048828125,1150148
2026-08-06,Hindustan Unilever Ltd,HINDUNILVR.NS,2081.0,2094.0,2075.199951171875,2079.5,1160270
2026-08-07,Hindustan Unilever Ltd,HINDUNILVR.NS,2083.10009765625,2099.39990234375,2077.199951171875,2096.0,1054665
2026-08-10,Hindustan Unilever Ltd,HINDUNILVR.NS,2096.0,2097.0,2076.0,2087.199951171875,1118008
2026-08-11,Hindustan Unilever Ltd,HINDUNILVR.NS,2086.0,2086.5,2063.800048828125,2064.89990234375,956661
2026-08-12,Hindustan Unilever Ltd,HINDUNILVR.NS,2065.0,2072.10009765625,2050.10009765625,2063.0,995523
2026-08-13,Hindustan Unilever Ltd,HINDUNILVR.NS,2063.0,2092.0,2052.89990234375,2092.0,1186057
2026-08-14,Hindustan Unilever Ltd,HINDUNILVR.NS,2089.0,2090.89990234375,2066.39990234375,2077.0,1148419
2026-08-17,Hindustan Unilever Ltd,HINDUNILVR.NS,2070.89990234375,2076.0,2055.0,2055.0,1024288
2026-08-18,Hindustan Unilever Ltd,HINDUNILVR.NS,2055.0,2060.0,2034.9000244140625,2035.0,1234596
2026-08-19,Hindustan Unilever Ltd,HINDUNILVR.NS,2035.0,2041.699951171875,2008.300048828125,2020.699951171875,1449442
2026-08-20,Hindustan Unilever Ltd,HINDUNILVR.NS,2022.9000244140625,2043.5999755859375,2018.199951171875,2028.0,1401471
2026-08-21,Hindustan Unilever Ltd,HINDUNILVR.NS,2028.0,2034.699951171875,2012.0,2015.0,857550
2026-08-24,Hindustan Unilever Ltd,HINDUNILVR.NS,2019.9000244140625,2030.0,2006.199951171875,2030.0,891171
2026-08-25,Hindustan Unilever Ltd,HINDUNILVR.NS,2024.0,2029.199951171875,2012.0,2024.199951171875,1019583
2026-08-26,Hindustan Unilever Ltd,HINDUNILVR.NS,2030.300048828125,2051.89990234375,2021.0,2021.0,765343
2026-08-27,Hindustan Unilever Ltd,HINDUNILVR.NS,2020.0,2028.0,2004.300048828125,2009.0,989046
2026-08-28,Hindustan Unilever Ltd,HINDUNILVR.NS,2018.0,2018.0,1997.5,2010.4000244140625,933212
2026-08-31,Hindustan Unilever Ltd,HINDUNILVR.NS,2001.0999755859375,2008.5999755859375,1967.4000244140625,1967.4000244140625,1800025
2026-09-01,Hindustan Unilever Ltd,HINDUNILVR.NS,1987.0,2003.0,1980.0,1994.800048828125,922778
2026-09-02,Hindustan Unilever Ltd,HINDUNILVR.NS,1983.0,1983.800048828125,1962.300048828125,1975.0,1497019
2026-09-03,Hindustan Unilever Ltd,HINDUNILVR.NS,1978.9000244140625,1978.9000244140625,1959.9000244140625,1962.0,1638341
2026-09-04,Hindustan Unilever Ltd,HINDUNILVR.NS,1967.0,1984.199951171875,1950.4000244140625,1973.4000244140625,2247162
2026-09-07,Hindustan Unilever Ltd,HINDUNILVR.NS,1972.0,1974.199951171875,1958.0,1960.0,713057
2026-09-08,Hindustan Unilever Ltd,HINDUNILVR.NS,1967.0,1990.800048828125,1956.699951171875,1980.0,1256067
2026-09-09,Hindustan Unilever Ltd,HINDUNILVR.NS,1973.0,1979.5999755859375,1936.0,1945.0,1455307
2026-09-10,Hindustan Unilever Ltd,HINDUNILVR.NS,1940.0,1950.0,1936.0,1942.300048828125,1232506
2026-09-11,Hindustan Unilever Ltd,HINDUNILVR.NS,1930.5,1946.5999755859375,1926.199951171875,1927.0,1100313
2026-09-14,Hindustan Unilever Ltd,HINDUNILVR.NS,1927.0,1927.0,1927.0,1927.0,0
2026-09-15,Hindustan Unilever Ltd,HINDUNILVR.NS,1944.0,1969.4000244140625,1933.800048828125,1938.0999755859375,1715702
2026-09-16,Hindustan Unilever Ltd,HINDUNILVR.NS,1944.0999755859375,1977.0,1943.5,1962.0,1013304
2026-09-17,Hindustan Unilever Ltd,HINDUNILVR.NS,1962.0,1968.9000244140625,1942.199951171875,1942.199951171875,1171388
2026-09-18,Hindustan Unilever Ltd,HINDUNILVR.NS,1950.0,1959.5999755859375,1932.0,1932.0,1994635
2026-09-21,Hindustan Unilever Ltd,HINDUNILVR.NS,1940.0,1966.5999755859375,1939.0,1947.0,864547
2026-09-22,Hindustan Unilever Ltd,HINDUNILVR.NS,1952.0,1956.800048828125,1933.800048828125,1933.800048828125,1023040
2026-09-23,Hindustan Unilever Ltd,HINDUNILVR.NS,1938.0,1954.0,1936.0,1950.0,870342
2026-09-24,Hindustan Unilever Ltd,HINDUNILVR.NS,1940.0,1953.0,1925.5,1933.5,1257687
2026-09-25,Hindustan Unilever Ltd,HINDUNILVR.NS,1933.5,1942.9000244140625,1915.0,1942.9000244140625,732074
2026-09-28,Hindustan Unilever Ltd,HINDUNILVR.NS,1932.0999755859375,1933.199951171875,1893.199951171875,1896.0,1852879
2026-09-29,Hindustan Unilever Ltd,HINDUNILVR.NS,1896.0,1898.9000244140625,1863.800048828125,1863.800048828125,2057852
2026-09-30,Hindustan Unilever Ltd,HINDUNILVR.NS,1871.4000244140625,1889.5999755859375,1865.199951171875,1879.0999755859375,1430335
2026-10-01,Hindustan Unilever Ltd,HINDUNILVR.NS,1870.0999755859375,1873.5999755859375,1826.9000244140625,1836.0,1331680
2025-10-03,ICICI Bank Ltd,ICICIBANK.NS,1371.9000244140625,1371.9000244140625,1361.300048828125,1365.199951171875,12163695
2025-10-06,ICICI Bank Ltd,ICICIBANK.NS,1371.0,1372.5999755859375,1359.0999755859375,1363.4000244140625,14314283
2025-10-07,ICICI Bank Ltd,ICICIBANK.NS,1363.5999755859375,1383.0999755859375,1363.5999755859375,1375.9000244140625,16126464
2025-10-08,ICICI Bank Ltd,ICICIBANK.NS,1372.300048828125,1381.5999755859375,1364.300048828125,1370.300048828125,8100832
2025-10-09,ICICI Bank Ltd,ICICIBANK.NS,1369.800048828125,1378.699951171875,1365.0999755859375,1376.199951171875,7909575
2025-10-10,ICICI Bank Ltd,ICICIBANK.NS,1370.300048828125,1385.0,1370.300048828125,1380.300048828125,7673816
2025-10-13,ICICI Bank Ltd,ICICIBANK.NS,1373.0999755859375,1386.4000244140625,1373.0999755859375,1379.4000244140625,8923018
2025-10-14,ICICI Bank Ltd,ICICIBANK.NS,1389.0,1389.0,1375.0999755859375,1384.0999755859375,10610855
2025-10-15,ICICI Bank Ltd,ICICIBANK.NS,1386.5,1400.4000244140625,1385.5,1398.4000244140625,8988550
2025-10-16,ICICI Bank Ltd,ICICIBANK.NS,1401.0,1418.9000244140625,1399.4000244140625,1417.300048828125,12185032
2025-10-17,ICICI Bank Ltd,ICICIBANK.NS,1412.0,1439.5999755859375,1410.9000244140625,1436.5999755859375,17037215
2025-10-20,ICICI Bank Ltd,ICICIBANK.NS,1442.0,1445.0,1389.199951171875,1390.300048828125,23330227
2025-10-21,ICICI Bank Ltd,ICICIBANK.NS,1384.5,1387.5999755859375,1375.9000244140625,1382.0,3415560
2025-10-23,ICICI Bank Ltd,ICICIBANK.NS,1385.0,1389.800048828125,1360.0999755859375,1363.699951171875,21124942
2025-10-24,ICICI Bank Ltd,ICICIBANK.NS,1368.0999755859375,1381.5999755859375,1368.0999755859375,1377.699951171875,10570263
2025-10-27,ICICI Bank Ltd,ICICIBANK.NS,1382.0999755859375,1386.800048828125,1374.0,1377.5999755859375,11499836
2025-10-28,ICICI Bank Ltd,ICICIBANK.NS,1373.0,1375.800048828125,1356.199951171875,1363.0999755859375,26477914
2025-10-29,ICICI Bank Ltd,ICICIBANK.NS,1364.5999755859375,1371.699951171875,1358.4000244140625,1370.4000244140625,16129382
2025-10-30,ICICI Bank Ltd,ICICIBANK.NS,1362.4000244140625,1370.199951171875,1361.300048828125,1362.4000244140625,9324401
2025-10-31,ICICI Bank Ltd,ICICIBANK.NS,1357.0,1362.0,1343.300048828125,1345.300048828125,15926798
2025-11-03,ICICI Bank Ltd,ICICIBANK.NS,1340.5,1351.5999755859375,1337.9000244140625,1346.4000244140625,11071450
2025-11-04,ICICI Bank Ltd,ICICIBANK.NS,1342.5999755859375,1349.800048828125,1333.199951171875,1336.9000244140625,15211183
2025-11-06,ICICI Bank Ltd,ICICIBANK.NS,1330.0,1342.199951171875,1317.4000244140625,1320.4000244140625,24221853
2025-11-07,ICICI Bank Ltd,ICICIBANK.NS,1320.4000244140625,1344.300048828125,1318.5999755859375,1343.0,7719245
2025-11-10,ICICI Bank Ltd,ICICIBANK.NS,1342.9000244140625,1349.5999755859375,1341.0,1348.0,8542340
2025-11-11,ICICI Bank Ltd,ICICIBANK.NS,1349.0,1360.4000244140625,1346.199951171875,1358.300048828125,8305184
2025-11-12,ICICI Bank Ltd,ICICIBANK.NS,1370.0,1370.0,1355.4000244140625,1358.9000244140625,9736761
2025-11-13,ICICI Bank Ltd,ICICIBANK.NS,1358.9000244140625,1390.4000244140625,1358.5,1385.9000244140625,18296626
2025-11-14,ICICI Bank Ltd,ICICIBANK.NS,1374.0,1381.199951171875,1363.199951171875,1373.0,9694498
2025-11-17,ICICI Bank Ltd,ICICIBANK.NS,1375.0999755859375,1382.5,1373.5999755859375,1379.0,7660717
2025-11-18,ICICI Bank Ltd,ICICIBANK.NS,1380.199951171875,1382.800048828125,1369.0999755859375,1373.4000244140625,9529560
2025-11-19,ICICI Bank Ltd,ICICIBANK.NS,1373.5,1384.0,1371.5999755859375,1383.0999755859375,10393918
2025-11-20,ICICI Bank Ltd,ICICIBANK.NS,1380.0999755859375,1388.300048828125,1375.4000244140625,1383.0,10131863
2025-11-21,ICICI Bank Ltd,ICICIBANK.NS,1373.0,1376.0,1364.5999755859375,1369.5,11483595
2025-11-24,ICICI Bank Ltd,ICICIBANK.NS,1373.300048828125,1377.0,1361.5,1368.4000244140625,15896003
2025-11-25,ICICI Bank Ltd,ICICIBANK.NS,1365.0,1376.9000244140625,1354.300048828125,1357.800048828125,12235000
2025-11-26,ICICI Bank Ltd,ICICIBANK.NS,1360.0,1377.0,1359.9000244140625,1375.0,9659004
2025-11-27,ICICI Bank Ltd,ICICIBANK.NS,1379.0,1394.0,1375.699951171875,1392.199951171875,15158741
2025-11-28,ICICI Bank Ltd,ICICIBANK.NS,1392.0,1398.5,1385.5999755859375,1388.800048828125,7683986
2025-12-01,ICICI Bank Ltd,ICICIBANK.NS,1394.0,1400.0,1385.4000244140625,1390.0999755859375,8867593
2025-12-02,ICICI Bank Ltd,ICICIBANK.NS,1381.800048828125,1381.800048828125,1370.5999755859375,1373.0,12126396
2025-12-03,ICICI Bank Ltd,ICICIBANK.NS,1367.0,1394.199951171875,1367.0,1391.5,7955933
2025-12-04,ICICI Bank Ltd,ICICIBANK.NS,1387.0,1391.5999755859375,1379.9000244140625,1386.699951171875,7373909
2025-12-05,ICICI Bank Ltd,ICICIBANK.NS,1381.0,1395.300048828125,1381.0,1392.5,4942638
2025-12-08,ICICI Bank Ltd,ICICIBANK.NS,1387.0,1394.9000244140625,1383.300048828125,1389.5999755859375,7826227
2025-12-09,ICICI Bank Ltd,ICICIBANK.NS,1379.9000244140625,1384.300048828125,1373.4000244140625,1375.199951171875,10492030
2025-12-10,ICICI Bank Ltd,ICICIBANK.NS,1377.9000244140625,1379.4000244140625,1357.9000244140625,1363.5999755859375,8725381
2025-12-11,ICICI Bank Ltd,ICICIBANK.NS,1363.699951171875,1366.5999755859375,1352.800048828125,1360.0,6734750
2025-12-12,ICICI Bank Ltd,ICICIBANK.NS,1368.0,1370.699951171875,1363.300048828125,1366.0,3890885
2025-12-15,ICICI Bank Ltd,ICICIBANK.NS,1356.0999755859375,1370.0,1356.0999755859375,1365.199951171875,5342530
2025-12-16,ICICI Bank Ltd,ICICIBANK.NS,1364.0,1368.699951171875,1355.5,1366.0,12359741
2025-12-17,ICICI Bank Ltd,ICICIBANK.NS,1365.0,1365.0,1343.0999755859375,1352.4000244140625,9440391
2025-12-18,ICICI Bank Ltd,ICICIBANK.NS,1346.300048828125,1369.5,1345.5,1356.800048828125,7314573
2025-12-19,ICICI Bank Ltd,ICICIBANK.NS,1354.0,1360.4000244140625,1350.800048828125,1354.0999755859375,14318512
2025-12-22,ICICI Bank Ltd,ICICIBANK.NS,1358.0,1371.300048828125,1354.800048828125,1368.5,9375294
2025-12-23,ICICI Bank Ltd,ICICIBANK.NS,1361.0999755859375,1365.0,1357.0,1363.0,9105467
2025-12-24,ICICI Bank Ltd,ICICIBANK.NS,1363.800048828125,1368.199951171875,1357.5999755859375,1359.800048828125,8955140
2025-12-26,ICICI Bank Ltd,ICICIBANK.NS,1356.5,1362.0,1348.5,1350.4000244140625,2812144
2025-12-29,ICICI Bank Ltd,ICICIBANK.NS,1352.0999755859375,1355.699951171875,1341.5,1343.300048828125,6057201
2025-12-30,ICICI Bank Ltd,ICICIBANK.NS,1343.300048828125,1347.0999755859375,1338.0999755859375,1342.5,18621277
2025-12-31,ICICI Bank Ltd,ICICIBANK.NS,1342.800048828125,1350.0,1339.5,1342.9000244140625,6150634
2026-01-01,ICICI Bank Ltd,ICICIBANK.NS,1343.9000244140625,1348.4000244140625,1336.0,1338.0,4179311
2026-01-02,ICICI Bank Ltd,ICICIBANK.NS,1338.0,1356.9000244140625,1336.300048828125,1355.4000244140625,8226205
2026-01-05,ICICI Bank Ltd,ICICIBANK.NS,1354.199951171875,1375.5,1352.5999755859375,1371.5,6920565
2026-01-06,ICICI Bank Ltd,ICICIBANK.NS,1372.0,1413.5999755859375,1366.0,1411.199951171875,17260416
2026-01-07,ICICI Bank Ltd,ICICIBANK.NS,1408.0,1429.9000244140625,1404.199951171875,1427.699951171875,15813795
2026-01-08,ICICI Bank Ltd,ICICIBANK.NS,1429.0,1442.199951171875,1423.300048828125,1435.0,14861699
2026-01-09,ICICI Bank Ltd,ICICIBANK.NS,1427.0999755859375,1429.5,1401.5,1404.300048828125,12555636
2026-01-12,ICICI Bank Ltd,ICICIBANK.NS,1399.9000244140625,1424.300048828125,1391.699951171875,1413.0999755859375,10923811
2026-01-13,ICICI Bank Ltd,ICICIBANK.NS,1420.0,1441.800048828125,1411.0999755859375,1437.0,14295581
2026-01-14,ICICI Bank Ltd,ICICIBANK.NS,1425.5999755859375,1443.9000244140625,1414.9000244140625,1418.4000244140625,13832255
2026-01-15,ICICI Bank Ltd,ICICIBANK.NS,1418.4000244140625,1418.4000244140625,1418.4000244140625,1418.4000244140625,0
2026-01-16,ICICI Bank Ltd,ICICIBANK.NS,1417.9000244140625,1429.0,1400.199951171875,1410.800048828125,12530886
2026-01-19,ICICI Bank Ltd,ICICIBANK.NS,1399.9000244140625,1400.0,1360.0,1380.5999755859375,23302883
2026-01-20,ICICI Bank Ltd,ICICIBANK.NS,1374.699951171875,1387.800048828125,1371.5,1375.800048828125,15012785
2026-01-21,ICICI Bank Ltd,ICICIBANK.NS,1367.5,1371.5,1339.5,1349.0,21766068
2026-01-22,ICICI Bank Ltd,ICICIBANK.NS,1355.0999755859375,1358.0,1338.0,1345.5,17179765
2026-01-23,ICICI Bank Ltd,ICICIBANK.NS,1340.5,1355.199951171875,1335.699951171875,1343.4000244140625,14056524
2026-01-27,ICICI Bank Ltd,ICICIBANK.NS,1340.0,1369.0999755859375,1328.5999755859375,1361.4000244140625,25263634
2026-01-28,ICICI Bank Ltd,ICICIBANK.NS,1362.5999755859375,1380.4000244140625,1362.5999755859375,1367.699951171875,13242696
2026-01-29,ICICI Bank Ltd,ICICIBANK.NS,1359.0,1387.699951171875,1354.4000244140625,1383.5999755859375,23118234
2026-01-30,ICICI Bank Ltd,ICICIBANK.NS,1368.199951171875,1381.9000244140625,1353.199951171875,1355.0,24013717
2026-02-02,ICICI Bank Ltd,ICICIBANK.NS,1329.9000244140625,1354.4000244140625,1329.0999755859375,1352.800048828125,12800245
2026-02-03,ICICI Bank Ltd,ICICIBANK.NS,1412.0,1417.0,1373.4000244140625,1389.699951171875,24896698
2026-02-04,ICICI Bank Ltd,ICICIBANK.NS,1387.0,1414.0,1386.9000244140625,1408.4000244140625,11080683
2026-02-05,ICICI Bank Ltd,ICICIBANK.NS,1414.0,1414.0,1393.199951171875,1396.5,8982761
2026-02-06,ICICI Bank Ltd,ICICIBANK.NS,1396.699951171875,1410.5,1394.699951171875,1406.0999755859375,10851190
2026-02-09,ICICI Bank Ltd,ICICIBANK.NS,1413.5,1414.0,1388.800048828125,1396.300048828125,7889742
2026-02-10,ICICI Bank Ltd,ICICIBANK.NS,1401.0,1409.5,1395.5,1406.5,16497628
2026-02-11,ICICI Bank Ltd,ICICIBANK.NS,1407.4000244140625,1413.0,1400.4000244140625,1406.0999755859375,8551341
2026-02-12,ICICI Bank Ltd,ICICIBANK.NS,1406.0999755859375,1433.0,1405.300048828125,1430.0,19646265
2026-02-13,ICICI Bank Ltd,ICICIBANK.NS,1425.300048828125,1434.4000244140625,1410.699951171875,1414.5999755859375,12228083
2026-02-16,ICICI Bank Ltd,ICICIBANK.NS,1404.0,1414.0,1400.5,1411.5999755859375,5000042
2026-02-17,ICICI Bank Ltd,ICICIBANK.NS,1406.199951171875,1413.5999755859375,1393.5999755859375,1407.5,11756187
2026-02-18,ICICI Bank Ltd,ICICIBANK.NS,1410.0999755859375,1412.300048828125,1398.9000244140625,1408.199951171875,4758071
2026-02-19,ICICI Bank Ltd,ICICIBANK.NS,1408.5,1412.300048828125,1384.800048828125,1388.800048828125,14323091
2026-02-20,ICICI Bank Ltd,ICICIBANK.NS,1388.5,1403.699951171875,1384.0,1394.5,10337877
2026-02-23,ICICI Bank Ltd,ICICIBANK.NS,1400.0,1408.300048828125,1395.300048828125,1399.4000244140625,10728445
2026-02-24,ICICI Bank Ltd,ICICIBANK.NS,1400.9000244140625,1400.9000244140625,1382.300048828125,1384.800048828125,18274784
2026-02-25,ICICI Bank Ltd,ICICIBANK.NS,1391.800048828125,1407.4000244140625,1388.199951171875,1400.5,16297015
2026-02-26,ICICI Bank Ltd,ICICIBANK.NS,1405.0999755859375,1410.0,1392.0999755859375,1404.9000244140625,27288792
2026-02-27,ICICI Bank Ltd,ICICIBANK.NS,1400.0,1402.199951171875,1376.699951171875,1378.9000244140625,15096898
2026-03-02,ICICI Bank Ltd,ICICIBANK.NS,1355.0,1379.199951171875,1355.0,1374.0,16928683
2026-03-04,ICICI Bank Ltd,ICICIBANK.NS,1326.0,1376.0,1326.0,1365.4000244140625,20009132
2026-03-05,ICICI Bank Ltd,ICICIBANK.NS,1368.9000244140625,1370.800048828125,1347.5999755859375,1357.5999755859375,17590491
2026-03-06,ICICI Bank Ltd,ICICIBANK.NS,1339.0,1357.5999755859375,1310.4000244140625,1313.4000244140625,22778852
2026-03-09,ICICI Bank Ltd,ICICIBANK.NS,1272.699951171875,1282.699951171875,1251.0999755859375,1278.4000244140625,16116652
2026-03-10,ICICI Bank Ltd,ICICIBANK.NS,1287.5999755859375,1315.0,1285.5999755859375,1311.9000244140625,19136143
2026-03-11,ICICI Bank Ltd,ICICIBANK.NS,1300.0,1306.5,1290.9000244140625,1294.5999755859375,13224259
2026-03-12,ICICI Bank Ltd,ICICIBANK.NS,1275.699951171875,1280.5,1258.300048828125,1266.5,19676187
2026-03-13,ICICI Bank Ltd,ICICIBANK.NS,1251.9000244140625,1262.300048828125,1248.699951171875,1254.800048828125,17344394
2026-03-16,ICICI Bank Ltd,ICICIBANK.NS,1255.0,1276.800048828125,1240.0999755859375,1272.9000244140625,22740688
2026-03-17,ICICI Bank Ltd,ICICIBANK.NS,1278.9000244140625,1294.4000244140625,1273.0,1288.699951171875,22303102
2026-03-18,ICICI Bank Ltd,ICICIBANK.NS,1286.0,1297.0999755859375,1270.800048828125,1289.300048828125,12961135
2026-03-19,ICICI Bank Ltd,ICICIBANK.NS,1267.5999755859375,1285.9000244140625,1243.699951171875,1250.0999755859375,14422899
2026-03-20,ICICI Bank Ltd,ICICIBANK.NS,1258.4000244140625,1274.0,1241.699951171875,1245.4000244140625,16421006
2026-03-23,ICICI Bank Ltd,ICICIBANK.NS,1226.5999755859375,1234.9000244140625,1218.0999755859375,1222.699951171875,17049534
2026-03-24,ICICI Bank Ltd,ICICIBANK.NS,1237.0999755859375,1253.9000244140625,1223.699951171875,1251.199951171875,20617782
2026-03-25,ICICI Bank Ltd,ICICIBANK.NS,1258.9000244140625,1272.9000244140625,1254.4000244140625,1259.699951171875,17290030
2026-03-27,ICICI Bank Ltd,ICICIBANK.NS,1256.0,1260.9000244140625,1230.0999755859375,1233.800048828125,23630905
2026-03-30,ICICI Bank Ltd,ICICIBANK.NS,1216.5,1222.5999755859375,1200.4000244140625,1205.9000244140625,23952775
2026-04-01,ICICI Bank Ltd,ICICIBANK.NS,1228.0999755859375,1234.0,1210.0,1212.699951171875,25472333
2026-04-02,ICICI Bank Ltd,ICICIBANK.NS,1196.0,1222.0999755859375,1187.5999755859375,1215.800048828125,20851722
2026-04-06,ICICI Bank Ltd,ICICIBANK.NS,1213.0,1234.4000244140625,1200.5,1231.4000244140625,10058414
2026-04-07,ICICI Bank Ltd,ICICIBANK.NS,1229.0,1250.4000244140625,1216.5999755859375,1245.5,25600557
2026-04-08,ICICI Bank Ltd,ICICIBANK.NS,1310.0,1333.5,1292.4000244140625,1309.199951171875,25148651
2026-04-09,ICICI Bank Ltd,ICICIBANK.NS,1299.9000244140625,1308.0,1275.9000244140625,1281.300048828125,22923062
2026-04-10,ICICI Bank Ltd,ICICIBANK.NS,1289.0,1324.0,1288.5,1321.9000244140625,18174755
2026-04-13,ICICI Bank Ltd,ICICIBANK.NS,1304.9000244140625,1357.0,1296.699951171875,1351.0999755859375,30572141
2026-04-15,ICICI Bank Ltd,ICICIBANK.NS,1358.0,1364.800048828125,1338.0,1348.0999755859375,23827473
2026-04-16,ICICI Bank Ltd,ICICIBANK.NS,1352.0,1366.9000244140625,1340.199951171875,1345.5,24017236
2026-04-17,ICICI Bank Ltd,ICICIBANK.NS,1347.0,1352.9000244140625,1334.0,1346.800048828125,18151993
2026-04-20,ICICI Bank Ltd,ICICIBANK.NS,1364.699951171875,1376.4000244140625,1353.0,1356.199951171875,21551520
2026-04-21,ICICI Bank Ltd,ICICIBANK.NS,1368.0,1393.0999755859375,1360.0,1388.4000244140625,23312455
2026-04-22,ICICI Bank Ltd,ICICIBANK.NS,1380.0,1380.0999755859375,1365.0,1367.5999755859375,13613487
2026-04-23,ICICI Bank Ltd,ICICIBANK.NS,1348.4000244140625,1354.0,1343.5,1348.0,20111792
2026-04-24,ICICI Bank Ltd,ICICIBANK.NS,1336.300048828125,1348.800048828125,1324.0,1326.199951171875,14056743
2026-04-27,ICICI Bank Ltd,ICICIBANK.NS,1327.9000244140625,1335.9000244140625,1310.9000244140625,1314.0999755859375,15385625
2026-04-28,ICICI Bank Ltd,ICICIBANK.NS,1314.300048828125,1317.699951171875,1286.699951171875,1292.0,16774778
2026-04-29,ICICI Bank Ltd,ICICIBANK.NS,1294.699951171875,1296.800048828125,1276.199951171875,1281.0,11716030
2026-04-30,ICICI Bank Ltd,ICICIBANK.NS,1261.0,1272.199951171875,1259.0,1263.4000244140625,17740110
2026-05-01,ICICI Bank Ltd,ICICIBANK.NS,1263.4000244140625,1263.4000244140625,1263.4000244140625,1263.4000244140625,0
2026-05-04,ICICI Bank Ltd,ICICIBANK.NS,1264.300048828125,1282.199951171875,1264.300048828125,1270.800048828125,14597051
2026-05-05,ICICI Bank Ltd,ICICIBANK.NS,1264.0,1266.699951171875,1245.5,1251.300048828125,24447935
2026-05-06,ICICI Bank Ltd,ICICIBANK.NS,1262.0,1282.800048828125,1252.0999755859375,1279.5,22909586
2026-05-07,ICICI Bank Ltd,ICICIBANK.NS,1284.699951171875,1294.0,1273.199951171875,1279.0,25028552
2026-05-08,ICICI Bank Ltd,ICICIBANK.NS,1279.5999755859375,1279.5999755859375,1261.199951171875,1264.800048828125,11137424
2026-05-11,ICICI Bank Ltd,ICICIBANK.NS,1259.4000244140625,1275.699951171875,1252.0,1266.4000244140625,18980488
2026-05-12,ICICI Bank Ltd,ICICIBANK.NS,1256.0,1259.9000244140625,1236.300048828125,1240.300048828125,21110708
2026-05-13,ICICI Bank Ltd,ICICIBANK.NS,1238.300048828125,1249.199951171875,1227.199951171875,1235.5999755859375,19490295
2026-05-14,ICICI Bank Ltd,ICICIBANK.NS,1239.0999755859375,1256.699951171875,1236.0,1246.0,16535600
2026-05-15,ICICI Bank Ltd,ICICIBANK.NS,1246.5999755859375,1258.0,1242.0,1244.5,11745614
2026-05-18,ICICI Bank Ltd,ICICIBANK.NS,1235.5,1253.699951171875,1232.0,1251.0999755859375,13918850
2026-05-19,ICICI Bank Ltd,ICICIBANK.NS,1251.0999755859375,1256.300048828125,1229.800048828125,1240.800048828125,38929053
2026-05-20,ICICI Bank Ltd,ICICIBANK.NS,1230.0,1239.699951171875,1223.300048828125,1237.300048828125,14953103
2026-05-21,ICICI Bank Ltd,ICICIBANK.NS,1245.300048828125,1248.300048828125,1234.4000244140625,1242.800048828125,14394386
2026-05-22,ICICI Bank Ltd,ICICIBANK.NS,1242.0,1270.800048828125,1242.0,1264.300048828125,11601085
2026-05-25,ICICI Bank Ltd,ICICIBANK.NS,1271.0,1293.5,1270.9000244140625,1291.800048828125,13853923
2026-05-26,ICICI Bank Ltd,ICICIBANK.NS,1290.0,1301.800048828125,1276.199951171875,1279.0999755859375,18400405
2026-05-27,ICICI Bank Ltd,ICICIBANK.NS,1286.0,1293.4000244140625,1266.699951171875,1272.699951171875,18366272
2026-05-28,ICICI Bank Ltd,ICICIBANK.NS,1272.699951171875,1272.699951171875,1272.699951171875,1272.699951171875,0
2026-05-29,ICICI Bank Ltd,ICICIBANK.NS,1275.0999755859375,1287.800048828125,1247.9000244140625,1256.4000244140625,31007884
2026-06-01,ICICI Bank Ltd,ICICIBANK.NS,1257.0999755859375,1261.9000244140625,1235.9000244140625,1239.699951171875,9911975
2026-06-02,ICICI Bank Ltd,ICICIBANK.NS,1233.0,1237.699951171875,1220.699951171875,1226.5999755859375,17920892
2026-06-03,ICICI Bank Ltd,ICICIBANK.NS,1219.9000244140625,1248.300048828125,1213.699951171875,1242.0,13934754
2026-06-04,ICICI Bank Ltd,ICICIBANK.NS,1232.199951171875,1262.300048828125,1232.199951171875,1251.699951171875,19461560
2026-06-05,ICICI Bank Ltd,ICICIBANK.NS,1257.0,1265.0,1250.0,1262.0999755859375,10166393
2026-06-08,ICICI Bank Ltd,ICICIBANK.NS,1246.4000244140625,1254.0,1243.0999755859375,1250.199951171875,10714196
2026-06-09,ICICI Bank Ltd,ICICIBANK.NS,1255.0,1279.9000244140625,1252.699951171875,1275.0,22368579
2026-06-10,ICICI Bank Ltd,ICICIBANK.NS,1271.300048828125,1306.0,1271.300048828125,1293.300048828125,25951584
2026-06-11,ICICI Bank Ltd,ICICIBANK.NS,1286.5,1333.0,1286.5,1317.0,35919374
2026-06-12,ICICI Bank Ltd,ICICIBANK.NS,1330.0,1344.300048828125,1318.699951171875,1340.800048828125,18339846
2026-06-15,ICICI Bank Ltd,ICICIBANK.NS,1354.5999755859375,1362.699951171875,1325.300048828125,1327.5999755859375,16172921
2026-06-16,ICICI Bank Ltd,ICICIBANK.NS,1331.9000244140625,1337.300048828125,1326.300048828125,1334.300048828125,13069159
2026-06-17,ICICI Bank Ltd,ICICIBANK.NS,1342.0,1346.0,1333.4000244140625,1336.800048828125,8026424
2026-06-18,ICICI Bank Ltd,ICICIBANK.NS,1333.5999755859375,1346.9000244140625,1331.4000244140625,1342.300048828125,13467985
2026-06-19,ICICI Bank Ltd,ICICIBANK.NS,1340.5,1352.300048828125,1332.0,1346.5,9057322
2026-06-22,ICICI Bank Ltd,ICICIBANK.NS,1353.0,1362.699951171875,1348.4000244140625,1352.4000244140625,4814845
2026-06-23,ICICI Bank Ltd,ICICIBANK.NS,1358.0,1369.0999755859375,1331.5,1338.300048828125,11884879
2026-06-24,ICICI Bank Ltd,ICICIBANK.NS,1340.5999755859375,1377.5999755859375,1340.5999755859375,1373.5999755859375,16440708
2026-06-25,ICICI Bank Ltd,ICICIBANK.NS,1381.9000244140625,1404.0,1380.0999755859375,1387.5,17173209
2026-06-26,ICICI Bank Ltd,ICICIBANK.NS,1387.5,1387.5,1387.5,1387.5,0
2026-06-29,ICICI Bank Ltd,ICICIBANK.NS,1390.0,1402.0,1383.199951171875,1387.5999755859375,13249405
2026-06-30,ICICI Bank Ltd,ICICIBANK.NS,1402.0,1402.0,1366.0999755859375,1375.199951171875,18398057
2026-07-01,ICICI Bank Ltd,ICICIBANK.NS,1371.4000244140625,1385.0999755859375,1367.699951171875,1379.800048828125,11948034
2026-07-02,ICICI Bank Ltd,ICICIBANK.NS,1381.9000244140625,1405.0,1376.800048828125,1400.0,15779429
2026-07-03,ICICI Bank Ltd,ICICIBANK.NS,1414.0,1420.0,1405.9000244140625,1411.4000244140625,12901785
2026-07-06,ICICI Bank Ltd,ICICIBANK.NS,1412.0,1431.5999755859375,1411.5999755859375,1426.9000244140625,12306949
2026-07-07,ICICI Bank Ltd,ICICIBANK.NS,1431.5999755859375,1433.0,1410.0,1414.699951171875,15664178
2026-07-08,ICICI Bank Ltd,ICICIBANK.NS,1410.300048828125,1418.300048828125,1375.9000244140625,1380.5999755859375,10573142
2026-07-09,ICICI Bank Ltd,ICICIBANK.NS,1382.9000244140625,1403.5999755859375,1377.300048828125,1380.699951171875,13948838
2026-07-10,ICICI Bank Ltd,ICICIBANK.NS,1389.699951171875,1408.199951171875,1389.5999755859375,1401.199951171875,6409645
2026-07-13,ICICI Bank Ltd,ICICIBANK.NS,1393.5,1413.0,1386.300048828125,1409.5,10091437
2026-07-14,ICICI Bank Ltd,ICICIBANK.NS,1400.0,1411.800048828125,1392.0,1407.699951171875,14133017
2026-07-15,ICICI Bank Ltd,ICICIBANK.NS,1412.9000244140625,1428.0,1409.199951171875,1416.199951171875,12961648
2026-07-16,ICICI Bank Ltd,ICICIBANK.NS,1420.0999755859375,1423.699951171875,1406.199951171875,1418.199951171875,10165264
2026-07-17,ICICI Bank Ltd,ICICIBANK.NS,1422.0999755859375,1455.0999755859375,1419.699951171875,1444.300048828125,11112550
2026-07-20,ICICI Bank Ltd,ICICIBANK.NS,1444.5,1480.0,1439.5,1460.199951171875,22236415
2026-07-21,ICICI Bank Ltd,ICICIBANK.NS,1470.0,1473.9000244140625,1456.5999755859375,1463.0999755859375,18269907
2026-07-22,ICICI Bank Ltd,ICICIBANK.NS,1466.4000244140625,1466.4000244140625,1438.4000244140625,1440.699951171875,8345136
2026-07-23,ICICI Bank Ltd,ICICIBANK.NS,1432.5,1446.0,1426.5999755859375,1434.5999755859375,12409328
2026-07-24,ICICI Bank Ltd,ICICIBANK.NS,1428.0,1440.0,1415.4000244140625,1432.9000244140625,10870914
2026-07-27,ICICI Bank Ltd,ICICIBANK.NS,1435.699951171875,1449.0,1428.800048828125,1445.699951171875,10608300
2026-07-28,ICICI Bank Ltd,ICICIBANK.NS,1442.300048828125,1445.9000244140625,1417.5999755859375,1430.800048828125,19486209
2026-07-29,ICICI Bank Ltd,ICICIBANK.NS,1442.5,1448.5,1428.5,1437.9000244140625,10856166
2026-07-30,ICICI Bank Ltd,ICICIBANK.NS,1431.0999755859375,1442.199951171875,1422.5999755859375,1433.9000244140625,14141173
2026-07-31,ICICI Bank Ltd,ICICIBANK.NS,1434.300048828125,1441.9000244140625,1431.4000244140625,1435.4000244140625,8752440
2026-08-03,ICICI Bank Ltd,ICICIBANK.NS,1442.0,1460.0,1433.0,1460.0,7706747
2026-08-04,ICICI Bank Ltd,ICICIBANK.NS,1452.0,1454.5999755859375,1430.800048828125,1454.5999755859375,11458963
2026-08-05,ICICI Bank Ltd,ICICIBANK.NS,1454.5999755859375,1454.5999755859375,1431.199951171875,1450.0999755859375,11723296
2026-08-06,ICICI Bank Ltd,ICICIBANK.NS,1460.0,1460.0,1448.300048828125,1457.5,14954726
2026-08-07,ICICI Bank Ltd,ICICIBANK.NS,1451.0,1455.0,1418.199951171875,1421.0,14395789
2026-08-10,ICICI Bank Ltd,ICICIBANK.NS,1428.0999755859375,1441.9000244140625,1415.5,1431.800048828125,12749354
2026-08-11,ICICI Bank Ltd,ICICIBANK.NS,1432.0999755859375,1434.0,1412.199951171875,1429.5999755859375,10471914
2026-08-12,ICICI Bank Ltd,ICICIBANK.NS,1429.4000244140625,1435.0,1418.5999755859375,1431.699951171875,8201733
2026-08-13,ICICI Bank Ltd,ICICIBANK.NS,1429.0,1429.0,1406.4000244140625,1406.800048828125,11408206
2026-08-14,ICICI Bank Ltd,ICICIBANK.NS,1403.0,1417.800048828125,1401.0,1417.0,6097934
2026-08-17,ICICI Bank Ltd,ICICIBANK.NS,1418.0,1423.5999755859375,1407.0,1415.300048828125,5605603
2026-08-18,ICICI Bank Ltd,ICICIBANK.NS,1410.0,1416.5999755859375,1406.300048828125,1412.0,8345198
2026-08-19,ICICI Bank Ltd,ICICIBANK.NS,1412.0,1416.0,1391.5,1402.0,10304210
2026-08-20,ICICI Bank Ltd,ICICIBANK.NS,1407.800048828125,1413.0,1403.300048828125,1411.9000244140625,8425049
2026-08-21,ICICI Bank Ltd,ICICIBANK.NS,1417.0,1420.0,1411.199951171875,1420.0,4565280
2026-08-24,ICICI Bank Ltd,ICICIBANK.NS,1420.5,1425.5,1408.699951171875,1415.0,5307113
2026-08-25,ICICI Bank Ltd,ICICIBANK.NS,1408.0,1424.9000244140625,1408.0,1422.699951171875,7983249
2026-08-26,ICICI Bank Ltd,ICICIBANK.NS,1423.0999755859375,1446.0,1423.0999755859375,1430.0,4177066
2026-08-27,ICICI Bank Ltd,ICICIBANK.NS,1445.0,1453.800048828125,1433.0999755859375,1443.0,11539716
2026-08-28,ICICI Bank Ltd,ICICIBANK.NS,1435.0,1439.800048828125,1418.9000244140625,1422.800048828125,8625738
2026-08-31,ICICI Bank Ltd,ICICIBANK.NS,1422.800048828125,1454.0,1419.0,1454.0,15331697
2026-09-01,ICICI Bank Ltd,ICICIBANK.NS,1442.9000244140625,1446.699951171875,1422.800048828125,1438.0,10627608
2026-09-02,ICICI Bank Ltd,ICICIBANK.NS,1425.0999755859375,1436.0,1420.699951171875,1426.5,8515824
2026-09-03,ICICI Bank Ltd,ICICIBANK.NS,1438.300048828125,1452.0,1430.0,1430.0,10503351
2026-09-04,ICICI Bank Ltd,ICICIBANK.NS,1432.0999755859375,1438.300048828125,1421.4000244140625,1423.199951171875,6693889
2026-09-07,ICICI Bank Ltd,ICICIBANK.NS,1428.0,1434.4000244140625,1422.5999755859375,1427.5,8035111
2026-09-08,ICICI Bank Ltd,ICICIBANK.NS,1424.0,1424.9000244140625,1396.300048828125,1399.4000244140625,12123411
2026-09-09,ICICI Bank Ltd,ICICIBANK.NS,1395.9000244140625,1402.5,1385.5,1389.0999755859375,14229080
2026-09-10,ICICI Bank Ltd,ICICIBANK.NS,1385.9000244140625,1393.0,1373.9000244140625,1384.5,10580641
2026-09-11,ICICI Bank Ltd,ICICIBANK.NS,1371.5999755859375,1389.0,1367.5999755859375,1379.300048828125,7064417
2026-09-14,ICICI Bank Ltd,ICICIBANK.NS,1379.300048828125,1379.300048828125,1379.300048828125,1379.300048828125,0
2026-09-15,ICICI Bank Ltd,ICICIBANK.NS,1379.300048828125,1390.0,1350.4000244140625,1350.4000244140625,10133488
2026-09-16,ICICI Bank Ltd,ICICIBANK.NS,1359.0,1361.4000244140625,1348.0,1358.800048828125,9625762
2026-09-17,ICICI Bank Ltd,ICICIBANK.NS,1352.0,1363.0,1347.5999755859375,1347.5999755859375,7867524
2026-09-18,ICICI Bank Ltd,ICICIBANK.NS,1351.9000244140625,1359.800048828125,1338.9000244140625,1338.9000244140625,7509409
2026-09-21,ICICI Bank Ltd,ICICIBANK.NS,1347.800048828125,1352.0,1340.4000244140625,1345.0,5705598
2026-09-22,ICICI Bank Ltd,ICICIBANK.NS,1343.0,1347.199951171875,1333.800048828125,1339.5999755859375,6433249
2026-09-23,ICICI Bank Ltd,ICICIBANK.NS,1339.9000244140625,1344.5,1333.5,1340.0,4758314
2026-09-24,ICICI Bank Ltd,ICICIBANK.NS,1333.0999755859375,1347.800048828125,1330.0999755859375,1334.5,8653920
2026-09-25,ICICI Bank Ltd,ICICIBANK.NS,1332.9000244140625,1340.800048828125,1312.0,1326.800048828125,10841310
2026-09-28,ICICI Bank Ltd,ICICIBANK.NS,1321.0999755859375,1323.800048828125,1300.0,1302.0,6327946
2026-09-29,ICICI Bank Ltd,ICICIBANK.NS,1295.699951171875,1304.800048828125,1291.0,1292.199951171875,14811396
2026-09-30,ICICI Bank Ltd,ICICIBANK.NS,1295.300048828125,1337.0,1295.300048828125,1321.699951171875,14095232
2026-10-01,ICICI Bank Ltd,ICICIBANK.NS,1316.0,1329.9000244140625,1308.4000244140625,1310.5999755859375,13163495
2025-10-03,Infosys Ltd,INFY.NS,1439.0,1448.300048828125,1433.199951171875,1446.5999755859375,6877533
2025-10-06,Infosys Ltd,INFY.NS,1446.5999755859375,1478.800048828125,1442.300048828125,1476.0,4630590
2025-10-07,Infosys Ltd,INFY.NS,1477.699951171875,1482.9000244140625,1454.0,1458.5,5570320
2025-10-08,Infosys Ltd,INFY.NS,1457.0,1498.0,1455.0,1495.0,4657192
2025-10-09,Infosys Ltd,INFY.NS,1502.0,1514.0,1487.0,1509.300048828125,7028753
2025-10-10,Infosys Ltd,INFY.NS,1510.0,1521.699951171875,1498.800048828125,1514.9000244140625,3738353
2025-10-13,Infosys Ltd,INFY.NS,1497.0,1504.699951171875,1483.4000244140625,1493.199951171875,5859355
2025-10-14,Infosys Ltd,INFY.NS,1499.0,1514.4000244140625,1486.5,1489.9000244140625,5600789
2025-10-15,Infosys Ltd,INFY.NS,1483.9000244140625,1488.5999755859375,1467.5,1474.4000244140625,6986098
2025-10-16,Infosys Ltd,INFY.NS,1473.9000244140625,1474.5,1460.5,1471.5,8005748
2025-10-17,Infosys Ltd,INFY.NS,1454.9000244140625,1458.4000244140625,1434.0,1441.0999755859375,16959378
2025-10-20,Infosys Ltd,INFY.NS,1453.699951171875,1467.0,1450.0,1460.9000244140625,6994246
2025-10-21,Infosys Ltd,INFY.NS,1478.0,1486.0,1470.0,1472.4000244140625,1698704
2025-10-23,Infosys Ltd,INFY.NS,1510.0,1546.0,1506.0,1528.5,20358624
2025-10-24,Infosys Ltd,INFY.NS,1539.5,1543.0,1518.0,1525.4000244140625,8652257
2025-10-27,Infosys Ltd,INFY.NS,1510.0,1515.300048828125,1498.0999755859375,1504.5,7273211
2025-10-28,Infosys Ltd,INFY.NS,1499.699951171875,1506.5,1490.5,1500.199951171875,8211019
2025-10-29,Infosys Ltd,INFY.NS,1500.199951171875,1520.199951171875,1496.9000244140625,1510.4000244140625,4884976
2025-10-30,Infosys Ltd,INFY.NS,1507.0,1508.199951171875,1489.0999755859375,1493.800048828125,5608867
2025-10-31,Infosys Ltd,INFY.NS,1490.0,1497.0999755859375,1480.699951171875,1482.300048828125,4819814
2025-11-03,Infosys Ltd,INFY.NS,1482.300048828125,1491.4000244140625,1474.199951171875,1485.5,5470600
2025-11-04,Infosys Ltd,INFY.NS,1479.699951171875,1481.9000244140625,1462.9000244140625,1467.9000244140625,8691330
2025-11-06,Infosys Ltd,INFY.NS,1478.5999755859375,1483.0,1461.9000244140625,1466.699951171875,7944752
2025-11-07,Infosys Ltd,INFY.NS,1470.0,1480.9000244140625,1449.0999755859375,1476.800048828125,8765759
2025-11-10,Infosys Ltd,INFY.NS,1490.0999755859375,1520.0,1490.0,1513.5,9787975
2025-11-11,Infosys Ltd,INFY.NS,1525.0,1533.4000244140625,1511.0999755859375,1530.300048828125,13692989
2025-11-12,Infosys Ltd,INFY.NS,1540.0,1559.199951171875,1538.0999755859375,1551.699951171875,14635417
2025-11-13,Infosys Ltd,INFY.NS,1557.0999755859375,1557.5,1530.300048828125,1541.800048828125,19655689
2025-11-14,Infosys Ltd,INFY.NS,1520.0,1530.0,1488.800048828125,1502.800048828125,9739549
2025-11-17,Infosys Ltd,INFY.NS,1496.0,1510.199951171875,1492.5,1507.5999755859375,7910354
2025-11-18,Infosys Ltd,INFY.NS,1506.0,1506.0,1483.199951171875,1486.4000244140625,7525119
2025-11-19,Infosys Ltd,INFY.NS,1490.5,1543.0,1490.5,1541.0999755859375,10981126
2025-11-20,Infosys Ltd,INFY.NS,1555.0,1555.0,1534.0,1536.5,7387584
2025-11-21,Infosys Ltd,INFY.NS,1531.0,1551.5,1526.300048828125,1545.0,9186302
2025-11-24,Infosys Ltd,INFY.NS,1563.5999755859375,1585.0,1541.0,1548.0,19270381
2025-11-25,Infosys Ltd,INFY.NS,1549.0,1550.5999755859375,1525.9000244140625,1530.5999755859375,8107952
2025-11-26,Infosys Ltd,INFY.NS,1532.0999755859375,1560.300048828125,1532.0999755859375,1557.9000244140625,7575038
2025-11-27,Infosys Ltd,INFY.NS,1564.0,1574.300048828125,1552.199951171875,1566.4000244140625,7552252
2025-11-28,Infosys Ltd,INFY.NS,1565.0,1568.4000244140625,1557.0,1560.0999755859375,4453221
2025-12-01,Infosys Ltd,INFY.NS,1562.5,1574.0,1556.0,1564.0,5341800
2025-12-02,Infosys Ltd,INFY.NS,1567.0,1579.9000244140625,1556.0999755859375,1561.0,6335969
2025-12-03,Infosys Ltd,INFY.NS,1555.0999755859375,1586.0,1554.0999755859375,1578.699951171875,12895312
2025-12-04,Infosys Ltd,INFY.NS,1568.0,1599.0,1568.0,1597.5999755859375,12609619
2025-12-05,Infosys Ltd,INFY.NS,1610.0,1631.800048828125,1600.0,1616.199951171875,10344725
2025-12-08,Infosys Ltd,INFY.NS,1617.0999755859375,1630.0,1600.199951171875,1610.800048828125,7550413
2025-12-09,Infosys Ltd,INFY.NS,1601.199951171875,1606.9000244140625,1582.4000244140625,1599.0,6957599
2025-12-10,Infosys Ltd,INFY.NS,1608.0,1608.0,1582.800048828125,1584.800048828125,5116140
2025-12-11,Infosys Ltd,INFY.NS,1598.0,1607.4000244140625,1580.5,1598.0,5159319
2025-12-12,Infosys Ltd,INFY.NS,1601.4000244140625,1601.800048828125,1582.5999755859375,1598.199951171875,4633912
2025-12-15,Infosys Ltd,INFY.NS,1585.0,1610.800048828125,1585.0,1606.800048828125,4190558
2025-12-16,Infosys Ltd,INFY.NS,1600.0,1603.0,1585.5999755859375,1592.9000244140625,5499258
2025-12-17,Infosys Ltd,INFY.NS,1587.199951171875,1606.9000244140625,1586.0,1602.0,4817628
2025-12-18,Infosys Ltd,INFY.NS,1610.5,1630.0,1606.699951171875,1626.800048828125,6577293
2025-12-19,Infosys Ltd,INFY.NS,1650.0,1654.9000244140625,1629.800048828125,1638.699951171875,13149023
2025-12-22,Infosys Ltd,INFY.NS,1664.0,1693.199951171875,1664.0,1689.5999755859375,23098923
2025-12-23,Infosys Ltd,INFY.NS,1679.0,1679.0,1656.4000244140625,1668.300048828125,6593060
2025-12-24,Infosys Ltd,INFY.NS,1661.0,1667.5999755859375,1652.5,1663.4000244140625,4271167
2025-12-26,Infosys Ltd,INFY.NS,1663.4000244140625,1668.800048828125,1651.699951171875,1656.0999755859375,2006491
2025-12-29,Infosys Ltd,INFY.NS,1658.0,1673.0999755859375,1637.0999755859375,1644.699951171875,4062817
2025-12-30,Infosys Ltd,INFY.NS,1647.0,1647.9000244140625,1616.800048828125,1621.5999755859375,9395937
2025-12-31,Infosys Ltd,INFY.NS,1621.0,1628.5999755859375,1609.199951171875,1615.4000244140625,6538656
2026-01-01,Infosys Ltd,INFY.NS,1615.4000244140625,1639.5999755859375,1614.0999755859375,1629.800048828125,3658165
2026-01-02,Infosys Ltd,INFY.NS,1635.9000244140625,1643.5,1627.5,1640.4000244140625,2524526
2026-01-05,Infosys Ltd,INFY.NS,1637.0,1637.0,1583.0999755859375,1606.4000244140625,5917885
2026-01-06,Infosys Ltd,INFY.NS,1600.0999755859375,1619.9000244140625,1599.0,1612.199951171875,4466729
2026-01-07,Infosys Ltd,INFY.NS,1615.0,1642.0,1615.0,1639.0,4508079
2026-01-08,Infosys Ltd,INFY.NS,1638.9000244140625,1644.300048828125,1608.5999755859375,1613.300048828125,3942131
2026-01-09,Infosys Ltd,INFY.NS,1610.0,1631.300048828125,1607.0,1614.0999755859375,6816681
2026-01-12,Infosys Ltd,INFY.NS,1610.0999755859375,1613.300048828125,1592.5999755859375,1595.9000244140625,6985362
2026-01-13,Infosys Ltd,INFY.NS,1618.0,1618.0,1586.4000244140625,1599.0,8080618
2026-01-14,Infosys Ltd,INFY.NS,1588.0,1617.0,1583.0999755859375,1599.800048828125,7557157
2026-01-15,Infosys Ltd,INFY.NS,1599.800048828125,1599.800048828125,1599.800048828125,1599.800048828125,0
2026-01-16,Infosys Ltd,INFY.NS,1663.699951171875,1694.0,1653.4000244140625,1689.800048828125,19335957
2026-01-19,Infosys Ltd,INFY.NS,1685.0,1685.0,1666.5,1681.199951171875,5104958
2026-01-20,Infosys Ltd,INFY.NS,1673.0,1680.199951171875,1652.9000244140625,1658.9000244140625,6406503
2026-01-21,Infosys Ltd,INFY.NS,1651.0,1657.0,1631.199951171875,1654.4000244140625,6224582
2026-01-22,Infosys Ltd,INFY.NS,1666.0,1671.199951171875,1653.800048828125,1663.5,6228892
2026-01-23,Infosys Ltd,INFY.NS,1667.199951171875,1675.699951171875,1662.199951171875,1670.800048828125,5869137
2026-01-27,Infosys Ltd,INFY.NS,1685.800048828125,1689.4000244140625,1661.0999755859375,1682.699951171875,10673087
2026-01-28,Infosys Ltd,INFY.NS,1680.0,1688.800048828125,1650.0,1666.5,8588664
2026-01-29,Infosys Ltd,INFY.NS,1658.0,1666.5,1642.0999755859375,1659.5,4749582
2026-01-30,Infosys Ltd,INFY.NS,1655.0,1655.0,1618.0999755859375,1641.0,9207926
2026-02-02,Infosys Ltd,INFY.NS,1662.0,1662.0,1618.0,1629.4000244140625,6784887
2026-02-03,Infosys Ltd,INFY.NS,1727.199951171875,1728.0,1653.0,1656.0,8805868
2026-02-04,Infosys Ltd,INFY.NS,1574.0,1584.9000244140625,1510.0999755859375,1535.800048828125,28828622
2026-02-05,Infosys Ltd,INFY.NS,1534.0,1551.0,1515.699951171875,1520.199951171875,10628127
2026-02-06,Infosys Ltd,INFY.NS,1522.0999755859375,1525.0,1480.0,1507.0999755859375,13900866
2026-02-09,Infosys Ltd,INFY.NS,1522.0999755859375,1528.0,1493.0,1497.199951171875,8294615
2026-02-10,Infosys Ltd,INFY.NS,1500.0,1515.9000244140625,1491.0,1497.800048828125,8657000
2026-02-11,Infosys Ltd,INFY.NS,1501.199951171875,1505.9000244140625,1469.0,1471.9000244140625,7934411
2026-02-12,Infosys Ltd,INFY.NS,1428.9000244140625,1435.699951171875,1380.5,1386.0,26048896
2026-02-13,Infosys Ltd,INFY.NS,1293.9000244140625,1377.300048828125,1281.5,1369.0999755859375,45785709
2026-02-16,Infosys Ltd,INFY.NS,1373.699951171875,1376.0,1338.300048828125,1365.5999755859375,14621891
2026-02-17,Infosys Ltd,INFY.NS,1370.0,1431.0,1367.0,1391.199951171875,25347684
2026-02-18,Infosys Ltd,INFY.NS,1390.9000244140625,1401.0,1345.300048828125,1373.699951171875,20241373
2026-02-19,Infosys Ltd,INFY.NS,1385.0,1402.0,1363.199951171875,1370.5,14574228
2026-02-20,Infosys Ltd,INFY.NS,1359.199951171875,1365.0,1338.199951171875,1353.199951171875,12633552
2026-02-23,Infosys Ltd,INFY.NS,1352.0,1352.0,1318.0,1327.5,12887826
2026-02-24,Infosys Ltd,INFY.NS,1301.0,1303.5999755859375,1264.0999755859375,1275.5,27839061
2026-02-25,Infosys Ltd,INFY.NS,1286.199951171875,1323.5999755859375,1286.199951171875,1290.0999755859375,16669618
2026-02-26,Infosys Ltd,INFY.NS,1305.5,1314.0,1286.300048828125,1289.0999755859375,11493914
2026-02-27,Infosys Ltd,INFY.NS,1326.300048828125,1335.0,1294.199951171875,1300.0999755859375,23141724
2026-03-02,Infosys Ltd,INFY.NS,1291.0,1298.800048828125,1273.0,1288.9000244140625,9700361
2026-03-04,Infosys Ltd,INFY.NS,1292.0,1317.0,1292.0,1307.4000244140625,15154950
2026-03-05,Infosys Ltd,INFY.NS,1320.0,1320.0,1290.0999755859375,1305.800048828125,10362147
2026-03-06,Infosys Ltd,INFY.NS,1303.0,1327.199951171875,1303.0,1308.4000244140625,8724291
2026-03-09,Infosys Ltd,INFY.NS,1290.0,1318.0,1282.5,1315.0,10068514
2026-03-10,Infosys Ltd,INFY.NS,1320.0,1321.0,1284.0999755859375,1295.5999755859375,9600171
2026-03-11,Infosys Ltd,INFY.NS,1288.0,1299.5,1271.300048828125,1276.300048828125,7868891
2026-03-12,Infosys Ltd,INFY.NS,1272.5,1278.5999755859375,1258.0,1265.800048828125,7599940
2026-03-13,Infosys Ltd,INFY.NS,1251.0,1269.5999755859375,1242.5999755859375,1248.300048828125,7366098
2026-03-16,Infosys Ltd,INFY.NS,1240.199951171875,1254.300048828125,1224.199951171875,1249.800048828125,12314450
2026-03-17,Infosys Ltd,INFY.NS,1245.0,1245.0,1215.0999755859375,1232.9000244140625,11223276
2026-03-18,Infosys Ltd,INFY.NS,1238.0,1290.800048828125,1234.9000244140625,1267.0999755859375,12365381
2026-03-19,Infosys Ltd,INFY.NS,1244.199951171875,1255.0,1215.0999755859375,1220.800048828125,9156461
2026-03-20,Infosys Ltd,INFY.NS,1242.0,1264.800048828125,1229.199951171875,1255.9000244140625,27299975
2026-03-23,Infosys Ltd,INFY.NS,1238.199951171875,1261.0999755859375,1227.4000244140625,1256.800048828125,12420293
2026-03-24,Infosys Ltd,INFY.NS,1269.0,1297.0,1251.0,1278.300048828125,13613495
2026-03-25,Infosys Ltd,INFY.NS,1270.0,1290.5999755859375,1257.0999755859375,1279.0999755859375,10824030
2026-03-27,Infosys Ltd,INFY.NS,1285.199951171875,1294.800048828125,1263.199951171875,1269.699951171875,13092541
2026-03-30,Infosys Ltd,INFY.NS,1250.0,1265.5,1243.0,1250.5999755859375,14108486
2026-04-01,Infosys Ltd,INFY.NS,1290.0,1303.0,1269.5,1275.699951171875,8137156
2026-04-02,Infosys Ltd,INFY.NS,1260.0,1305.4000244140625,1259.800048828125,1300.800048828125,12873492
2026-04-06,Infosys Ltd,INFY.NS,1301.4000244140625,1320.0,1299.0,1306.199951171875,10208682
2026-04-07,Infosys Ltd,INFY.NS,1302.0,1345.0999755859375,1293.5,1339.4000244140625,15355792
2026-04-08,Infosys Ltd,INFY.NS,1349.0,1376.9000244140625,1331.0,1346.199951171875,16030133
2026-04-09,Infosys Ltd,INFY.NS,1329.9000244140625,1337.5,1314.0,1331.5999755859375,14894607
2026-04-10,Infosys Ltd,INFY.NS,1318.0,1318.9000244140625,1283.300048828125,1292.5,19233369
2026-04-13,Infosys Ltd,INFY.NS,1272.0,1289.0,1265.699951171875,1276.800048828125,10366082
2026-04-15,Infosys Ltd,INFY.NS,1306.300048828125,1322.5,1300.5,1305.300048828125,12098912
2026-04-16,Infosys Ltd,INFY.NS,1322.0999755859375,1331.0,1309.0,1319.199951171875,18527029
2026-04-17,Infosys Ltd,INFY.NS,1313.0,1328.300048828125,1306.0999755859375,1318.699951171875,12064048
2026-04-20,Infosys Ltd,INFY.NS,1320.0,1324.9000244140625,1308.0999755859375,1312.5999755859375,7172300
2026-04-21,Infosys Ltd,INFY.NS,1310.0,1325.0,1299.300048828125,1313.199951171875,10057440
2026-04-22,Infosys Ltd,INFY.NS,1295.0,1297.699951171875,1255.9000244140625,1268.5999755859375,20088378
2026-04-23,Infosys Ltd,INFY.NS,1254.0,1265.699951171875,1226.0,1240.5999755859375,14792854
2026-04-24,Infosys Ltd,INFY.NS,1200.0,1223.9000244140625,1152.199951171875,1154.5999755859375,42078914
2026-04-27,Infosys Ltd,INFY.NS,1154.5999755859375,1179.9000244140625,1154.5,1170.300048828125,19579883
2026-04-28,Infosys Ltd,INFY.NS,1162.699951171875,1169.4000244140625,1149.800048828125,1152.0999755859375,12720276
2026-04-29,Infosys Ltd,INFY.NS,1158.5,1178.199951171875,1156.800048828125,1167.5,8303109
2026-04-30,Infosys Ltd,INFY.NS,1167.5,1189.800048828125,1159.5999755859375,1181.800048828125,12205669
2026-05-01,Infosys Ltd,INFY.NS,1181.800048828125,1181.800048828125,1181.800048828125,1181.800048828125,0
2026-05-04,Infosys Ltd,INFY.NS,1195.0,1195.0,1165.199951171875,1168.4000244140625,7735811
2026-05-05,Infosys Ltd,INFY.NS,1169.5,1185.199951171875,1160.0999755859375,1178.0999755859375,8164108
2026-05-06,Infosys Ltd,INFY.NS,1187.0,1191.5,1164.0999755859375,1167.199951171875,9856963
2026-05-07,Infosys Ltd,INFY.NS,1173.0,1175.4000244140625,1159.199951171875,1162.699951171875,12013987
2026-05-08,Infosys Ltd,INFY.NS,1161.0,1183.5,1158.800048828125,1179.199951171875,7582770
2026-05-11,Infosys Ltd,INFY.NS,1176.0,1187.0,1172.0999755859375,1177.0,7336288
2026-05-12,Infosys Ltd,INFY.NS,1162.0,1162.0,1123.0,1140.300048828125,16891948
2026-05-13,Infosys Ltd,INFY.NS,1136.5999755859375,1142.5999755859375,1121.0,1123.0999755859375,6664111
2026-05-14,Infosys Ltd,INFY.NS,1119.800048828125,1121.9000244140625,1089.0,1095.0,16914842
2026-05-15,Infosys Ltd,INFY.NS,1102.0,1133.199951171875,1101.5999755859375,1119.0,17482450
2026-05-18,Infosys Ltd,INFY.NS,1119.0,1146.0999755859375,1118.0,1142.5,12096377
2026-05-19,Infosys Ltd,INFY.NS,1162.0,1198.4000244140625,1162.0,1196.9000244140625,32175705
2026-05-20,Infosys Ltd,INFY.NS,1187.0,1206.9000244140625,1184.9000244140625,1193.699951171875,15121010
2026-05-21,Infosys Ltd,INFY.NS,1196.0999755859375,1201.800048828125,1177.0,1181.199951171875,10021033
2026-05-22,Infosys Ltd,INFY.NS,1182.5,1191.800048828125,1172.5,1174.5,8803066
2026-05-25,Infosys Ltd,INFY.NS,1183.0,1185.0,1166.0999755859375,1168.5,5856136
2026-05-26,Infosys Ltd,INFY.NS,1166.300048828125,1180.699951171875,1162.9000244140625,1167.699951171875,8005767
2026-05-27,Infosys Ltd,INFY.NS,1161.0,1167.300048828125,1155.0,1159.9000244140625,6371871
2026-05-28,Infosys Ltd,INFY.NS,1159.9000244140625,1159.9000244140625,1159.9000244140625,1159.9000244140625,0
2026-05-29,Infosys Ltd,INFY.NS,1182.0,1210.0,1153.5999755859375,1160.9000244140625,69085430
2026-06-01,Infosys Ltd,INFY.NS,1175.0,1217.0,1173.699951171875,1202.5,19439331
2026-06-02,Infosys Ltd,INFY.NS,1232.5,1278.9000244140625,1232.5,1270.800048828125,36032600
2026-06-03,Infosys Ltd,INFY.NS,1242.0999755859375,1249.9000244140625,1216.0,1222.5999755859375,18534303
2026-06-04,Infosys Ltd,INFY.NS,1208.0,1215.199951171875,1196.199951171875,1201.300048828125,12755957
2026-06-05,Infosys Ltd,INFY.NS,1220.0,1223.800048828125,1194.300048828125,1197.5,8692290
2026-06-08,Infosys Ltd,INFY.NS,1177.5,1200.699951171875,1176.5,1187.5999755859375,8631711
2026-06-09,Infosys Ltd,INFY.NS,1193.5999755859375,1193.5999755859375,1167.300048828125,1180.300048828125,10984054
2026-06-10,Infosys Ltd,INFY.NS,1160.0999755859375,1171.4000244140625,1143.300048828125,1145.300048828125,8887626
2026-06-11,Infosys Ltd,INFY.NS,1129.699951171875,1133.699951171875,1109.0,1114.5999755859375,9372176
2026-06-12,Infosys Ltd,INFY.NS,1120.0,1123.300048828125,1111.5,1116.4000244140625,8075333
2026-06-15,Infosys Ltd,INFY.NS,1130.0,1151.0,1123.0,1134.9000244140625,7856192
2026-06-16,Infosys Ltd,INFY.NS,1136.9000244140625,1153.800048828125,1123.199951171875,1143.5999755859375,10456090
2026-06-17,Infosys Ltd,INFY.NS,1149.0,1162.5,1148.0,1157.699951171875,5995119
2026-06-18,Infosys Ltd,INFY.NS,1142.9000244140625,1142.9000244140625,1125.300048828125,1127.5,16781447
2026-06-19,Infosys Ltd,INFY.NS,1062.300048828125,1066.0,1030.0,1051.4000244140625,45665442
2026-06-22,Infosys Ltd,INFY.NS,1055.0,1080.300048828125,1055.0,1065.4000244140625,10178505
2026-06-23,Infosys Ltd,INFY.NS,1053.800048828125,1055.300048828125,1026.0,1029.300048828125,19323064
2026-06-24,Infosys Ltd,INFY.NS,1040.9000244140625,1065.5,1037.699951171875,1056.5999755859375,12346266
2026-06-25,Infosys Ltd,INFY.NS,1065.0,1068.0,1039.0999755859375,1041.199951171875,15866779
2026-06-26,Infosys Ltd,INFY.NS,1041.199951171875,1041.199951171875,1041.199951171875,1041.199951171875,0
2026-06-29,Infosys Ltd,INFY.NS,1037.0999755859375,1046.5999755859375,1029.0999755859375,1036.699951171875,15080892
2026-06-30,Infosys Ltd,INFY.NS,1030.0,1030.4000244140625,996.0,1000.4000244140625,24128263
2026-07-01,Infosys Ltd,INFY.NS,1006.0,1014.0,982.4000244140625,985.2999877929688,13037982
2026-07-02,Infosys Ltd,INFY.NS,1006.4000244140625,1045.0,1006.0,1040.9000244140625,18741111
2026-07-03,Infosys Ltd,INFY.NS,1063.0,1068.699951171875,1042.0,1047.199951171875,11653534
2026-07-06,Infosys Ltd,INFY.NS,1050.0999755859375,1053.0,1033.0,1042.199951171875,5559747
2026-07-07,Infosys Ltd,INFY.NS,1040.5999755859375,1087.5,1040.5999755859375,1071.800048828125,18866296
2026-07-08,Infosys Ltd,INFY.NS,1071.9000244140625,1079.699951171875,1064.4000244140625,1069.300048828125,13022221
2026-07-09,Infosys Ltd,INFY.NS,1062.699951171875,1062.699951171875,1040.4000244140625,1050.800048828125,9003333
2026-07-10,Infosys Ltd,INFY.NS,1075.0,1091.300048828125,1064.699951171875,1068.0,9747266
2026-07-13,Infosys Ltd,INFY.NS,1057.0999755859375,1114.9000244140625,1057.0999755859375,1102.5999755859375,20994760
2026-07-14,Infosys Ltd,INFY.NS,1107.800048828125,1113.5,1090.0,1092.9000244140625,14819413
2026-07-15,Infosys Ltd,INFY.NS,1079.0,1088.0999755859375,1073.0,1076.300048828125,8501933
2026-07-16,Infosys Ltd,INFY.NS,1082.5,1097.300048828125,1077.9000244140625,1082.4000244140625,8592146
2026-07-17,Infosys Ltd,INFY.NS,1105.0,1116.800048828125,1092.0,1096.5,12547728
2026-07-20,Infosys Ltd,INFY.NS,1102.0,1103.800048828125,1083.199951171875,1087.0999755859375,6372645
2026-07-21,Infosys Ltd,INFY.NS,1080.0,1094.5,1067.199951171875,1073.5,9485229
2026-07-22,Infosys Ltd,INFY.NS,1064.0,1069.300048828125,1046.199951171875,1052.0999755859375,7517203
2026-07-23,Infosys Ltd,INFY.NS,1046.9000244140625,1058.5,1032.0,1047.4000244140625,13794578
2026-07-24,Infosys Ltd,INFY.NS,1028.0,1043.4000244140625,1013.9000244140625,1040.9000244140625,29036900
2026-07-27,Infosys Ltd,INFY.NS,1065.0,1082.0,1057.4000244140625,1079.199951171875,15956349
2026-07-28,Infosys Ltd,INFY.NS,1097.0,1118.5,1097.0,1105.699951171875,28100895
2026-07-29,Infosys Ltd,INFY.NS,1147.0,1164.5,1128.4000244140625,1155.5999755859375,34400369
2026-07-30,Infosys Ltd,INFY.NS,1168.0,1187.699951171875,1151.300048828125,1155.0999755859375,22630218
2026-07-31,Infosys Ltd,INFY.NS,1118.9000244140625,1139.300048828125,1107.199951171875,1130.0999755859375,14367075
2026-08-03,Infosys Ltd,INFY.NS,1145.0999755859375,1180.0,1138.0999755859375,1180.0,8582270
2026-08-04,Infosys Ltd,INFY.NS,1168.0,1175.699951171875,1153.300048828125,1167.5,9243589
2026-08-05,Infosys Ltd,INFY.NS,1174.699951171875,1177.5,1162.300048828125,1174.0,9964155
2026-08-06,Infosys Ltd,INFY.NS,1174.0999755859375,1185.800048828125,1163.0,1165.0,8521064
2026-08-07,Infosys Ltd,INFY.NS,1160.0,1183.0,1155.5999755859375,1175.0999755859375,7581410
2026-08-10,Infosys Ltd,INFY.NS,1178.0999755859375,1195.0,1175.199951171875,1183.0,9377001
2026-08-11,Infosys Ltd,INFY.NS,1188.0,1193.5,1182.0,1190.699951171875,10160091
2026-08-12,Infosys Ltd,INFY.NS,1185.5999755859375,1190.4000244140625,1163.300048828125,1176.0999755859375,7529777
2026-08-13,Infosys Ltd,INFY.NS,1170.0,1175.0,1157.0,1175.0,6234215
2026-08-14,Infosys Ltd,INFY.NS,1170.4000244140625,1174.0999755859375,1158.9000244140625,1169.199951171875,5844763
2026-08-17,Infosys Ltd,INFY.NS,1163.9000244140625,1166.5,1129.699951171875,1139.9000244140625,5817153
2026-08-18,Infosys Ltd,INFY.NS,1124.5,1131.9000244140625,1112.5,1115.0,8851110
2026-08-19,Infosys Ltd,INFY.NS,1125.5999755859375,1134.699951171875,1113.800048828125,1119.800048828125,8408573
2026-08-20,Infosys Ltd,INFY.NS,1143.0,1144.699951171875,1125.699951171875,1130.0,8559841
2026-08-21,Infosys Ltd,INFY.NS,1133.0,1133.5,1118.0,1121.0,6094967
2026-08-24,Infosys Ltd,INFY.NS,1126.5,1144.5,1122.0,1130.0,8565354
2026-08-25,Infosys Ltd,INFY.NS,1132.0,1144.0,1119.9000244140625,1144.0,8121237
2026-08-26,Infosys Ltd,INFY.NS,1142.0,1142.0,1118.300048828125,1120.0,6323984
2026-08-27,Infosys Ltd,INFY.NS,1120.0,1130.699951171875,1107.199951171875,1110.800048828125,6933998
2026-08-28,Infosys Ltd,INFY.NS,1123.5999755859375,1145.0,1123.300048828125,1144.0,9621969
2026-08-31,Infosys Ltd,INFY.NS,1138.5999755859375,1143.9000244140625,1111.0999755859375,1133.800048828125,8808120
2026-09-01,Infosys Ltd,INFY.NS,1128.0,1156.0,1125.5999755859375,1156.0,13516123
2026-09-02,Infosys Ltd,INFY.NS,1137.699951171875,1147.800048828125,1118.5999755859375,1140.0,8564358
2026-09-03,Infosys Ltd,INFY.NS,1144.0,1144.0,1122.5,1130.300048828125,5786250
2026-09-04,Infosys Ltd,INFY.NS,1133.0,1146.699951171875,1125.4000244140625,1130.0,5881388
2026-09-07,Infosys Ltd,INFY.NS,1109.5,1109.9000244140625,1085.0,1087.5,7668346
2026-09-08,Infosys Ltd,INFY.NS,1095.0,1095.0,1078.9000244140625,1082.0,6269037
2026-09-09,Infosys Ltd,INFY.NS,1059.0,1059.0,1026.5,1035.0,13530457
2026-09-10,Infosys Ltd,INFY.NS,1039.5999755859375,1046.5999755859375,1027.300048828125,1036.5,8998529
2026-09-11,Infosys Ltd,INFY.NS,1032.0,1047.300048828125,1029.699951171875,1037.699951171875,6168088
2026-09-14,Infosys Ltd,INFY.NS,1037.699951171875,1037.699951171875,1037.699951171875,1037.699951171875,0
2026-09-15,Infosys Ltd,INFY.NS,1085.0,1097.699951171875,1071.699951171875,1077.0,14816117
2026-09-16,Infosys Ltd,INFY.NS,1082.5,1085.0999755859375,1053.5,1060.0,6230590
2026-09-17,Infosys Ltd,INFY.NS,1054.9000244140625,1063.5999755859375,1048.5999755859375,1058.5999755859375,5469865
2026-09-18,Infosys Ltd,INFY.NS,1061.9000244140625,1061.9000244140625,1038.0,1051.4000244140625,22124953
2026-09-21,Infosys Ltd,INFY.NS,1041.5,1044.5,1030.300048828125,1038.5,6074358
2026-09-22,Infosys Ltd,INFY.NS,1037.699951171875,1041.0,1019.2000122070312,1029.4000244140625,9341109
2026-09-23,Infosys Ltd,INFY.NS,1021.7999877929688,1029.4000244140625,1015.0999755859375,1020.5,5108734
2026-09-24,Infosys Ltd,INFY.NS,1015.0,1022.7999877929688,1005.2000122070312,1014.5,6891893
2026-09-25,Infosys Ltd,INFY.NS,999.5,1004.2000122070312,991.5999755859375,1000.2000122070312,10240700
2026-09-28,Infosys Ltd,INFY.NS,1002.0,1009.5,986.5999755859375,1003.2000122070312,8567672
2026-09-29,Infosys Ltd,INFY.NS,1002.5999755859375,1015.4000244140625,980.4000244140625,1015.4000244140625,12992711
2026-09-30,Infosys Ltd,INFY.NS,1004.0,1024.0,992.2000122070312,994.0999755859375,13508984
2026-10-01,Infosys Ltd,INFY.NS,1010.0,1035.0,999.1500244140625,1035.0,15166446
2025-10-03,ITC Ltd,ITC.NS,404.8999938964844,405.5,402.29998779296875,404.29998779296875,16987141
2025-10-06,ITC Ltd,ITC.NS,403.0,403.8999938964844,399.79998779296875,400.75,13989077
2025-10-07,ITC Ltd,ITC.NS,402.5,402.6000061035156,399.5,399.79998779296875,12298968
2025-10-08,ITC Ltd,ITC.NS,400.0,401.75,398.0,399.75,8402463
2025-10-09,ITC Ltd,ITC.NS,399.0,401.3999938964844,398.95001220703125,399.8999938964844,15656267
2025-10-10,ITC Ltd,ITC.NS,400.45001220703125,403.8500061035156,399.5,402.79998779296875,15085738
2025-10-13,ITC Ltd,ITC.NS,400.0,400.95001220703125,398.54998779296875,399.25,9508594
2025-10-14,ITC Ltd,ITC.NS,400.0,400.8500061035156,396.20001220703125,396.79998779296875,10291102
2025-10-15,ITC Ltd,ITC.NS,398.0,400.8500061035156,397.25,399.8999938964844,16043867
2025-10-16,ITC Ltd,ITC.NS,401.0,406.0,399.54998779296875,405.1499938964844,22962049
2025-10-17,ITC Ltd,ITC.NS,405.3500061035156,413.8500061035156,405.25,412.1499938964844,21071344
2025-10-20,ITC Ltd,ITC.NS,412.54998779296875,414.8500061035156,411.29998779296875,413.04998779296875,13083621
2025-10-21,ITC Ltd,ITC.NS,413.5,413.95001220703125,412.3500061035156,412.8500061035156,1142130
2025-10-23,ITC Ltd,ITC.NS,416.0,420.45001220703125,413.54998779296875,415.95001220703125,24305990
2025-10-24,ITC Ltd,ITC.NS,415.95001220703125,417.95001220703125,413.45001220703125,416.79998779296875,14935678
2025-10-27,ITC Ltd,ITC.NS,417.0,422.70001220703125,416.6000061035156,420.6499938964844,11603679
2025-10-28,ITC Ltd,ITC.NS,420.5,421.6499938964844,415.8999938964844,417.8999938964844,17163147
2025-10-29,ITC Ltd,ITC.NS,418.20001220703125,422.20001220703125,416.04998779296875,421.6000061035156,11470661
2025-10-30,ITC Ltd,ITC.NS,421.6000061035156,421.70001220703125,416.1499938964844,418.75,12938674
2025-10-31,ITC Ltd,ITC.NS,420.5,426.3999938964844,418.20001220703125,420.3500061035156,18599864
2025-11-03,ITC Ltd,ITC.NS,419.95001220703125,421.6499938964844,413.29998779296875,413.95001220703125,7635440
2025-11-04,ITC Ltd,ITC.NS,414.0,414.5,408.3500061035156,408.8999938964844,10085404
2025-11-06,ITC Ltd,ITC.NS,410.0,413.29998779296875,406.54998779296875,407.5,10095563
2025-11-07,ITC Ltd,ITC.NS,406.04998779296875,409.1000061035156,403.1000061035156,404.04998779296875,8411611
2025-11-10,ITC Ltd,ITC.NS,404.04998779296875,407.1000061035156,403.6499938964844,405.54998779296875,6650003
2025-11-11,ITC Ltd,ITC.NS,406.0,408.04998779296875,404.6000061035156,406.8500061035156,12005318
2025-11-12,ITC Ltd,ITC.NS,408.0,408.1000061035156,405.54998779296875,407.0,7987236
2025-11-13,ITC Ltd,ITC.NS,407.0,407.5,404.5,405.70001220703125,6617185
2025-11-14,ITC Ltd,ITC.NS,404.70001220703125,408.75,400.1000061035156,408.1499938964844,64020258
2025-11-17,ITC Ltd,ITC.NS,409.75,412.0,406.0,407.1000061035156,7855399
2025-11-18,ITC Ltd,ITC.NS,408.25,409.79998779296875,404.54998779296875,405.8500061035156,7661681
2025-11-19,ITC Ltd,ITC.NS,404.8500061035156,405.54998779296875,402.79998779296875,403.54998779296875,7882450
2025-11-20,ITC Ltd,ITC.NS,403.54998779296875,407.0,403.25,405.45001220703125,6693410
2025-11-21,ITC Ltd,ITC.NS,405.0,408.5,404.70001220703125,407.8500061035156,5808131
2025-11-24,ITC Ltd,ITC.NS,408.3999938964844,408.79998779296875,402.8500061035156,403.54998779296875,11037491
2025-11-25,ITC Ltd,ITC.NS,403.54998779296875,404.5,400.1000061035156,400.79998779296875,8199785
2025-11-26,ITC Ltd,ITC.NS,401.0,403.95001220703125,400.95001220703125,402.29998779296875,11443953
2025-11-27,ITC Ltd,ITC.NS,403.5,405.95001220703125,402.1000061035156,404.29998779296875,8679529
2025-11-28,ITC Ltd,ITC.NS,404.29998779296875,405.0,402.5,404.25,6883500
2025-12-01,ITC Ltd,ITC.NS,402.79998779296875,405.5,398.20001220703125,404.25,13442658
2025-12-02,ITC Ltd,ITC.NS,404.25,405.5,400.5,400.95001220703125,8093808
2025-12-03,ITC Ltd,ITC.NS,401.70001220703125,402.20001220703125,398.8500061035156,400.5,10772192
2025-12-04,ITC Ltd,ITC.NS,400.1000061035156,403.54998779296875,399.04998779296875,403.04998779296875,8057989
2025-12-05,ITC Ltd,ITC.NS,403.04998779296875,405.3500061035156,402.0,404.95001220703125,4419747
2025-12-08,ITC Ltd,ITC.NS,404.95001220703125,405.25,400.54998779296875,402.29998779296875,6056866
2025-12-09,ITC Ltd,ITC.NS,402.0,404.5,400.0,401.04998779296875,9426717
2025-12-10,ITC Ltd,ITC.NS,401.1000061035156,404.3999938964844,401.0,403.1499938964844,6969146
2025-12-11,ITC Ltd,ITC.NS,403.1499938964844,404.0,401.1000061035156,402.8999938964844,6980147
2025-12-12,ITC Ltd,ITC.NS,402.8999938964844,404.0,399.8500061035156,400.1000061035156,12407516
2025-12-15,ITC Ltd,ITC.NS,400.1000061035156,403.3500061035156,399.5,402.29998779296875,7756564
2025-12-16,ITC Ltd,ITC.NS,401.3999938964844,405.75,401.04998779296875,401.70001220703125,12347384
2025-12-17,ITC Ltd,ITC.NS,401.0,403.1000061035156,399.1000061035156,399.79998779296875,8087490
2025-12-18,ITC Ltd,ITC.NS,400.0,401.95001220703125,399.8500061035156,400.3999938964844,7227668
2025-12-19,ITC Ltd,ITC.NS,400.25,402.6499938964844,400.25,401.04998779296875,10654835
2025-12-22,ITC Ltd,ITC.NS,401.6000061035156,403.6499938964844,401.20001220703125,402.70001220703125,6847871
2025-12-23,ITC Ltd,ITC.NS,402.5,408.8999938964844,401.79998779296875,407.3500061035156,10081997
2025-12-24,ITC Ltd,ITC.NS,407.95001220703125,409.5,405.6499938964844,406.6000061035156,5777430
2025-12-26,ITC Ltd,ITC.NS,406.5,407.1499938964844,403.8500061035156,404.1499938964844,3152453
2025-12-29,ITC Ltd,ITC.NS,404.1000061035156,404.79998779296875,401.45001220703125,402.6000061035156,6647710
2025-12-30,ITC Ltd,ITC.NS,403.0,403.45001220703125,400.29998779296875,400.6000061035156,12340527
2025-12-31,ITC Ltd,ITC.NS,401.1000061035156,403.75,400.8500061035156,403.0,9945109
2026-01-01,ITC Ltd,ITC.NS,402.70001220703125,402.70001220703125,362.70001220703125,363.8500061035156,282626710
2026-01-02,ITC Ltd,ITC.NS,360.0,360.0,345.25,350.04998779296875,118790358
2026-01-05,ITC Ltd,ITC.NS,350.20001220703125,353.95001220703125,346.04998779296875,349.70001220703125,48358124
2026-01-06,ITC Ltd,ITC.NS,350.25,350.70001220703125,337.75,342.45001220703125,72582738
2026-01-07,ITC Ltd,ITC.NS,343.0,344.54998779296875,339.29998779296875,341.25,29440734
2026-01-08,ITC Ltd,ITC.NS,341.5,345.1499938964844,339.04998779296875,340.8999938964844,36706319
2026-01-09,ITC Ltd,ITC.NS,340.8999938964844,341.0,336.1000061035156,337.1499938964844,35193201
2026-01-12,ITC Ltd,ITC.NS,338.25,339.5,335.79998779296875,338.3999938964844,16156143
2026-01-13,ITC Ltd,ITC.NS,339.0,339.5,333.70001220703125,334.70001220703125,24922339
2026-01-14,ITC Ltd,ITC.NS,336.0,336.0,333.45001220703125,334.75,14913422
2026-01-15,ITC Ltd,ITC.NS,334.75,334.75,334.75,334.75,0
2026-01-16,ITC Ltd,ITC.NS,337.5,337.5,328.54998779296875,329.20001220703125,30526898
2026-01-19,ITC Ltd,ITC.NS,330.0,334.6499938964844,327.29998779296875,333.20001220703125,15507440
2026-01-20,ITC Ltd,ITC.NS,334.04998779296875,334.5,325.5,326.29998779296875,18771011
2026-01-21,ITC Ltd,ITC.NS,326.0,329.29998779296875,324.3500061035156,324.75,14177965
2026-01-22,ITC Ltd,ITC.NS,326.1000061035156,328.70001220703125,321.04998779296875,324.8500061035156,18622852
2026-01-23,ITC Ltd,ITC.NS,325.54998779296875,326.3999938964844,322.70001220703125,323.3999938964844,11950089
2026-01-27,ITC Ltd,ITC.NS,323.6000061035156,324.70001220703125,317.8500061035156,318.6499938964844,47847784
2026-01-28,ITC Ltd,ITC.NS,319.95001220703125,323.70001220703125,319.3500061035156,321.1499938964844,28400238
2026-01-29,ITC Ltd,ITC.NS,322.6000061035156,322.6000061035156,318.04998779296875,318.6000061035156,17719420
2026-01-30,ITC Ltd,ITC.NS,318.79998779296875,325.1499938964844,316.45001220703125,322.1499938964844,41975824
2026-02-02,ITC Ltd,ITC.NS,309.45001220703125,315.3999938964844,302.0,314.70001220703125,35227572
2026-02-03,ITC Ltd,ITC.NS,321.20001220703125,324.75,311.6000061035156,316.6499938964844,33168353
2026-02-04,ITC Ltd,ITC.NS,312.5,314.95001220703125,311.3500061035156,313.8500061035156,11196759
2026-02-05,ITC Ltd,ITC.NS,313.95001220703125,315.3500061035156,309.29998779296875,310.20001220703125,15816704
2026-02-06,ITC Ltd,ITC.NS,310.0,327.70001220703125,308.29998779296875,325.79998779296875,68057745
2026-02-09,ITC Ltd,ITC.NS,327.95001220703125,328.70001220703125,321.6499938964844,322.79998779296875,20059198
2026-02-10,ITC Ltd,ITC.NS,323.0,323.54998779296875,320.75,321.3999938964844,11489090
2026-02-11,ITC Ltd,ITC.NS,321.95001220703125,322.20001220703125,316.29998779296875,318.25,24843366
2026-02-12,ITC Ltd,ITC.NS,317.29998779296875,320.3999938964844,316.8999938964844,317.45001220703125,13294561
2026-02-13,ITC Ltd,ITC.NS,316.0,318.3999938964844,313.25,313.75,8730618
2026-02-16,ITC Ltd,ITC.NS,313.75,318.25,313.1499938964844,317.95001220703125,11693763
2026-02-17,ITC Ltd,ITC.NS,318.45001220703125,328.04998779296875,318.1499938964844,325.45001220703125,39360672
2026-02-18,ITC Ltd,ITC.NS,326.0,332.95001220703125,324.79998779296875,332.45001220703125,35473203
2026-02-19,ITC Ltd,ITC.NS,334.04998779296875,334.25,325.0,326.0,19911747
2026-02-20,ITC Ltd,ITC.NS,325.04998779296875,327.8500061035156,325.04998779296875,327.0,11282027
2026-02-23,ITC Ltd,ITC.NS,327.0,328.1000061035156,324.3999938964844,325.3999938964844,13486092
2026-02-24,ITC Ltd,ITC.NS,324.0,325.3999938964844,322.04998779296875,323.5,13135859
2026-02-25,ITC Ltd,ITC.NS,325.5,326.6000061035156,318.1000061035156,319.75,13492101
2026-02-26,ITC Ltd,ITC.NS,320.0,321.3999938964844,317.6000061035156,318.29998779296875,11270119
2026-02-27,ITC Ltd,ITC.NS,316.0,317.75,312.6499938964844,313.6000061035156,13892595
2026-03-02,ITC Ltd,ITC.NS,307.0,315.75,307.0,314.8999938964844,22194311
2026-03-04,ITC Ltd,ITC.NS,310.6000061035156,315.5,310.5,311.95001220703125,24165489
2026-03-05,ITC Ltd,ITC.NS,312.20001220703125,313.6000061035156,308.20001220703125,311.5,19938009
2026-03-06,ITC Ltd,ITC.NS,310.04998779296875,312.29998779296875,309.20001220703125,309.70001220703125,21288269
2026-03-09,ITC Ltd,ITC.NS,305.0,307.20001220703125,303.6000061035156,306.0,14084931
2026-03-10,ITC Ltd,ITC.NS,309.0,310.0,303.75,309.04998779296875,18352950
2026-03-11,ITC Ltd,ITC.NS,309.04998779296875,310.6499938964844,307.70001220703125,309.0,14842485
2026-03-12,ITC Ltd,ITC.NS,307.04998779296875,308.0,302.8500061035156,304.1000061035156,23319679
2026-03-13,ITC Ltd,ITC.NS,304.0,306.0,300.6499938964844,301.45001220703125,25659996
2026-03-16,ITC Ltd,ITC.NS,302.54998779296875,309.45001220703125,302.0,308.25,37472204
2026-03-17,ITC Ltd,ITC.NS,309.95001220703125,309.95001220703125,304.04998779296875,304.8500061035156,25649286
2026-03-18,ITC Ltd,ITC.NS,305.8999938964844,306.95001220703125,303.5,304.04998779296875,16702554
2026-03-19,ITC Ltd,ITC.NS,301.5,305.5,297.1000061035156,298.0,17851126
2026-03-20,ITC Ltd,ITC.NS,301.04998779296875,308.75,298.1499938964844,299.95001220703125,58679529
2026-03-23,ITC Ltd,ITC.NS,298.8999938964844,299.0,289.54998779296875,290.45001220703125,31788160
2026-03-24,ITC Ltd,ITC.NS,295.95001220703125,296.0,288.75,291.25,33335721
2026-03-25,ITC Ltd,ITC.NS,292.70001220703125,298.5,292.25,295.70001220703125,26184716
2026-03-27,ITC Ltd,ITC.NS,294.70001220703125,296.8500061035156,291.54998779296875,294.70001220703125,22179022
2026-03-30,ITC Ltd,ITC.NS,293.6000061035156,294.45001220703125,287.0,287.70001220703125,24586921
2026-04-01,ITC Ltd,ITC.NS,293.0,294.45001220703125,290.8999938964844,291.70001220703125,18604340
2026-04-02,ITC Ltd,ITC.NS,290.25,293.6499938964844,288.3999938964844,292.8500061035156,18082775
2026-04-06,ITC Ltd,ITC.NS,293.0,295.3500061035156,290.25,294.8500061035156,18047063
2026-04-07,ITC Ltd,ITC.NS,294.1499938964844,299.0,292.75,298.45001220703125,26963485
2026-04-08,ITC Ltd,ITC.NS,303.8999938964844,304.6000061035156,301.54998779296875,302.45001220703125,22310207
2026-04-09,ITC Ltd,ITC.NS,301.5,304.3999938964844,301.25,303.0,17691477
2026-04-10,ITC Ltd,ITC.NS,303.0,305.3999938964844,302.6000061035156,304.25,17744386
2026-04-13,ITC Ltd,ITC.NS,300.0,301.45001220703125,298.1000061035156,298.6499938964844,16522014
2026-04-15,ITC Ltd,ITC.NS,300.70001220703125,304.0,300.54998779296875,302.04998779296875,18701403
2026-04-16,ITC Ltd,ITC.NS,302.95001220703125,305.3500061035156,301.8500061035156,303.3999938964844,16512053
2026-04-17,ITC Ltd,ITC.NS,303.8500061035156,309.95001220703125,303.8500061035156,306.79998779296875,35111203
2026-04-20,ITC Ltd,ITC.NS,307.0,307.95001220703125,304.45001220703125,305.0,13540471
2026-04-21,ITC Ltd,ITC.NS,305.0,311.1000061035156,304.54998779296875,309.6499938964844,24411865
2026-04-22,ITC Ltd,ITC.NS,310.0,310.54998779296875,305.1000061035156,305.5,24500511
2026-04-23,ITC Ltd,ITC.NS,304.0,306.3500061035156,303.25,305.29998779296875,10701849
2026-04-24,ITC Ltd,ITC.NS,306.6499938964844,306.6499938964844,301.1000061035156,301.6000061035156,17011704
2026-04-27,ITC Ltd,ITC.NS,303.6499938964844,305.6499938964844,302.8500061035156,303.8500061035156,14382348
2026-04-28,ITC Ltd,ITC.NS,304.3999938964844,305.79998779296875,302.54998779296875,304.45001220703125,12907339
2026-04-29,ITC Ltd,ITC.NS,305.1000061035156,317.5,305.1000061035156,316.25,31199038
2026-04-30,ITC Ltd,ITC.NS,316.25,317.5,313.29998779296875,314.8999938964844,11541956
2026-05-01,ITC Ltd,ITC.NS,314.8999938964844,314.8999938964844,314.8999938964844,314.8999938964844,0
2026-05-04,ITC Ltd,ITC.NS,317.8999938964844,317.8999938964844,310.5,311.1000061035156,20245091
2026-05-05,ITC Ltd,ITC.NS,311.1000061035156,313.70001220703125,309.6499938964844,311.45001220703125,26795704
2026-05-06,ITC Ltd,ITC.NS,312.79998779296875,313.6000061035156,309.25,310.70001220703125,20287609
2026-05-07,ITC Ltd,ITC.NS,311.45001220703125,311.6499938964844,307.0,307.3999938964844,25718615
2026-05-08,ITC Ltd,ITC.NS,308.8999938964844,308.8999938964844,305.70001220703125,307.45001220703125,17739844
2026-05-11,ITC Ltd,ITC.NS,307.0,308.0,305.1499938964844,305.8500061035156,14968661
2026-05-12,ITC Ltd,ITC.NS,305.3500061035156,306.25,300.1000061035156,300.70001220703125,15968338
2026-05-13,ITC Ltd,ITC.NS,302.0,305.79998779296875,301.04998779296875,304.45001220703125,13024778
2026-05-14,ITC Ltd,ITC.NS,305.0,309.20001220703125,304.8500061035156,307.20001220703125,11113377
2026-05-15,ITC Ltd,ITC.NS,307.20001220703125,312.04998779296875,306.29998779296875,309.45001220703125,11954564
2026-05-18,ITC Ltd,ITC.NS,309.45001220703125,312.29998779296875,306.5,310.1499938964844,14422870
2026-05-19,ITC Ltd,ITC.NS,311.95001220703125,314.25,308.3500061035156,310.29998779296875,17519355
2026-05-20,ITC Ltd,ITC.NS,309.0,309.6499938964844,306.20001220703125,307.54998779296875,12127920
2026-05-21,ITC Ltd,ITC.NS,309.8500061035156,311.29998779296875,305.79998779296875,308.04998779296875,21868988
2026-05-22,ITC Ltd,ITC.NS,305.8999938964844,307.0,301.0,301.70001220703125,30751752
2026-05-25,ITC Ltd,ITC.NS,303.95001220703125,305.5,302.3500061035156,303.95001220703125,15734247
2026-05-26,ITC Ltd,ITC.NS,304.3500061035156,304.3999938964844,301.1000061035156,301.6499938964844,37560542
2026-05-27,ITC Ltd,ITC.NS,295.6499938964844,296.3500061035156,291.04998779296875,291.95001220703125,25446093
2026-05-28,ITC Ltd,ITC.NS,291.95001220703125,291.95001220703125,291.95001220703125,291.95001220703125,0
2026-05-29,ITC Ltd,ITC.NS,292.0,292.3999938964844,285.8999938964844,286.8999938964844,31930439
2026-06-01,ITC Ltd,ITC.NS,287.79998779296875,288.54998779296875,278.29998779296875,279.6499938964844,23477875
2026-06-02,ITC Ltd,ITC.NS,279.5,283.6000061035156,277.1000061035156,283.25,20206131
2026-06-03,ITC Ltd,ITC.NS,282.3500061035156,282.3500061035156,275.20001220703125,277.0,28001438
2026-06-04,ITC Ltd,ITC.NS,277.0,280.6499938964844,275.04998779296875,280.29998779296875,22017634
2026-06-05,ITC Ltd,ITC.NS,280.0,281.3999938964844,277.8500061035156,280.70001220703125,16065822
2026-06-08,ITC Ltd,ITC.NS,279.0,283.45001220703125,276.95001220703125,279.45001220703125,15779677
2026-06-09,ITC Ltd,ITC.NS,281.70001220703125,281.70001220703125,277.1499938964844,280.0,12302522
2026-06-10,ITC Ltd,ITC.NS,280.0,285.8500061035156,278.6499938964844,283.6499938964844,19823743
2026-06-11,ITC Ltd,ITC.NS,283.0,283.25,281.20001220703125,282.3999938964844,12603100
2026-06-12,ITC Ltd,ITC.NS,283.54998779296875,285.8500061035156,283.0,285.1000061035156,12893433
2026-06-15,ITC Ltd,ITC.NS,287.0,288.8500061035156,286.70001220703125,287.8999938964844,11194950
2026-06-16,ITC Ltd,ITC.NS,288.1499938964844,292.1499938964844,287.5,291.6499938964844,14467499
2026-06-17,ITC Ltd,ITC.NS,291.95001220703125,292.3500061035156,290.0,290.75,8626353
2026-06-18,ITC Ltd,ITC.NS,291.04998779296875,291.8999938964844,288.0,291.1499938964844,10409670
2026-06-19,ITC Ltd,ITC.NS,289.79998779296875,294.54998779296875,288.3999938964844,292.5,13874008
2026-06-22,ITC Ltd,ITC.NS,292.79998779296875,293.95001220703125,290.04998779296875,291.25,9947873
2026-06-23,ITC Ltd,ITC.NS,291.25,293.1499938964844,289.6499938964844,290.0,9410364
2026-06-24,ITC Ltd,ITC.NS,290.0,291.3999938964844,289.45001220703125,290.3500061035156,6218635
2026-06-25,ITC Ltd,ITC.NS,290.3500061035156,292.25,289.20001220703125,290.0,11230239
2026-06-26,ITC Ltd,ITC.NS,290.0,290.0,290.0,290.0,0
2026-06-29,ITC Ltd,ITC.NS,290.45001220703125,291.8999938964844,289.3500061035156,290.70001220703125,10110022
2026-06-30,ITC Ltd,ITC.NS,291.5,291.6000061035156,285.5,286.95001220703125,18180676
2026-07-01,ITC Ltd,ITC.NS,287.8500061035156,291.0,287.1000061035156,290.29998779296875,6551425
2026-07-02,ITC Ltd,ITC.NS,290.70001220703125,291.0,287.70001220703125,289.8999938964844,12722639
2026-07-03,ITC Ltd,ITC.NS,291.29998779296875,291.6000061035156,289.0,289.95001220703125,6517591
2026-07-06,ITC Ltd,ITC.NS,289.95001220703125,290.3999938964844,287.6000061035156,288.25,27126124
2026-07-07,ITC Ltd,ITC.NS,288.29998779296875,290.70001220703125,286.54998779296875,288.75,18491160
2026-07-08,ITC Ltd,ITC.NS,286.8999938964844,287.8500061035156,280.0,280.6499938964844,21593793
2026-07-09,ITC Ltd,ITC.NS,281.25,284.3999938964844,281.0,282.04998779296875,12512120
2026-07-10,ITC Ltd,ITC.NS,282.8500061035156,283.6499938964844,280.8500061035156,281.75,11774274
2026-07-13,ITC Ltd,ITC.NS,281.3500061035156,281.5,279.5,279.6499938964844,12559492
2026-07-14,ITC Ltd,ITC.NS,279.25,280.6499938964844,275.0,275.54998779296875,15018851
2026-07-15,ITC Ltd,ITC.NS,276.6499938964844,277.70001220703125,275.29998779296875,276.6499938964844,8523722
2026-07-16,ITC Ltd,ITC.NS,277.0,280.45001220703125,276.0,279.3500061035156,11220653
2026-07-17,ITC Ltd,ITC.NS,279.3500061035156,281.95001220703125,277.79998779296875,280.70001220703125,15215868
2026-07-20,ITC Ltd,ITC.NS,280.70001220703125,283.70001220703125,279.5,282.70001220703125,9913943
2026-07-21,ITC Ltd,ITC.NS,283.0,283.95001220703125,278.79998779296875,281.0,9858768
2026-07-22,ITC Ltd,ITC.NS,280.5,282.20001220703125,278.5,280.79998779296875,12995017
2026-07-23,ITC Ltd,ITC.NS,279.95001220703125,284.0,279.6499938964844,281.29998779296875,21143589
2026-07-24,ITC Ltd,ITC.NS,279.54998779296875,284.8500061035156,279.54998779296875,283.45001220703125,24954082
2026-07-27,ITC Ltd,ITC.NS,287.75,287.8999938964844,285.5,285.8500061035156,19312804
2026-07-28,ITC Ltd,ITC.NS,284.8999938964844,287.95001220703125,282.29998779296875,284.6499938964844,14843878
2026-07-29,ITC Ltd,ITC.NS,285.6000061035156,289.04998779296875,284.1499938964844,286.25,19030590
2026-07-30,ITC Ltd,ITC.NS,286.1000061035156,288.3999938964844,283.75,285.04998779296875,18283697
2026-07-31,ITC Ltd,ITC.NS,285.54998779296875,285.79998779296875,280.04998779296875,281.0,16833813
2026-08-03,ITC Ltd,ITC.NS,284.45001220703125,292.54998779296875,283.0,287.0,45392755
2026-08-04,ITC Ltd,ITC.NS,286.04998779296875,289.0,284.70001220703125,289.0,12689243
2026-08-05,ITC Ltd,ITC.NS,288.25,288.5,285.0,286.95001220703125,11771241
2026-08-06,ITC Ltd,ITC.NS,285.45001220703125,286.3500061035156,283.70001220703125,285.8999938964844,12447629
2026-08-07,ITC Ltd,ITC.NS,285.0,286.1000061035156,284.3999938964844,286.1000061035156,6128841
2026-08-10,ITC Ltd,ITC.NS,286.1000061035156,286.1000061035156,281.3999938964844,282.6499938964844,9347929
2026-08-11,ITC Ltd,ITC.NS,282.0,282.6000061035156,278.0,279.0,13053722
2026-08-12,ITC Ltd,ITC.NS,279.0,279.54998779296875,275.3999938964844,276.1499938964844,12630816
2026-08-13,ITC Ltd,ITC.NS,276.20001220703125,278.5,276.04998779296875,278.5,11335590
2026-08-14,ITC Ltd,ITC.NS,278.3500061035156,278.3500061035156,275.95001220703125,278.20001220703125,7338537
2026-08-17,ITC Ltd,ITC.NS,278.20001220703125,278.20001220703125,273.0,273.04998779296875,12795275
2026-08-18,ITC Ltd,ITC.NS,273.04998779296875,273.6499938964844,269.1499938964844,270.0,14561572
2026-08-19,ITC Ltd,ITC.NS,270.0,270.95001220703125,265.8500061035156,267.04998779296875,13821291
2026-08-20,ITC Ltd,ITC.NS,268.20001220703125,271.6499938964844,265.0,271.6499938964844,28272797
2026-08-21,ITC Ltd,ITC.NS,271.6000061035156,271.6000061035156,269.0,269.3999938964844,8312928
2026-08-24,ITC Ltd,ITC.NS,270.6000061035156,270.6000061035156,267.0,269.70001220703125,8518400
2026-08-25,ITC Ltd,ITC.NS,269.70001220703125,271.3999938964844,267.6499938964844,271.3999938964844,8414719
2026-08-26,ITC Ltd,ITC.NS,271.8500061035156,273.95001220703125,270.25,270.25,11693367
2026-08-27,ITC Ltd,ITC.NS,269.5,271.25,268.0,269.0,8834890
2026-08-28,ITC Ltd,ITC.NS,269.0,269.0,264.79998779296875,266.0,15200847
2026-08-31,ITC Ltd,ITC.NS,266.0,266.54998779296875,255.5,255.5,24575845
2026-09-01,ITC Ltd,ITC.NS,261.5,268.20001220703125,261.5,266.6000061035156,31258553
2026-09-02,ITC Ltd,ITC.NS,266.0,269.0,262.79998779296875,266.29998779296875,14643482
2026-09-03,ITC Ltd,ITC.NS,266.5,267.6000061035156,262.3500061035156,263.0,17813663
2026-09-04,ITC Ltd,ITC.NS,264.0,266.25,262.6499938964844,264.1000061035156,9519153
2026-09-07,ITC Ltd,ITC.NS,264.1000061035156,264.95001220703125,262.95001220703125,263.5,6688002
2026-09-08,ITC Ltd,ITC.NS,263.5,265.8999938964844,262.70001220703125,263.5,7406617
2026-09-09,ITC Ltd,ITC.NS,263.6499938964844,264.5,260.20001220703125,260.79998779296875,10065188
2026-09-10,ITC Ltd,ITC.NS,261.0,263.8999938964844,259.1000061035156,259.29998779296875,17541602
2026-09-11,ITC Ltd,ITC.NS,258.0,261.6499938964844,257.70001220703125,259.8500061035156,11116049
2026-09-14,ITC Ltd,ITC.NS,259.8500061035156,259.8500061035156,259.8500061035156,259.8500061035156,0
2026-09-15,ITC Ltd,ITC.NS,261.0,264.20001220703125,258.0,258.0,12133201
2026-09-16,ITC Ltd,ITC.NS,259.3999938964844,264.8999938964844,259.29998779296875,264.1499938964844,15199856
2026-09-17,ITC Ltd,ITC.NS,264.79998779296875,268.5,264.1000061035156,266.20001220703125,13365227
2026-09-18,ITC Ltd,ITC.NS,266.6000061035156,266.6000061035156,262.29998779296875,262.29998779296875,14399150
2026-09-21,ITC Ltd,ITC.NS,263.54998779296875,267.95001220703125,263.54998779296875,267.0,8662786
2026-09-22,ITC Ltd,ITC.NS,267.8999938964844,268.25,264.75,265.79998779296875,7177847
2026-09-23,ITC Ltd,ITC.NS,265.8500061035156,271.04998779296875,265.1499938964844,270.1499938964844,13142058
2026-09-24,ITC Ltd,ITC.NS,268.70001220703125,270.29998779296875,266.70001220703125,268.0,7398276
2026-09-25,ITC Ltd,ITC.NS,268.1000061035156,269.0,266.29998779296875,269.0,6240148
2026-09-28,ITC Ltd,ITC.NS,269.0,269.29998779296875,265.0,265.20001220703125,7863377
2026-09-29,ITC Ltd,ITC.NS,265.45001220703125,266.75,263.29998779296875,265.1000061035156,14419948
2026-09-30,ITC Ltd,ITC.NS,265.0,266.8999938964844,261.3999938964844,262.75,14079098
2026-10-01,ITC Ltd,ITC.NS,262.70001220703125,262.70001220703125,254.64999389648438,255.89999389648438,16447266
2025-10-03,JSW Steel Ltd,JSWSTEEL.NS,1146.0999755859375,1175.800048828125,1145.9000244140625,1161.699951171875,2179883
2025-10-06,JSW Steel Ltd,JSWSTEEL.NS,1161.699951171875,1164.9000244140625,1149.199951171875,1159.9000244140625,1013304
2025-10-07,JSW Steel Ltd,JSWSTEEL.NS,1159.9000244140625,1173.0,1154.199951171875,1156.800048828125,1565661
2025-10-08,JSW Steel Ltd,JSWSTEEL.NS,1158.0,1162.699951171875,1142.699951171875,1145.199951171875,737972
2025-10-09,JSW Steel Ltd,JSWSTEEL.NS,1146.0,1178.800048828125,1146.0,1175.199951171875,2001612
2025-10-10,JSW Steel Ltd,JSWSTEEL.NS,1174.0,1175.0,1156.4000244140625,1167.800048828125,1457768
2025-10-13,JSW Steel Ltd,JSWSTEEL.NS,1160.9000244140625,1164.9000244140625,1153.5999755859375,1161.4000244140625,488298
2025-10-14,JSW Steel Ltd,JSWSTEEL.NS,1165.0,1169.5999755859375,1139.4000244140625,1147.800048828125,1408990
2025-10-15,JSW Steel Ltd,JSWSTEEL.NS,1147.800048828125,1163.699951171875,1145.0,1160.800048828125,1284749
2025-10-16,JSW Steel Ltd,JSWSTEEL.NS,1165.0,1173.5,1158.5999755859375,1172.0999755859375,655759
2025-10-17,JSW Steel Ltd,JSWSTEEL.NS,1175.0,1178.0,1149.5999755859375,1163.300048828125,2207267
2025-10-20,JSW Steel Ltd,JSWSTEEL.NS,1174.5999755859375,1174.5999755859375,1139.4000244140625,1145.199951171875,1214428
2025-10-21,JSW Steel Ltd,JSWSTEEL.NS,1150.0,1154.699951171875,1148.5999755859375,1152.5,115719
2025-10-23,JSW Steel Ltd,JSWSTEEL.NS,1161.0,1162.5,1135.0999755859375,1138.199951171875,1740322
2025-10-24,JSW Steel Ltd,JSWSTEEL.NS,1140.0,1151.0,1131.5,1141.4000244140625,1320560
2025-10-27,JSW Steel Ltd,JSWSTEEL.NS,1147.800048828125,1156.699951171875,1143.199951171875,1150.5999755859375,1275776
2025-10-28,JSW Steel Ltd,JSWSTEEL.NS,1145.5999755859375,1186.4000244140625,1145.0,1184.199951171875,3451230
2025-10-29,JSW Steel Ltd,JSWSTEEL.NS,1189.199951171875,1223.9000244140625,1185.5,1207.9000244140625,3819737
2025-10-30,JSW Steel Ltd,JSWSTEEL.NS,1207.9000244140625,1211.5999755859375,1199.4000244140625,1210.0,1273913
2025-10-31,JSW Steel Ltd,JSWSTEEL.NS,1210.0,1216.0,1199.0,1206.0,1337807
2025-11-03,JSW Steel Ltd,JSWSTEEL.NS,1213.9000244140625,1217.5,1190.0,1195.0,1486643
2025-11-04,JSW Steel Ltd,JSWSTEEL.NS,1202.5999755859375,1202.5999755859375,1175.199951171875,1181.4000244140625,1110884
2025-11-06,JSW Steel Ltd,JSWSTEEL.NS,1181.4000244140625,1183.5,1161.5999755859375,1168.800048828125,1304994
2025-11-07,JSW Steel Ltd,JSWSTEEL.NS,1160.0999755859375,1182.9000244140625,1151.199951171875,1171.699951171875,845047
2025-11-10,JSW Steel Ltd,JSWSTEEL.NS,1174.0,1185.0,1172.0,1179.300048828125,740226
2025-11-11,JSW Steel Ltd,JSWSTEEL.NS,1187.0,1206.699951171875,1166.0999755859375,1191.5,1588730
2025-11-12,JSW Steel Ltd,JSWSTEEL.NS,1192.0,1194.9000244140625,1178.0,1181.800048828125,976290
2025-11-13,JSW Steel Ltd,JSWSTEEL.NS,1191.699951171875,1200.4000244140625,1178.0999755859375,1183.9000244140625,1427189
2025-11-14,JSW Steel Ltd,JSWSTEEL.NS,1182.0999755859375,1182.9000244140625,1159.0,1167.800048828125,1059030
2025-11-17,JSW Steel Ltd,JSWSTEEL.NS,1173.9000244140625,1178.0,1165.4000244140625,1175.5,1102752
2025-11-18,JSW Steel Ltd,JSWSTEEL.NS,1179.9000244140625,1179.9000244140625,1152.9000244140625,1163.0,1912105
2025-11-19,JSW Steel Ltd,JSWSTEEL.NS,1167.5,1170.9000244140625,1157.5999755859375,1164.9000244140625,522344
2025-11-20,JSW Steel Ltd,JSWSTEEL.NS,1170.5999755859375,1174.9000244140625,1161.0,1170.0,908758
2025-11-21,JSW Steel Ltd,JSWSTEEL.NS,1166.0,1166.9000244140625,1133.0999755859375,1140.300048828125,1045627
2025-11-24,JSW Steel Ltd,JSWSTEEL.NS,1142.0,1145.0,1104.300048828125,1106.0,2209717
2025-11-25,JSW Steel Ltd,JSWSTEEL.NS,1107.300048828125,1123.9000244140625,1107.300048828125,1112.0,1394051
2025-11-26,JSW Steel Ltd,JSWSTEEL.NS,1112.0,1157.0,1112.0,1154.4000244140625,2167703
2025-11-27,JSW Steel Ltd,JSWSTEEL.NS,1159.0,1163.0,1136.300048828125,1160.5999755859375,2342042
2025-11-28,JSW Steel Ltd,JSWSTEEL.NS,1160.0,1172.5999755859375,1153.300048828125,1160.300048828125,1243394
2025-12-01,JSW Steel Ltd,JSWSTEEL.NS,1164.9000244140625,1185.0,1157.300048828125,1168.4000244140625,3039396
2025-12-02,JSW Steel Ltd,JSWSTEEL.NS,1168.4000244140625,1172.800048828125,1159.300048828125,1162.0,2834317
2025-12-03,JSW Steel Ltd,JSWSTEEL.NS,1162.0,1171.199951171875,1104.9000244140625,1143.5999755859375,6026786
2025-12-04,JSW Steel Ltd,JSWSTEEL.NS,1159.0,1165.0,1143.0999755859375,1150.5999755859375,2285777
2025-12-05,JSW Steel Ltd,JSWSTEEL.NS,1150.0,1170.0,1143.4000244140625,1162.199951171875,2326439
2025-12-08,JSW Steel Ltd,JSWSTEEL.NS,1164.9000244140625,1168.0,1114.800048828125,1119.0999755859375,1727184
2025-12-09,JSW Steel Ltd,JSWSTEEL.NS,1118.0,1120.5999755859375,1099.300048828125,1107.800048828125,1947088
2025-12-10,JSW Steel Ltd,JSWSTEEL.NS,1101.300048828125,1113.0999755859375,1090.0,1096.800048828125,1222924
2025-12-11,JSW Steel Ltd,JSWSTEEL.NS,1100.9000244140625,1111.300048828125,1095.5,1105.4000244140625,759090
2025-12-12,JSW Steel Ltd,JSWSTEEL.NS,1110.0,1128.800048828125,1108.800048828125,1125.5,827546
2025-12-15,JSW Steel Ltd,JSWSTEEL.NS,1120.0999755859375,1122.5999755859375,1110.0,1114.800048828125,1017965
2025-12-16,JSW Steel Ltd,JSWSTEEL.NS,1114.0,1114.0,1080.5,1082.5999755859375,2000325
2025-12-17,JSW Steel Ltd,JSWSTEEL.NS,1088.300048828125,1093.699951171875,1075.5999755859375,1079.300048828125,1781774
2025-12-18,JSW Steel Ltd,JSWSTEEL.NS,1079.0,1091.5,1073.199951171875,1082.199951171875,1134603
2025-12-19,JSW Steel Ltd,JSWSTEEL.NS,1091.0,1091.0,1075.699951171875,1079.5999755859375,1068212
2025-12-22,JSW Steel Ltd,JSWSTEEL.NS,1085.0,1100.300048828125,1077.699951171875,1094.9000244140625,1086319
2025-12-23,JSW Steel Ltd,JSWSTEEL.NS,1095.0,1102.9000244140625,1092.0,1096.800048828125,961759
2025-12-24,JSW Steel Ltd,JSWSTEEL.NS,1099.5,1103.300048828125,1088.0999755859375,1091.300048828125,806530
2025-12-26,JSW Steel Ltd,JSWSTEEL.NS,1092.0999755859375,1099.699951171875,1082.0,1094.4000244140625,1317269
2025-12-29,JSW Steel Ltd,JSWSTEEL.NS,1100.0,1111.0,1089.4000244140625,1092.5999755859375,3084525
2025-12-30,JSW Steel Ltd,JSWSTEEL.NS,1093.0,1114.0,1089.5,1111.5999755859375,1609086
2025-12-31,JSW Steel Ltd,JSWSTEEL.NS,1156.0,1169.0,1132.5999755859375,1164.800048828125,5881898
2026-01-01,JSW Steel Ltd,JSWSTEEL.NS,1163.5,1176.800048828125,1161.0,1171.5,1173697
2026-01-02,JSW Steel Ltd,JSWSTEEL.NS,1172.0,1184.0,1169.0999755859375,1180.699951171875,903240
2026-01-05,JSW Steel Ltd,JSWSTEEL.NS,1180.699951171875,1192.9000244140625,1179.0,1185.9000244140625,1017822
2026-01-06,JSW Steel Ltd,JSWSTEEL.NS,1185.9000244140625,1197.5999755859375,1169.0,1176.300048828125,1395370
2026-01-07,JSW Steel Ltd,JSWSTEEL.NS,1174.9000244140625,1193.5,1169.4000244140625,1189.800048828125,1161485
2026-01-08,JSW Steel Ltd,JSWSTEEL.NS,1190.0,1190.0,1153.9000244140625,1155.9000244140625,1275035
2026-01-09,JSW Steel Ltd,JSWSTEEL.NS,1160.0,1170.699951171875,1154.4000244140625,1158.800048828125,1387896
2026-01-12,JSW Steel Ltd,JSWSTEEL.NS,1160.0,1185.0,1146.4000244140625,1182.699951171875,1391748
2026-01-13,JSW Steel Ltd,JSWSTEEL.NS,1182.699951171875,1194.800048828125,1168.4000244140625,1178.0999755859375,1570887
2026-01-14,JSW Steel Ltd,JSWSTEEL.NS,1179.9000244140625,1201.9000244140625,1170.300048828125,1181.800048828125,2281726
2026-01-15,JSW Steel Ltd,JSWSTEEL.NS,1181.800048828125,1181.800048828125,1181.800048828125,1181.800048828125,0
2026-01-16,JSW Steel Ltd,JSWSTEEL.NS,1181.800048828125,1199.300048828125,1179.199951171875,1187.300048828125,1883089
2026-01-19,JSW Steel Ltd,JSWSTEEL.NS,1187.4000244140625,1195.800048828125,1176.4000244140625,1184.0999755859375,2213860
2026-01-20,JSW Steel Ltd,JSWSTEEL.NS,1188.0,1195.0,1156.5,1160.0,1106893
2026-01-21,JSW Steel Ltd,JSWSTEEL.NS,1163.5,1178.9000244140625,1159.5999755859375,1174.5999755859375,1401954
2026-01-22,JSW Steel Ltd,JSWSTEEL.NS,1180.0,1192.0,1176.0999755859375,1184.4000244140625,1428697
2026-01-23,JSW Steel Ltd,JSWSTEEL.NS,1193.300048828125,1193.300048828125,1164.800048828125,1170.0,2406992
2026-01-27,JSW Steel Ltd,JSWSTEEL.NS,1197.0,1230.4000244140625,1182.699951171875,1222.0,3808562
2026-01-28,JSW Steel Ltd,JSWSTEEL.NS,1232.0,1232.0,1208.199951171875,1218.699951171875,2214293
2026-01-29,JSW Steel Ltd,JSWSTEEL.NS,1227.5,1245.0,1217.9000244140625,1237.5,2471027
2026-01-30,JSW Steel Ltd,JSWSTEEL.NS,1228.0,1228.0,1194.5,1214.4000244140625,2876505
2026-02-02,JSW Steel Ltd,JSWSTEEL.NS,1200.0,1203.800048828125,1174.0,1199.199951171875,1839134
2026-02-03,JSW Steel Ltd,JSWSTEEL.NS,1225.0,1244.699951171875,1212.800048828125,1229.4000244140625,2093172
2026-02-04,JSW Steel Ltd,JSWSTEEL.NS,1229.0,1240.0999755859375,1223.9000244140625,1228.199951171875,1062043
2026-02-05,JSW Steel Ltd,JSWSTEEL.NS,1218.5999755859375,1241.800048828125,1214.199951171875,1239.800048828125,1198051
2026-02-06,JSW Steel Ltd,JSWSTEEL.NS,1233.9000244140625,1238.5999755859375,1222.4000244140625,1236.199951171875,918161
2026-02-09,JSW Steel Ltd,JSWSTEEL.NS,1248.5,1254.699951171875,1235.0999755859375,1245.0,1503210
2026-02-10,JSW Steel Ltd,JSWSTEEL.NS,1245.0,1261.9000244140625,1236.699951171875,1244.0999755859375,1150559
2026-02-11,JSW Steel Ltd,JSWSTEEL.NS,1248.5,1254.800048828125,1238.0,1249.199951171875,835404
2026-02-12,JSW Steel Ltd,JSWSTEEL.NS,1254.199951171875,1254.199951171875,1240.4000244140625,1247.9000244140625,762998
2026-02-13,JSW Steel Ltd,JSWSTEEL.NS,1240.0,1247.800048828125,1225.199951171875,1232.0,1726700
2026-02-16,JSW Steel Ltd,JSWSTEEL.NS,1229.9000244140625,1249.9000244140625,1226.5,1248.199951171875,627073
2026-02-17,JSW Steel Ltd,JSWSTEEL.NS,1246.0,1248.0,1233.199951171875,1244.5999755859375,1115057
2026-02-18,JSW Steel Ltd,JSWSTEEL.NS,1244.5999755859375,1264.0,1244.199951171875,1251.199951171875,1389762
2026-02-19,JSW Steel Ltd,JSWSTEEL.NS,1252.0,1255.5,1223.0999755859375,1228.4000244140625,824461
2026-02-20,JSW Steel Ltd,JSWSTEEL.NS,1230.5,1253.0,1222.5999755859375,1235.800048828125,876475
2026-02-23,JSW Steel Ltd,JSWSTEEL.NS,1240.0,1248.0,1228.300048828125,1240.5,787962
2026-02-24,JSW Steel Ltd,JSWSTEEL.NS,1230.199951171875,1259.0,1230.199951171875,1254.5,1515571
2026-02-25,JSW Steel Ltd,JSWSTEEL.NS,1261.0,1284.699951171875,1257.300048828125,1275.0,2095033
2026-02-26,JSW Steel Ltd,JSWSTEEL.NS,1275.5,1282.300048828125,1270.0,1280.5999755859375,779191
2026-02-27,JSW Steel Ltd,JSWSTEEL.NS,1272.0,1277.800048828125,1260.5,1264.699951171875,2081751
2026-03-02,JSW Steel Ltd,JSWSTEEL.NS,1253.199951171875,1272.0,1244.699951171875,1267.300048828125,1608917
2026-03-04,JSW Steel Ltd,JSWSTEEL.NS,1236.0,1253.9000244140625,1200.0,1213.0,1682849
2026-03-05,JSW Steel Ltd,JSWSTEEL.NS,1214.5,1253.4000244140625,1214.5,1248.0999755859375,1696077
2026-03-06,JSW Steel Ltd,JSWSTEEL.NS,1240.699951171875,1249.0999755859375,1229.199951171875,1233.699951171875,1140348
2026-03-09,JSW Steel Ltd,JSWSTEEL.NS,1203.0,1213.0,1170.199951171875,1192.5999755859375,2145649
2026-03-10,JSW Steel Ltd,JSWSTEEL.NS,1196.0999755859375,1219.9000244140625,1195.199951171875,1214.300048828125,1131600
2026-03-11,JSW Steel Ltd,JSWSTEEL.NS,1212.0,1222.9000244140625,1171.0,1178.800048828125,1802500
2026-03-12,JSW Steel Ltd,JSWSTEEL.NS,1175.0,1182.5,1150.0,1172.5999755859375,1265744
2026-03-13,JSW Steel Ltd,JSWSTEEL.NS,1166.699951171875,1169.199951171875,1115.5,1119.300048828125,2284551
2026-03-16,JSW Steel Ltd,JSWSTEEL.NS,1121.5,1150.0,1120.0999755859375,1145.5999755859375,2593202
2026-03-17,JSW Steel Ltd,JSWSTEEL.NS,1147.0,1169.300048828125,1139.199951171875,1167.199951171875,1760476
2026-03-18,JSW Steel Ltd,JSWSTEEL.NS,1164.300048828125,1184.0999755859375,1160.0999755859375,1180.300048828125,1284823
2026-03-19,JSW Steel Ltd,JSWSTEEL.NS,1159.300048828125,1165.9000244140625,1126.699951171875,1130.9000244140625,2207126
2026-03-20,JSW Steel Ltd,JSWSTEEL.NS,1139.0999755859375,1186.5,1138.0,1169.5999755859375,3580084
2026-03-23,JSW Steel Ltd,JSWSTEEL.NS,1153.800048828125,1153.800048828125,1102.5,1109.5999755859375,2532216
2026-03-24,JSW Steel Ltd,JSWSTEEL.NS,1131.9000244140625,1142.699951171875,1112.0,1133.699951171875,1218013
2026-03-25,JSW Steel Ltd,JSWSTEEL.NS,1140.0,1170.0999755859375,1137.300048828125,1156.0,1632217
2026-03-27,JSW Steel Ltd,JSWSTEEL.NS,1150.0,1150.800048828125,1126.9000244140625,1130.300048828125,2750813
2026-03-30,JSW Steel Ltd,JSWSTEEL.NS,1130.0,1136.5,1114.0,1122.5,2454814
2026-04-01,JSW Steel Ltd,JSWSTEEL.NS,1141.9000244140625,1159.0,1134.5,1140.4000244140625,2025282
2026-04-02,JSW Steel Ltd,JSWSTEEL.NS,1135.0,1145.800048828125,1106.4000244140625,1141.300048828125,2208479
2026-04-06,JSW Steel Ltd,JSWSTEEL.NS,1132.0,1145.699951171875,1115.0999755859375,1133.5999755859375,3213623
2026-04-07,JSW Steel Ltd,JSWSTEEL.NS,1139.0,1157.5999755859375,1122.300048828125,1151.9000244140625,3158128
2026-04-08,JSW Steel Ltd,JSWSTEEL.NS,1170.0,1204.5999755859375,1170.0,1194.300048828125,2383883
2026-04-09,JSW Steel Ltd,JSWSTEEL.NS,1187.199951171875,1218.0,1185.0,1209.699951171875,2563654
2026-04-10,JSW Steel Ltd,JSWSTEEL.NS,1210.0,1224.800048828125,1203.9000244140625,1214.800048828125,1719725
2026-04-13,JSW Steel Ltd,JSWSTEEL.NS,1199.0999755859375,1213.4000244140625,1189.300048828125,1204.199951171875,1031668
2026-04-15,JSW Steel Ltd,JSWSTEEL.NS,1222.9000244140625,1232.0,1210.5999755859375,1218.5999755859375,1404182
2026-04-16,JSW Steel Ltd,JSWSTEEL.NS,1221.199951171875,1242.9000244140625,1211.300048828125,1214.9000244140625,2686363
2026-04-17,JSW Steel Ltd,JSWSTEEL.NS,1213.0,1242.300048828125,1198.5999755859375,1240.300048828125,1875945
2026-04-20,JSW Steel Ltd,JSWSTEEL.NS,1241.0999755859375,1279.0,1233.0,1274.5,4606071
2026-04-21,JSW Steel Ltd,JSWSTEEL.NS,1284.4000244140625,1296.4000244140625,1273.699951171875,1279.5999755859375,2108883
2026-04-22,JSW Steel Ltd,JSWSTEEL.NS,1283.0,1286.5999755859375,1258.4000244140625,1263.4000244140625,2882614
2026-04-23,JSW Steel Ltd,JSWSTEEL.NS,1263.4000244140625,1269.9000244140625,1251.0,1257.0,1715185
2026-04-24,JSW Steel Ltd,JSWSTEEL.NS,1264.0,1268.0,1246.5,1255.699951171875,1996768
2026-04-27,JSW Steel Ltd,JSWSTEEL.NS,1273.0,1297.0,1268.0999755859375,1282.699951171875,2309506
2026-04-28,JSW Steel Ltd,JSWSTEEL.NS,1284.0,1306.800048828125,1275.5999755859375,1281.5999755859375,1902689
2026-04-29,JSW Steel Ltd,JSWSTEEL.NS,1283.0,1287.800048828125,1257.0,1279.699951171875,2364369
2026-04-30,JSW Steel Ltd,JSWSTEEL.NS,1272.5,1273.4000244140625,1250.4000244140625,1264.5,1366233
2026-05-01,JSW Steel Ltd,JSWSTEEL.NS,1264.5,1264.5,1264.5,1264.5,0
2026-05-04,JSW Steel Ltd,JSWSTEEL.NS,1278.0,1287.9000244140625,1259.9000244140625,1266.5999755859375,1550369
2026-05-05,JSW Steel Ltd,JSWSTEEL.NS,1260.5,1264.9000244140625,1245.800048828125,1252.4000244140625,1471611
2026-05-06,JSW Steel Ltd,JSWSTEEL.NS,1262.5,1278.5999755859375,1253.0,1273.300048828125,988216
2026-05-07,JSW Steel Ltd,JSWSTEEL.NS,1272.0999755859375,1293.5999755859375,1268.5999755859375,1283.4000244140625,1773360
2026-05-08,JSW Steel Ltd,JSWSTEEL.NS,1283.4000244140625,1284.9000244140625,1266.800048828125,1277.800048828125,811858
2026-05-11,JSW Steel Ltd,JSWSTEEL.NS,1276.0,1282.199951171875,1258.5999755859375,1262.5999755859375,1023862
2026-05-12,JSW Steel Ltd,JSWSTEEL.NS,1262.0,1272.5999755859375,1246.199951171875,1252.300048828125,1475577
2026-05-13,JSW Steel Ltd,JSWSTEEL.NS,1255.0,1282.4000244140625,1255.0,1274.9000244140625,2366540
2026-05-14,JSW Steel Ltd,JSWSTEEL.NS,1287.9000244140625,1306.0,1281.9000244140625,1296.9000244140625,3292597
2026-05-15,JSW Steel Ltd,JSWSTEEL.NS,1314.0,1314.0,1274.199951171875,1278.800048828125,3871553
2026-05-18,JSW Steel Ltd,JSWSTEEL.NS,1280.0,1302.0,1258.300048828125,1292.800048828125,2965138
2026-05-19,JSW Steel Ltd,JSWSTEEL.NS,1298.0,1299.699951171875,1282.699951171875,1285.199951171875,1136358
2026-05-20,JSW Steel Ltd,JSWSTEEL.NS,1278.0,1289.0,1261.5,1283.199951171875,1039407
2026-05-21,JSW Steel Ltd,JSWSTEEL.NS,1293.0,1293.0,1272.800048828125,1281.300048828125,5339554
2026-05-22,JSW Steel Ltd,JSWSTEEL.NS,1284.199951171875,1289.9000244140625,1278.0999755859375,1285.5,588674
2026-05-25,JSW Steel Ltd,JSWSTEEL.NS,1290.699951171875,1297.4000244140625,1284.0,1289.4000244140625,922291
2026-05-26,JSW Steel Ltd,JSWSTEEL.NS,1289.4000244140625,1301.0,1282.699951171875,1293.5999755859375,1712866
2026-05-27,JSW Steel Ltd,JSWSTEEL.NS,1295.0,1328.0,1295.0,1309.300048828125,2030720
2026-05-28,JSW Steel Ltd,JSWSTEEL.NS,1309.300048828125,1309.300048828125,1309.300048828125,1309.300048828125,0
2026-05-29,JSW Steel Ltd,JSWSTEEL.NS,1309.5,1312.199951171875,1270.300048828125,1278.0,3129836
2026-06-01,JSW Steel Ltd,JSWSTEEL.NS,1279.5,1304.800048828125,1279.5,1299.4000244140625,1388242
2026-06-02,JSW Steel Ltd,JSWSTEEL.NS,1297.5,1316.9000244140625,1290.199951171875,1310.800048828125,1602109
2026-06-03,JSW Steel Ltd,JSWSTEEL.NS,1315.0,1318.5,1297.300048828125,1312.9000244140625,814920
2026-06-04,JSW Steel Ltd,JSWSTEEL.NS,1311.0,1314.0,1294.199951171875,1301.0999755859375,958385
2026-06-05,JSW Steel Ltd,JSWSTEEL.NS,1301.0999755859375,1309.800048828125,1266.5,1284.0,1618038
2026-06-08,JSW Steel Ltd,JSWSTEEL.NS,1270.0,1273.0,1255.0,1260.699951171875,1172766
2026-06-09,JSW Steel Ltd,JSWSTEEL.NS,1265.0,1273.0,1257.0999755859375,1261.699951171875,1070798
2026-06-10,JSW Steel Ltd,JSWSTEEL.NS,1266.0,1292.0,1252.5,1269.800048828125,3053155
2026-06-11,JSW Steel Ltd,JSWSTEEL.NS,1266.0,1293.4000244140625,1261.0,1282.300048828125,1915489
2026-06-12,JSW Steel Ltd,JSWSTEEL.NS,1298.0,1305.5,1285.0999755859375,1297.5999755859375,1091577
2026-06-15,JSW Steel Ltd,JSWSTEEL.NS,1312.5999755859375,1320.199951171875,1294.199951171875,1296.5,1168850
2026-06-16,JSW Steel Ltd,JSWSTEEL.NS,1300.0,1302.5,1269.0,1274.300048828125,1110628
2026-06-17,JSW Steel Ltd,JSWSTEEL.NS,1280.0,1289.5,1269.0999755859375,1287.199951171875,1194899
2026-06-18,JSW Steel Ltd,JSWSTEEL.NS,1288.0,1297.0,1284.0999755859375,1293.9000244140625,685833
2026-06-19,JSW Steel Ltd,JSWSTEEL.NS,1289.0,1295.0,1267.0999755859375,1287.699951171875,1138608
2026-06-22,JSW Steel Ltd,JSWSTEEL.NS,1290.0,1296.9000244140625,1275.0,1282.4000244140625,961383
2026-06-23,JSW Steel Ltd,JSWSTEEL.NS,1270.0,1278.4000244140625,1233.4000244140625,1242.199951171875,2156617
2026-06-24,JSW Steel Ltd,JSWSTEEL.NS,1240.0,1244.9000244140625,1222.0,1231.199951171875,2339439
2026-06-25,JSW Steel Ltd,JSWSTEEL.NS,1224.699951171875,1238.5999755859375,1224.0999755859375,1231.0,1706161
2026-06-26,JSW Steel Ltd,JSWSTEEL.NS,1231.0,1231.0,1231.0,1231.0,0
2026-06-29,JSW Steel Ltd,JSWSTEEL.NS,1239.0,1250.699951171875,1226.5999755859375,1232.4000244140625,2091046
2026-06-30,JSW Steel Ltd,JSWSTEEL.NS,1232.0,1238.699951171875,1221.5,1226.4000244140625,1242580
2026-07-01,JSW Steel Ltd,JSWSTEEL.NS,1229.5999755859375,1231.9000244140625,1210.699951171875,1216.199951171875,1634758
2026-07-02,JSW Steel Ltd,JSWSTEEL.NS,1226.0,1234.199951171875,1217.0999755859375,1223.800048828125,1302096
2026-07-03,JSW Steel Ltd,JSWSTEEL.NS,1232.0,1245.199951171875,1226.0999755859375,1230.199951171875,1153646
2026-07-06,JSW Steel Ltd,JSWSTEEL.NS,1230.0,1244.5,1225.4000244140625,1243.199951171875,1090418
2026-07-07,JSW Steel Ltd,JSWSTEEL.NS,1236.0,1252.800048828125,1221.199951171875,1246.4000244140625,2548642
2026-07-08,JSW Steel Ltd,JSWSTEEL.NS,1231.0,1245.800048828125,1212.199951171875,1219.5,1038782
2026-07-09,JSW Steel Ltd,JSWSTEEL.NS,1224.0,1240.5,1220.300048828125,1225.800048828125,1151162
2026-07-10,JSW Steel Ltd,JSWSTEEL.NS,1232.300048828125,1259.0,1232.300048828125,1245.4000244140625,1504035
2026-07-13,JSW Steel Ltd,JSWSTEEL.NS,1235.199951171875,1240.0999755859375,1220.4000244140625,1237.4000244140625,1403822
2026-07-14,JSW Steel Ltd,JSWSTEEL.NS,1225.0999755859375,1254.800048828125,1225.0999755859375,1247.699951171875,1042163
2026-07-15,JSW Steel Ltd,JSWSTEEL.NS,1249.5999755859375,1252.5999755859375,1224.9000244140625,1226.9000244140625,836306
2026-07-16,JSW Steel Ltd,JSWSTEEL.NS,1232.9000244140625,1233.300048828125,1219.4000244140625,1221.0,1342230
2026-07-17,JSW Steel Ltd,JSWSTEEL.NS,1221.0,1243.9000244140625,1218.0,1237.300048828125,2800390
2026-07-20,JSW Steel Ltd,JSWSTEEL.NS,1252.699951171875,1266.5999755859375,1247.199951171875,1257.0,2686712
2026-07-21,JSW Steel Ltd,JSWSTEEL.NS,1259.0,1271.4000244140625,1252.0,1267.4000244140625,1941639
2026-07-22,JSW Steel Ltd,JSWSTEEL.NS,1264.5,1279.300048828125,1261.699951171875,1266.9000244140625,3988761
2026-07-23,JSW Steel Ltd,JSWSTEEL.NS,1256.0,1274.699951171875,1238.5,1246.800048828125,2674866
2026-07-24,JSW Steel Ltd,JSWSTEEL.NS,1238.5999755859375,1245.0,1228.0999755859375,1240.800048828125,1083729
2026-07-27,JSW Steel Ltd,JSWSTEEL.NS,1251.0,1251.0,1234.300048828125,1244.5999755859375,1128386
2026-07-28,JSW Steel Ltd,JSWSTEEL.NS,1241.199951171875,1259.9000244140625,1241.199951171875,1246.9000244140625,1515691
2026-07-29,JSW Steel Ltd,JSWSTEEL.NS,1255.699951171875,1279.0,1243.199951171875,1276.5999755859375,1516573
2026-07-30,JSW Steel Ltd,JSWSTEEL.NS,1279.0999755859375,1304.5,1261.5,1270.800048828125,923153
2026-07-31,JSW Steel Ltd,JSWSTEEL.NS,1276.4000244140625,1282.199951171875,1262.0,1270.0,1449872
2026-08-03,JSW Steel Ltd,JSWSTEEL.NS,1278.9000244140625,1294.800048828125,1268.699951171875,1292.300048828125,2577735
2026-08-04,JSW Steel Ltd,JSWSTEEL.NS,1280.5,1300.0,1275.9000244140625,1300.0,1475041
2026-08-05,JSW Steel Ltd,JSWSTEEL.NS,1304.5,1331.0,1284.699951171875,1330.0,2186609
2026-08-06,JSW Steel Ltd,JSWSTEEL.NS,1330.0,1335.0,1303.5,1307.9000244140625,2307926
2026-08-07,JSW Steel Ltd,JSWSTEEL.NS,1303.800048828125,1309.9000244140625,1288.5,1299.5,720726
2026-08-10,JSW Steel Ltd,JSWSTEEL.NS,1299.5,1312.0,1295.0,1302.0,1520170
2026-08-11,JSW Steel Ltd,JSWSTEEL.NS,1299.0,1303.9000244140625,1276.0999755859375,1283.4000244140625,1514657
2026-08-12,JSW Steel Ltd,JSWSTEEL.NS,1285.9000244140625,1288.9000244140625,1268.199951171875,1269.0999755859375,862476
2026-08-13,JSW Steel Ltd,JSWSTEEL.NS,1269.0999755859375,1275.699951171875,1264.0,1275.0,1693193
2026-08-14,JSW Steel Ltd,JSWSTEEL.NS,1267.300048828125,1276.699951171875,1260.300048828125,1270.0,975420
2026-08-17,JSW Steel Ltd,JSWSTEEL.NS,1263.5999755859375,1297.0,1250.4000244140625,1277.800048828125,1404965
2026-08-18,JSW Steel Ltd,JSWSTEEL.NS,1275.0,1285.800048828125,1265.0,1267.5999755859375,719017
2026-08-19,JSW Steel Ltd,JSWSTEEL.NS,1273.699951171875,1285.800048828125,1262.0999755859375,1285.800048828125,1009930
2026-08-20,JSW Steel Ltd,JSWSTEEL.NS,1298.5,1310.5999755859375,1281.5,1299.699951171875,3416352
2026-08-21,JSW Steel Ltd,JSWSTEEL.NS,1298.0,1298.800048828125,1280.5,1293.699951171875,2013069
2026-08-24,JSW Steel Ltd,JSWSTEEL.NS,1298.0,1327.0,1295.300048828125,1327.0,3648206
2026-08-25,JSW Steel Ltd,JSWSTEEL.NS,1326.0,1326.300048828125,1310.0999755859375,1320.300048828125,1234494
2026-08-26,JSW Steel Ltd,JSWSTEEL.NS,1329.0,1341.0,1310.4000244140625,1341.0,1894784
2026-08-27,JSW Steel Ltd,JSWSTEEL.NS,1351.0,1351.0,1330.0,1337.5,2647838
2026-08-28,JSW Steel Ltd,JSWSTEEL.NS,1335.199951171875,1344.0,1320.4000244140625,1334.9000244140625,1403899
2026-08-31,JSW Steel Ltd,JSWSTEEL.NS,1323.800048828125,1326.800048828125,1303.300048828125,1307.699951171875,1981744
2026-09-01,JSW Steel Ltd,JSWSTEEL.NS,1314.5999755859375,1328.0,1307.0999755859375,1313.5,1134147
2026-09-02,JSW Steel Ltd,JSWSTEEL.NS,1308.0999755859375,1309.800048828125,1299.4000244140625,1306.0,1562597
2026-09-03,JSW Steel Ltd,JSWSTEEL.NS,1315.0,1325.0,1295.0,1308.0,1291167
2026-09-04,JSW Steel Ltd,JSWSTEEL.NS,1305.0,1331.699951171875,1300.0999755859375,1325.0,1094356
2026-09-07,JSW Steel Ltd,JSWSTEEL.NS,1334.300048828125,1335.0,1301.0,1302.0,1276231
2026-09-08,JSW Steel Ltd,JSWSTEEL.NS,1306.4000244140625,1315.0,1295.699951171875,1297.300048828125,1345313
2026-09-09,JSW Steel Ltd,JSWSTEEL.NS,1303.9000244140625,1313.0,1290.0999755859375,1310.0,1484708
2026-09-10,JSW Steel Ltd,JSWSTEEL.NS,1301.0,1311.300048828125,1292.699951171875,1304.0,1102536
2026-09-11,JSW Steel Ltd,JSWSTEEL.NS,1281.0,1286.9000244140625,1265.0,1265.0,1580944
2026-09-14,JSW Steel Ltd,JSWSTEEL.NS,1265.0,1265.0,1265.0,1265.0,0
2026-09-15,JSW Steel Ltd,JSWSTEEL.NS,1265.0,1267.699951171875,1229.199951171875,1229.199951171875,1030088
2026-09-16,JSW Steel Ltd,JSWSTEEL.NS,1244.0,1250.199951171875,1227.0,1248.9000244140625,1803781
2026-09-17,JSW Steel Ltd,JSWSTEEL.NS,1248.9000244140625,1260.0,1242.0999755859375,1253.4000244140625,1351578
2026-09-18,JSW Steel Ltd,JSWSTEEL.NS,1270.0999755859375,1278.699951171875,1262.699951171875,1275.5999755859375,2378010
2026-09-21,JSW Steel Ltd,JSWSTEEL.NS,1281.300048828125,1287.0,1268.5999755859375,1268.5999755859375,942361
2026-09-22,JSW Steel Ltd,JSWSTEEL.NS,1274.699951171875,1277.5,1264.4000244140625,1267.0,874592
2026-09-23,JSW Steel Ltd,JSWSTEEL.NS,1273.0,1304.0,1270.800048828125,1297.800048828125,1356042
2026-09-24,JSW Steel Ltd,JSWSTEEL.NS,1289.0,1298.4000244140625,1272.199951171875,1273.199951171875,836579
2026-09-25,JSW Steel Ltd,JSWSTEEL.NS,1279.0,1288.5999755859375,1266.300048828125,1277.0,1032391
2026-09-28,JSW Steel Ltd,JSWSTEEL.NS,1278.4000244140625,1278.4000244140625,1254.0999755859375,1264.0999755859375,1216506
2026-09-29,JSW Steel Ltd,JSWSTEEL.NS,1260.699951171875,1272.4000244140625,1246.5999755859375,1272.4000244140625,2499215
2026-09-30,JSW Steel Ltd,JSWSTEEL.NS,1272.4000244140625,1275.9000244140625,1253.4000244140625,1253.4000244140625,1329600
2026-10-01,JSW Steel Ltd,JSWSTEEL.NS,1253.0,1256.4000244140625,1214.800048828125,1233.0,3158301
2025-10-03,Kotak Mahindra Bank Ltd,KOTAKBANK.NS,412.6600036621094,421.6000061035156,412.3999938964844,420.1000061035156,23679650
2025-10-06,Kotak Mahindra Bank Ltd,KOTAKBANK.NS,422.79998779296875,430.9200134277344,418.6000061035156,429.20001220703125,25764180
2025-10-07,Kotak Mahindra Bank Ltd,KOTAKBANK.NS,428.3999938964844,430.6199951171875,424.3399963378906,425.3800048828125,12364695
2025-10-08,Kotak Mahindra Bank Ltd,KOTAKBANK.NS,425.29998779296875,426.5,422.44000244140625,423.55999755859375,4402475
2025-10-09,Kotak Mahindra Bank Ltd,KOTAKBANK.NS,423.6000061035156,430.3999938964844,420.260009765625,428.9200134277344,15827485
2025-10-10,Kotak Mahindra Bank Ltd,KOTAKBANK.NS,429.0,431.55999755859375,427.32000732421875,430.0199890136719,9681210
2025-10-13,Kotak Mahindra Bank Ltd,KOTAKBANK.NS,427.20001220703125,431.20001220703125,426.760009765625,430.4200134277344,10600020
2025-10-14,Kotak Mahindra Bank Ltd,KOTAKBANK.NS,429.79998779296875,433.0,428.32000732421875,430.3599853515625,8022815
2025-10-15,Kotak Mahindra Bank Ltd,KOTAKBANK.NS,431.0,433.17999267578125,428.239990234375,429.9200134277344,11540535
2025-10-16,Kotak Mahindra Bank Ltd,KOTAKBANK.NS,430.5799865722656,442.9200134277344,430.44000244140625,441.0799865722656,33692100
2025-10-17,Kotak Mahindra Bank Ltd,KOTAKBANK.NS,440.7799987792969,441.9800109863281,438.0799865722656,441.1600036621094,16706510
2025-10-20,Kotak Mahindra Bank Ltd,KOTAKBANK.NS,442.79998779296875,453.20001220703125,440.0400085449219,442.760009765625,15207085
2025-10-21,Kotak Mahindra Bank Ltd,KOTAKBANK.NS,442.760009765625,443.9599914550781,437.3800048828125,439.3999938964844,1134020
2025-10-23,Kotak Mahindra Bank Ltd,KOTAKBANK.NS,445.0,448.8800048828125,442.20001220703125,445.1199951171875,21496105
2025-10-24,Kotak Mahindra Bank Ltd,KOTAKBANK.NS,447.6000061035156,447.6000061035156,433.6400146484375,437.3999938964844,16293685
2025-10-27,Kotak Mahindra Bank Ltd,KOTAKBANK.NS,434.44000244140625,437.20001220703125,424.3999938964844,429.7200012207031,18599700
2025-10-28,Kotak Mahindra Bank Ltd,KOTAKBANK.NS,428.3999938964844,433.6199951171875,428.3999938964844,432.1600036621094,23304345
2025-10-29,Kotak Mahindra Bank Ltd,KOTAKBANK.NS,434.0,434.8599853515625,429.3800048828125,430.1000061035156,7088915
2025-10-30,Kotak Mahindra Bank Ltd,KOTAKBANK.NS,430.0,430.6000061035156,425.2799987792969,427.44000244140625,12438465
2025-10-31,Kotak Mahindra Bank Ltd,KOTAKBANK.NS,429.3800048828125,429.3800048828125,420.0,420.44000244140625,18931270
2025-11-03,Kotak Mahindra Bank Ltd,KOTAKBANK.NS,420.44000244140625,423.8399963378906,417.5799865722656,422.70001220703125,7657265
2025-11-04,Kotak Mahindra Bank Ltd,KOTAKBANK.NS,423.3399963378906,424.2200012207031,418.6000061035156,419.32000732421875,9581885
2025-11-06,Kotak Mahindra Bank Ltd,KOTAKBANK.NS,414.6000061035156,420.760009765625,414.4200134277344,416.6400146484375,11902845
2025-11-07,Kotak Mahindra Bank Ltd,KOTAKBANK.NS,415.739990234375,419.8599853515625,411.8399963378906,417.6600036621094,7000945
2025-11-10,Kotak Mahindra Bank Ltd,KOTAKBANK.NS,416.20001220703125,420.9599914550781,416.20001220703125,418.5400085449219,10866480
2025-11-11,Kotak Mahindra Bank Ltd,KOTAKBANK.NS,420.0,420.6000061035156,414.9800109863281,417.3800048828125,10814210
2025-11-12,Kotak Mahindra Bank Ltd,KOTAKBANK.NS,420.0199890136719,420.0199890136719,416.0,416.8999938964844,9035425
2025-11-13,Kotak Mahindra Bank Ltd,KOTAKBANK.NS,417.8999938964844,417.8999938964844,412.9200134277344,415.0400085449219,10711530
2025-11-14,Kotak Mahindra Bank Ltd,KOTAKBANK.NS,413.20001220703125,417.1000061035156,412.6000061035156,415.94000244140625,12202755
2025-11-17,Kotak Mahindra Bank Ltd,KOTAKBANK.NS,419.0,423.9800109863281,418.4800109863281,420.5799865722656,25151640
2025-11-18,Kotak Mahindra Bank Ltd,KOTAKBANK.NS,418.1199951171875,421.3999938964844,416.0,418.6199951171875,10300340
2025-11-19,Kotak Mahindra Bank Ltd,KOTAKBANK.NS,419.8999938964844,422.0,417.8999938964844,421.17999267578125,12464500
2025-11-20,Kotak Mahindra Bank Ltd,KOTAKBANK.NS,422.9599914550781,422.9599914550781,418.6400146484375,419.739990234375,36702845
2025-11-21,Kotak Mahindra Bank Ltd,KOTAKBANK.NS,420.0,422.29998779296875,415.70001220703125,417.55999755859375,39194210
2025-11-24,Kotak Mahindra Bank Ltd,KOTAKBANK.NS,419.0,420.79998779296875,415.4800109863281,417.4599914550781,24922845
2025-11-25,Kotak Mahindra Bank Ltd,KOTAKBANK.NS,418.8599853515625,418.8599853515625,413.3399963378906,413.9800109863281,15164895
2025-11-26,Kotak Mahindra Bank Ltd,KOTAKBANK.NS,415.0,422.0,414.82000732421875,420.760009765625,14896715
2025-11-27,Kotak Mahindra Bank Ltd,KOTAKBANK.NS,420.79998779296875,426.1000061035156,418.2799987792969,422.0400085449219,20148975
2025-11-28,Kotak Mahindra Bank Ltd,KOTAKBANK.NS,423.79998779296875,428.3599853515625,420.44000244140625,424.8800048828125,15840785
2025-12-01,Kotak Mahindra Bank Ltd,KOTAKBANK.NS,426.79998779296875,432.6000061035156,425.6199951171875,429.5199890136719,16310160
2025-12-02,Kotak Mahindra Bank Ltd,KOTAKBANK.NS,428.0,432.0,427.8800048828125,428.4800109863281,18294165
2025-12-03,Kotak Mahindra Bank Ltd,KOTAKBANK.NS,427.0199890136719,430.3399963378906,423.82000732421875,429.2200012207031,14031015
2025-12-04,Kotak Mahindra Bank Ltd,KOTAKBANK.NS,429.2200012207031,429.3599853515625,424.29998779296875,427.0799865722656,12871640
2025-12-05,Kotak Mahindra Bank Ltd,KOTAKBANK.NS,427.0,433.20001220703125,426.3999938964844,430.9800109863281,9658475
2025-12-08,Kotak Mahindra Bank Ltd,KOTAKBANK.NS,431.739990234375,431.7799987792969,425.20001220703125,426.32000732421875,14960235
2025-12-09,Kotak Mahindra Bank Ltd,KOTAKBANK.NS,424.0,426.67999267578125,421.7799987792969,425.5400085449219,16037550
2025-12-10,Kotak Mahindra Bank Ltd,KOTAKBANK.NS,426.0,431.1000061035156,424.739990234375,425.8999938964844,10941335
2025-12-11,Kotak Mahindra Bank Ltd,KOTAKBANK.NS,425.8999938964844,441.0,423.82000732421875,436.0400085449219,24978600
2025-12-12,Kotak Mahindra Bank Ltd,KOTAKBANK.NS,436.3399963378906,440.20001220703125,434.94000244140625,435.32000732421875,14312745
2025-12-15,Kotak Mahindra Bank Ltd,KOTAKBANK.NS,433.4200134277344,437.1199951171875,431.29998779296875,436.260009765625,13779900
2025-12-16,Kotak Mahindra Bank Ltd,KOTAKBANK.NS,435.6000061035156,438.79998779296875,434.29998779296875,436.4800109863281,8544595
2025-12-17,Kotak Mahindra Bank Ltd,KOTAKBANK.NS,437.6000061035156,438.6400146484375,432.70001220703125,434.6400146484375,8060720
2025-12-18,Kotak Mahindra Bank Ltd,KOTAKBANK.NS,434.6400146484375,435.7799987792969,431.9800109863281,432.9200134277344,5633400
2025-12-19,Kotak Mahindra Bank Ltd,KOTAKBANK.NS,433.70001220703125,435.5,431.260009765625,431.8999938964844,11504670
2025-12-22,Kotak Mahindra Bank Ltd,KOTAKBANK.NS,434.0,435.20001220703125,429.4200134277344,429.94000244140625,9041130
2025-12-23,Kotak Mahindra Bank Ltd,KOTAKBANK.NS,430.5,434.17999267578125,429.94000244140625,432.5400085449219,8070815
2025-12-24,Kotak Mahindra Bank Ltd,KOTAKBANK.NS,433.6000061035156,435.6400146484375,432.2200012207031,432.739990234375,7791790
2025-12-26,Kotak Mahindra Bank Ltd,KOTAKBANK.NS,432.3999938964844,434.7200012207031,430.5799865722656,432.8399963378906,3691745
2025-12-29,Kotak Mahindra Bank Ltd,KOTAKBANK.NS,434.1199951171875,436.3599853515625,431.0799865722656,431.7200012207031,4858980
2025-12-30,Kotak Mahindra Bank Ltd,KOTAKBANK.NS,431.94000244140625,433.0,427.7799987792969,430.5400085449219,28360690
2025-12-31,Kotak Mahindra Bank Ltd,KOTAKBANK.NS,431.6000061035156,441.0799865722656,431.1400146484375,440.2200012207031,14284445
2026-01-01,Kotak Mahindra Bank Ltd,KOTAKBANK.NS,442.0,444.17999267578125,437.79998779296875,443.55999755859375,6734875
2026-01-02,Kotak Mahindra Bank Ltd,KOTAKBANK.NS,443.55999755859375,445.5799865722656,436.1000061035156,439.0199890136719,12238470
2026-01-05,Kotak Mahindra Bank Ltd,KOTAKBANK.NS,439.3800048828125,441.3399963378906,436.3999938964844,438.17999267578125,10914245
2026-01-06,Kotak Mahindra Bank Ltd,KOTAKBANK.NS,440.4200134277344,445.6000061035156,427.0,429.2799987792969,26541035
2026-01-07,Kotak Mahindra Bank Ltd,KOTAKBANK.NS,429.2799987792969,430.1000061035156,421.8399963378906,428.79998779296875,10561315
2026-01-08,Kotak Mahindra Bank Ltd,KOTAKBANK.NS,428.0199890136719,428.6000061035156,423.7200012207031,426.6000061035156,11484710
2026-01-09,Kotak Mahindra Bank Ltd,KOTAKBANK.NS,426.6000061035156,426.6000061035156,423.20001220703125,425.3599853515625,10319615
2026-01-12,Kotak Mahindra Bank Ltd,KOTAKBANK.NS,425.3599853515625,427.8800048828125,421.20001220703125,426.6600036621094,12720435
2026-01-13,Kotak Mahindra Bank Ltd,KOTAKBANK.NS,425.3800048828125,428.8800048828125,424.0,426.5199890136719,12717650
2026-01-14,Kotak Mahindra Bank Ltd,KOTAKBANK.NS,426.0,427.6000061035156,418.79998779296875,421.0,10818517
2026-01-15,Kotak Mahindra Bank Ltd,KOTAKBANK.NS,421.0,421.0,421.0,421.0,0
2026-01-16,Kotak Mahindra Bank Ltd,KOTAKBANK.NS,424.0,427.6000061035156,417.1000061035156,418.20001220703125,17993251
2026-01-19,Kotak Mahindra Bank Ltd,KOTAKBANK.NS,419.0,430.3999938964844,415.0,426.8999938964844,22228439
2026-01-20,Kotak Mahindra Bank Ltd,KOTAKBANK.NS,428.0,431.0,422.5,423.79998779296875,18805991
2026-01-21,Kotak Mahindra Bank Ltd,KOTAKBANK.NS,422.1000061035156,425.5,416.3999938964844,421.6000061035156,16386060
2026-01-22,Kotak Mahindra Bank Ltd,KOTAKBANK.NS,423.79998779296875,429.79998779296875,420.29998779296875,426.0,10087657
2026-01-23,Kotak Mahindra Bank Ltd,KOTAKBANK.NS,429.0,429.79998779296875,420.3999938964844,422.79998779296875,10548118
2026-01-27,Kotak Mahindra Bank Ltd,KOTAKBANK.NS,415.0,415.0,400.5,408.70001220703125,47613963
2026-01-28,Kotak Mahindra Bank Ltd,KOTAKBANK.NS,409.29998779296875,414.20001220703125,406.29998779296875,412.3999938964844,14823671
2026-01-29,Kotak Mahindra Bank Ltd,KOTAKBANK.NS,407.0,414.6000061035156,407.0,412.3999938964844,26085514
2026-01-30,Kotak Mahindra Bank Ltd,KOTAKBANK.NS,410.0,412.5,405.3999938964844,408.0,20681886
2026-02-02,Kotak Mahindra Bank Ltd,KOTAKBANK.NS,408.70001220703125,410.8500061035156,405.1000061035156,408.20001220703125,15422034
2026-02-03,Kotak Mahindra Bank Ltd,KOTAKBANK.NS,415.0,425.0,410.29998779296875,415.79998779296875,35396945
2026-02-04,Kotak Mahindra Bank Ltd,KOTAKBANK.NS,416.70001220703125,418.6499938964844,410.6000061035156,412.3500061035156,14948177
2026-02-05,Kotak Mahindra Bank Ltd,KOTAKBANK.NS,411.0,413.95001220703125,404.1000061035156,408.75,24814864
2026-02-06,Kotak Mahindra Bank Ltd,KOTAKBANK.NS,411.0,424.6499938964844,410.29998779296875,422.3500061035156,21228778
2026-02-09,Kotak Mahindra Bank Ltd,KOTAKBANK.NS,430.0,434.8999938964844,424.20001220703125,428.79998779296875,22538542
2026-02-10,Kotak Mahindra Bank Ltd,KOTAKBANK.NS,430.79998779296875,433.8999938964844,428.20001220703125,429.29998779296875,18428055
2026-02-11,Kotak Mahindra Bank Ltd,KOTAKBANK.NS,431.70001220703125,431.70001220703125,427.75,429.54998779296875,12299205
2026-02-12,Kotak Mahindra Bank Ltd,KOTAKBANK.NS,429.3999938964844,431.04998779296875,425.1000061035156,426.25,14003384
2026-02-13,Kotak Mahindra Bank Ltd,KOTAKBANK.NS,426.0,428.8999938964844,419.54998779296875,420.6499938964844,23233320
2026-02-16,Kotak Mahindra Bank Ltd,KOTAKBANK.NS,419.0,426.70001220703125,418.25,425.6000061035156,12403028
2026-02-17,Kotak Mahindra Bank Ltd,KOTAKBANK.NS,423.6499938964844,425.5,420.6000061035156,424.45001220703125,6427007
2026-02-18,Kotak Mahindra Bank Ltd,KOTAKBANK.NS,425.70001220703125,427.3999938964844,421.3500061035156,426.3500061035156,7333331
2026-02-19,Kotak Mahindra Bank Ltd,KOTAKBANK.NS,425.70001220703125,425.95001220703125,415.8500061035156,416.3999938964844,6473423
2026-02-20,Kotak Mahindra Bank Ltd,KOTAKBANK.NS,415.0,423.3999938964844,415.0,421.3500061035156,6603883
2026-02-23,Kotak Mahindra Bank Ltd,KOTAKBANK.NS,423.0,431.79998779296875,420.3500061035156,430.70001220703125,10399627
2026-02-24,Kotak Mahindra Bank Ltd,KOTAKBANK.NS,430.8999938964844,432.45001220703125,425.79998779296875,427.70001220703125,15016915
2026-02-25,Kotak Mahindra Bank Ltd,KOTAKBANK.NS,425.5,430.1499938964844,421.3999938964844,424.95001220703125,10192468
2026-02-26,Kotak Mahindra Bank Ltd,KOTAKBANK.NS,426.70001220703125,426.70001220703125,421.70001220703125,424.54998779296875,13417228
2026-02-27,Kotak Mahindra Bank Ltd,KOTAKBANK.NS,420.5,422.3500061035156,414.45001220703125,415.20001220703125,17806739
2026-03-02,Kotak Mahindra Bank Ltd,KOTAKBANK.NS,410.0,414.6000061035156,407.1000061035156,413.1000061035156,15236666
2026-03-04,Kotak Mahindra Bank Ltd,KOTAKBANK.NS,405.0,410.5,402.20001220703125,403.3500061035156,18393751
2026-03-05,Kotak Mahindra Bank Ltd,KOTAKBANK.NS,403.6000061035156,410.04998779296875,402.3500061035156,407.29998779296875,14963265
2026-03-06,Kotak Mahindra Bank Ltd,KOTAKBANK.NS,403.70001220703125,406.70001220703125,399.0,399.79998779296875,17512726
2026-03-09,Kotak Mahindra Bank Ltd,KOTAKBANK.NS,390.0,393.8500061035156,385.1000061035156,386.3500061035156,20275976
2026-03-10,Kotak Mahindra Bank Ltd,KOTAKBANK.NS,390.5,394.25,387.5,391.8500061035156,21346381
2026-03-11,Kotak Mahindra Bank Ltd,KOTAKBANK.NS,388.8500061035156,391.1000061035156,379.95001220703125,383.20001220703125,29991868
2026-03-12,Kotak Mahindra Bank Ltd,KOTAKBANK.NS,377.0,380.1499938964844,374.04998779296875,375.29998779296875,25048123
2026-03-13,Kotak Mahindra Bank Ltd,KOTAKBANK.NS,373.0,373.6000061035156,363.3999938964844,366.8500061035156,32179473
2026-03-16,Kotak Mahindra Bank Ltd,KOTAKBANK.NS,366.8500061035156,373.3500061035156,364.04998779296875,369.8500061035156,27927294
2026-03-17,Kotak Mahindra Bank Ltd,KOTAKBANK.NS,369.8500061035156,375.1499938964844,368.6000061035156,374.20001220703125,15176772
2026-03-18,Kotak Mahindra Bank Ltd,KOTAKBANK.NS,375.0,376.95001220703125,371.1000061035156,375.3999938964844,15235416
2026-03-19,Kotak Mahindra Bank Ltd,KOTAKBANK.NS,366.1499938964844,370.1499938964844,363.3500061035156,368.1499938964844,17308390
2026-03-20,Kotak Mahindra Bank Ltd,KOTAKBANK.NS,368.6000061035156,372.6000061035156,365.3999938964844,366.75,17077194
2026-03-23,Kotak Mahindra Bank Ltd,KOTAKBANK.NS,364.8500061035156,364.8999938964844,355.25,356.54998779296875,16980244
2026-03-24,Kotak Mahindra Bank Ltd,KOTAKBANK.NS,363.0,370.95001220703125,361.3999938964844,366.8500061035156,19990983
2026-03-25,Kotak Mahindra Bank Ltd,KOTAKBANK.NS,368.95001220703125,378.0,363.0,371.1000061035156,42442702
2026-03-27,Kotak Mahindra Bank Ltd,KOTAKBANK.NS,367.54998779296875,368.8500061035156,362.5,366.1499938964844,28928069
2026-03-30,Kotak Mahindra Bank Ltd,KOTAKBANK.NS,361.0,362.95001220703125,351.6499938964844,353.3999938964844,39762775
2026-04-01,Kotak Mahindra Bank Ltd,KOTAKBANK.NS,363.79998779296875,364.04998779296875,355.0,356.04998779296875,21245776
2026-04-02,Kotak Mahindra Bank Ltd,KOTAKBANK.NS,350.29998779296875,359.8500061035156,345.5,358.0,22056018
2026-04-06,Kotak Mahindra Bank Ltd,KOTAKBANK.NS,358.0,361.3999938964844,350.1000061035156,360.54998779296875,18320378
2026-04-07,Kotak Mahindra Bank Ltd,KOTAKBANK.NS,357.0,364.0,357.0,362.95001220703125,23655155
2026-04-08,Kotak Mahindra Bank Ltd,KOTAKBANK.NS,377.0,381.1499938964844,369.45001220703125,380.1499938964844,30162218
2026-04-09,Kotak Mahindra Bank Ltd,KOTAKBANK.NS,377.0,378.70001220703125,369.45001220703125,371.8999938964844,12422256
2026-04-10,Kotak Mahindra Bank Ltd,KOTAKBANK.NS,373.5,379.1499938964844,372.3500061035156,374.54998779296875,23751660
2026-04-13,Kotak Mahindra Bank Ltd,KOTAKBANK.NS,367.95001220703125,373.0,365.6000061035156,371.8999938964844,30027087
2026-04-15,Kotak Mahindra Bank Ltd,KOTAKBANK.NS,375.5,383.0,375.5,382.3999938964844,19100372
2026-04-16,Kotak Mahindra Bank Ltd,KOTAKBANK.NS,383.1499938964844,386.45001220703125,378.25,379.1499938964844,12060624
2026-04-17,Kotak Mahindra Bank Ltd,KOTAKBANK.NS,379.29998779296875,385.20001220703125,376.6499938964844,383.6000061035156,11626179
2026-04-20,Kotak Mahindra Bank Ltd,KOTAKBANK.NS,384.1000061035156,386.0,378.0,379.20001220703125,11146713
2026-04-21,Kotak Mahindra Bank Ltd,KOTAKBANK.NS,381.45001220703125,383.1499938964844,378.3500061035156,382.1499938964844,12323488
2026-04-22,Kotak Mahindra Bank Ltd,KOTAKBANK.NS,378.1000061035156,382.79998779296875,376.25,376.8500061035156,14471487
2026-04-23,Kotak Mahindra Bank Ltd,KOTAKBANK.NS,370.04998779296875,375.95001220703125,367.6499938964844,370.3999938964844,27628052
2026-04-24,Kotak Mahindra Bank Ltd,KOTAKBANK.NS,370.6000061035156,372.79998779296875,367.6499938964844,370.8500061035156,19678907
2026-04-27,Kotak Mahindra Bank Ltd,KOTAKBANK.NS,375.0,380.45001220703125,373.25,376.79998779296875,11559552
2026-04-28,Kotak Mahindra Bank Ltd,KOTAKBANK.NS,372.0,383.25,372.0,377.95001220703125,12852733
2026-04-29,Kotak Mahindra Bank Ltd,KOTAKBANK.NS,378.0,386.04998779296875,377.54998779296875,382.0,7913344
2026-04-30,Kotak Mahindra Bank Ltd,KOTAKBANK.NS,376.6000061035156,386.8500061035156,375.29998779296875,383.29998779296875,24812228
2026-05-01,Kotak Mahindra Bank Ltd,KOTAKBANK.NS,383.29998779296875,383.29998779296875,383.29998779296875,383.29998779296875,0
2026-05-04,Kotak Mahindra Bank Ltd,KOTAKBANK.NS,378.8999938964844,382.04998779296875,363.0,371.6499938964844,74467483
2026-05-05,Kotak Mahindra Bank Ltd,KOTAKBANK.NS,371.0,375.5,368.75,371.3500061035156,19084772
2026-05-06,Kotak Mahindra Bank Ltd,KOTAKBANK.NS,374.0,380.0,365.6499938964844,376.6000061035156,36195481
2026-05-07,Kotak Mahindra Bank Ltd,KOTAKBANK.NS,376.1000061035156,382.45001220703125,374.29998779296875,379.3999938964844,27286751
2026-05-08,Kotak Mahindra Bank Ltd,KOTAKBANK.NS,379.0,381.5,374.0,380.79998779296875,16183126
2026-05-11,Kotak Mahindra Bank Ltd,KOTAKBANK.NS,376.1000061035156,386.0,374.3999938964844,381.04998779296875,21347878
2026-05-12,Kotak Mahindra Bank Ltd,KOTAKBANK.NS,380.20001220703125,381.04998779296875,374.54998779296875,376.0,13065308
2026-05-13,Kotak Mahindra Bank Ltd,KOTAKBANK.NS,377.8999938964844,384.0,376.8500061035156,377.6499938964844,16267456
2026-05-14,Kotak Mahindra Bank Ltd,KOTAKBANK.NS,378.0,385.0,375.6000061035156,383.20001220703125,10652514
2026-05-15,Kotak Mahindra Bank Ltd,KOTAKBANK.NS,383.20001220703125,393.29998779296875,380.5,387.04998779296875,19461437
2026-05-18,Kotak Mahindra Bank Ltd,KOTAKBANK.NS,382.0,393.0,380.29998779296875,391.79998779296875,14575831
2026-05-19,Kotak Mahindra Bank Ltd,KOTAKBANK.NS,388.5,391.79998779296875,380.25,381.95001220703125,22567886
2026-05-20,Kotak Mahindra Bank Ltd,KOTAKBANK.NS,376.29998779296875,384.04998779296875,376.29998779296875,383.20001220703125,12342444
2026-05-21,Kotak Mahindra Bank Ltd,KOTAKBANK.NS,384.70001220703125,386.45001220703125,377.8999938964844,380.8500061035156,10133840
2026-05-22,Kotak Mahindra Bank Ltd,KOTAKBANK.NS,381.0,386.29998779296875,381.0,384.1499938964844,10348359
2026-05-25,Kotak Mahindra Bank Ltd,KOTAKBANK.NS,388.29998779296875,395.1499938964844,387.25,392.8500061035156,15571552
2026-05-26,Kotak Mahindra Bank Ltd,KOTAKBANK.NS,392.8500061035156,394.95001220703125,387.0,388.6499938964844,15059212
2026-05-27,Kotak Mahindra Bank Ltd,KOTAKBANK.NS,388.54998779296875,390.5,386.70001220703125,388.70001220703125,9326451
2026-05-28,Kotak Mahindra Bank Ltd,KOTAKBANK.NS,388.70001220703125,388.70001220703125,388.70001220703125,388.70001220703125,0
2026-05-29,Kotak Mahindra Bank Ltd,KOTAKBANK.NS,388.8500061035156,392.54998779296875,381.25,384.20001220703125,40109830
2026-06-01,Kotak Mahindra Bank Ltd,KOTAKBANK.NS,384.1499938964844,387.0,375.6499938964844,377.3999938964844,12335552
2026-06-02,Kotak Mahindra Bank Ltd,KOTAKBANK.NS,373.0,381.54998779296875,372.20001220703125,379.04998779296875,14834956
2026-06-03,Kotak Mahindra Bank Ltd,KOTAKBANK.NS,377.6000061035156,383.45001220703125,375.1000061035156,381.0,14844206
2026-06-04,Kotak Mahindra Bank Ltd,KOTAKBANK.NS,378.5,384.0,377.8999938964844,381.5,13889236
2026-06-05,Kotak Mahindra Bank Ltd,KOTAKBANK.NS,381.5,383.70001220703125,374.6499938964844,377.45001220703125,10129597
2026-06-08,Kotak Mahindra Bank Ltd,KOTAKBANK.NS,373.0,378.8999938964844,372.70001220703125,377.1000061035156,14460894
2026-06-09,Kotak Mahindra Bank Ltd,KOTAKBANK.NS,379.70001220703125,382.45001220703125,377.29998779296875,381.70001220703125,13987913
2026-06-10,Kotak Mahindra Bank Ltd,KOTAKBANK.NS,380.5,391.20001220703125,380.5,388.1000061035156,21427363
2026-06-11,Kotak Mahindra Bank Ltd,KOTAKBANK.NS,386.0,399.8999938964844,384.54998779296875,393.3500061035156,16135289
2026-06-12,Kotak Mahindra Bank Ltd,KOTAKBANK.NS,397.75,404.5,394.95001220703125,403.29998779296875,17227481
2026-06-15,Kotak Mahindra Bank Ltd,KOTAKBANK.NS,408.0,411.0,402.45001220703125,405.75,14269679
2026-06-16,Kotak Mahindra Bank Ltd,KOTAKBANK.NS,405.75,408.54998779296875,404.5,407.8500061035156,9079548
2026-06-17,Kotak Mahindra Bank Ltd,KOTAKBANK.NS,407.8500061035156,408.75,402.54998779296875,404.5,11654415
2026-06-18,Kotak Mahindra Bank Ltd,KOTAKBANK.NS,403.95001220703125,404.25,399.6499938964844,402.95001220703125,9342524
2026-06-19,Kotak Mahindra Bank Ltd,KOTAKBANK.NS,402.5,403.54998779296875,398.0,399.25,17504009
2026-06-22,Kotak Mahindra Bank Ltd,KOTAKBANK.NS,399.25,403.1000061035156,398.75,402.1499938964844,7158956
2026-06-23,Kotak Mahindra Bank Ltd,KOTAKBANK.NS,398.0,405.0,398.0,401.6499938964844,10077909
2026-06-24,Kotak Mahindra Bank Ltd,KOTAKBANK.NS,401.6499938964844,407.95001220703125,400.20001220703125,405.95001220703125,11768059
2026-06-25,Kotak Mahindra Bank Ltd,KOTAKBANK.NS,409.5,413.79998779296875,407.20001220703125,409.0,16587414
2026-06-26,Kotak Mahindra Bank Ltd,KOTAKBANK.NS,409.0,409.0,409.0,409.0,0
2026-06-29,Kotak Mahindra Bank Ltd,KOTAKBANK.NS,402.5,404.8500061035156,394.1000061035156,395.5,37210245
2026-06-30,Kotak Mahindra Bank Ltd,KOTAKBANK.NS,395.5,397.0,389.8999938964844,392.25,24824891
2026-07-01,Kotak Mahindra Bank Ltd,KOTAKBANK.NS,397.3500061035156,401.3999938964844,393.25,400.45001220703125,21723944
2026-07-02,Kotak Mahindra Bank Ltd,KOTAKBANK.NS,400.45001220703125,405.0,397.29998779296875,399.29998779296875,12980945
2026-07-03,Kotak Mahindra Bank Ltd,KOTAKBANK.NS,400.0,401.45001220703125,394.54998779296875,396.75,14747410
2026-07-06,Kotak Mahindra Bank Ltd,KOTAKBANK.NS,389.75,389.75,380.70001220703125,381.29998779296875,34164881
2026-07-07,Kotak Mahindra Bank Ltd,KOTAKBANK.NS,381.5,382.8999938964844,378.6499938964844,381.70001220703125,23216875
2026-07-08,Kotak Mahindra Bank Ltd,KOTAKBANK.NS,378.5,381.75,369.1000061035156,370.1000061035156,22517529
2026-07-09,Kotak Mahindra Bank Ltd,KOTAKBANK.NS,371.5,377.95001220703125,368.3999938964844,377.1499938964844,30720415
2026-07-10,Kotak Mahindra Bank Ltd,KOTAKBANK.NS,377.45001220703125,381.1499938964844,376.8999938964844,377.6000061035156,15468937
2026-07-13,Kotak Mahindra Bank Ltd,KOTAKBANK.NS,375.79998779296875,385.1499938964844,375.1000061035156,384.6499938964844,14167721
2026-07-14,Kotak Mahindra Bank Ltd,KOTAKBANK.NS,383.5,383.5,376.1000061035156,378.6499938964844,16237528
2026-07-15,Kotak Mahindra Bank Ltd,KOTAKBANK.NS,379.3500061035156,382.79998779296875,376.25,378.3999938964844,8082156
2026-07-16,Kotak Mahindra Bank Ltd,KOTAKBANK.NS,377.5,381.25,376.54998779296875,377.1499938964844,10889356
2026-07-17,Kotak Mahindra Bank Ltd,KOTAKBANK.NS,377.5,391.79998779296875,375.70001220703125,389.95001220703125,17847316
2026-07-20,Kotak Mahindra Bank Ltd,KOTAKBANK.NS,382.0,383.75,376.1000061035156,382.04998779296875,32539419
2026-07-21,Kotak Mahindra Bank Ltd,KOTAKBANK.NS,383.0,386.95001220703125,381.04998779296875,385.95001220703125,17152911
2026-07-22,Kotak Mahindra Bank Ltd,KOTAKBANK.NS,384.29998779296875,390.0,378.1499938964844,381.1499938964844,11688952
2026-07-23,Kotak Mahindra Bank Ltd,KOTAKBANK.NS,379.70001220703125,386.1000061035156,378.8500061035156,383.3500061035156,12720546
2026-07-24,Kotak Mahindra Bank Ltd,KOTAKBANK.NS,378.6000061035156,386.5,378.6000061035156,384.75,13308317
2026-07-27,Kotak Mahindra Bank Ltd,KOTAKBANK.NS,386.0,388.75,383.54998779296875,384.6499938964844,16710096
2026-07-28,Kotak Mahindra Bank Ltd,KOTAKBANK.NS,383.04998779296875,387.29998779296875,383.04998779296875,385.29998779296875,14247981
2026-07-29,Kotak Mahindra Bank Ltd,KOTAKBANK.NS,387.0,392.25,385.1499938964844,390.20001220703125,9190194
2026-07-30,Kotak Mahindra Bank Ltd,KOTAKBANK.NS,385.70001220703125,390.20001220703125,385.70001220703125,389.3999938964844,12205963
2026-07-31,Kotak Mahindra Bank Ltd,KOTAKBANK.NS,390.20001220703125,391.8500061035156,388.0,390.29998779296875,7014637
2026-08-03,Kotak Mahindra Bank Ltd,KOTAKBANK.NS,392.0,397.5,391.04998779296875,397.5,11247062
2026-08-04,Kotak Mahindra Bank Ltd,KOTAKBANK.NS,395.5,398.25,392.1000061035156,398.0,9131231
2026-08-05,Kotak Mahindra Bank Ltd,KOTAKBANK.NS,397.0,400.0,393.8500061035156,400.0,11842327
2026-08-06,Kotak Mahindra Bank Ltd,KOTAKBANK.NS,397.25,398.79998779296875,393.75,394.0,10378024
2026-08-07,Kotak Mahindra Bank Ltd,KOTAKBANK.NS,393.0,394.8500061035156,387.75,390.75,7315232
2026-08-10,Kotak Mahindra Bank Ltd,KOTAKBANK.NS,388.0,393.5,386.5,393.5,11662079
2026-08-11,Kotak Mahindra Bank Ltd,KOTAKBANK.NS,392.1000061035156,392.8999938964844,388.29998779296875,392.8999938964844,7853813
2026-08-12,Kotak Mahindra Bank Ltd,KOTAKBANK.NS,391.0,394.25,387.5,390.5,10733474
2026-08-13,Kotak Mahindra Bank Ltd,KOTAKBANK.NS,390.3999938964844,392.3999938964844,388.54998779296875,392.3999938964844,5726518
2026-08-14,Kotak Mahindra Bank Ltd,KOTAKBANK.NS,393.1000061035156,394.3500061035156,389.8500061035156,391.1499938964844,9519332
2026-08-17,Kotak Mahindra Bank Ltd,KOTAKBANK.NS,389.0,396.3500061035156,389.0,392.70001220703125,5105327
2026-08-18,Kotak Mahindra Bank Ltd,KOTAKBANK.NS,391.0,392.8999938964844,387.6499938964844,387.6499938964844,5653147
2026-08-19,Kotak Mahindra Bank Ltd,KOTAKBANK.NS,387.0,393.1000061035156,386.75,390.25,6704930
2026-08-20,Kotak Mahindra Bank Ltd,KOTAKBANK.NS,393.6000061035156,399.54998779296875,393.1499938964844,397.3500061035156,9258923
2026-08-21,Kotak Mahindra Bank Ltd,KOTAKBANK.NS,398.8999938964844,406.0,398.29998779296875,402.79998779296875,15670257
2026-08-24,Kotak Mahindra Bank Ltd,KOTAKBANK.NS,403.5,405.6000061035156,398.20001220703125,401.45001220703125,14932117
2026-08-25,Kotak Mahindra Bank Ltd,KOTAKBANK.NS,398.29998779296875,402.04998779296875,398.1499938964844,401.6000061035156,10154716
2026-08-26,Kotak Mahindra Bank Ltd,KOTAKBANK.NS,402.5,417.45001220703125,401.0,416.70001220703125,20168995
2026-08-27,Kotak Mahindra Bank Ltd,KOTAKBANK.NS,415.75,427.70001220703125,415.0,424.20001220703125,32914085
2026-08-28,Kotak Mahindra Bank Ltd,KOTAKBANK.NS,424.6000061035156,426.20001220703125,421.0,423.70001220703125,18952918
2026-08-31,Kotak Mahindra Bank Ltd,KOTAKBANK.NS,421.0,425.04998779296875,419.3999938964844,419.3999938964844,18992797
2026-09-01,Kotak Mahindra Bank Ltd,KOTAKBANK.NS,420.79998779296875,429.1000061035156,420.75,425.0,7669677
2026-09-02,Kotak Mahindra Bank Ltd,KOTAKBANK.NS,421.8999938964844,425.75,418.95001220703125,423.5,10022695
2026-09-03,Kotak Mahindra Bank Ltd,KOTAKBANK.NS,425.0,426.8999938964844,421.1499938964844,421.1499938964844,5991118
2026-09-04,Kotak Mahindra Bank Ltd,KOTAKBANK.NS,421.6499938964844,425.95001220703125,421.6499938964844,424.5,9408316
2026-09-07,Kotak Mahindra Bank Ltd,KOTAKBANK.NS,421.79998779296875,425.70001220703125,421.0,422.1000061035156,7148641
2026-09-08,Kotak Mahindra Bank Ltd,KOTAKBANK.NS,422.29998779296875,423.8500061035156,419.0,419.25,12406799
2026-09-09,Kotak Mahindra Bank Ltd,KOTAKBANK.NS,418.20001220703125,420.6499938964844,413.95001220703125,414.0,10886349
2026-09-10,Kotak Mahindra Bank Ltd,KOTAKBANK.NS,413.70001220703125,416.54998779296875,412.79998779296875,416.54998779296875,7755254
2026-09-11,Kotak Mahindra Bank Ltd,KOTAKBANK.NS,412.6000061035156,420.0,409.25,419.0,15197483
2026-09-14,Kotak Mahindra Bank Ltd,KOTAKBANK.NS,419.0,419.0,419.0,419.0,0
2026-09-15,Kotak Mahindra Bank Ltd,KOTAKBANK.NS,420.5,420.5,409.79998779296875,409.79998779296875,14367343
2026-09-16,Kotak Mahindra Bank Ltd,KOTAKBANK.NS,413.6000061035156,417.04998779296875,409.3500061035156,415.0,10898426
2026-09-17,Kotak Mahindra Bank Ltd,KOTAKBANK.NS,415.0,417.6000061035156,412.5,416.5,11475105
2026-09-18,Kotak Mahindra Bank Ltd,KOTAKBANK.NS,415.5,419.20001220703125,412.5,412.5,15461137
2026-09-21,Kotak Mahindra Bank Ltd,KOTAKBANK.NS,415.20001220703125,420.6000061035156,414.54998779296875,414.79998779296875,8470861
2026-09-22,Kotak Mahindra Bank Ltd,KOTAKBANK.NS,416.5,417.79998779296875,412.54998779296875,412.6499938964844,3795161
2026-09-23,Kotak Mahindra Bank Ltd,KOTAKBANK.NS,414.6499938964844,417.25,411.3500061035156,413.25,8628172
2026-09-24,Kotak Mahindra Bank Ltd,KOTAKBANK.NS,407.0,410.0,404.29998779296875,405.0,12799846
2026-09-25,Kotak Mahindra Bank Ltd,KOTAKBANK.NS,406.8999938964844,407.95001220703125,399.29998779296875,404.0,18175573
2026-09-28,Kotak Mahindra Bank Ltd,KOTAKBANK.NS,402.0,403.70001220703125,395.75,401.54998779296875,15062655
2026-09-29,Kotak Mahindra Bank Ltd,KOTAKBANK.NS,401.25,409.25,394.70001220703125,406.0,32613940
2026-09-30,Kotak Mahindra Bank Ltd,KOTAKBANK.NS,406.1000061035156,419.1499938964844,405.95001220703125,417.0,32537029
2026-10-01,Kotak Mahindra Bank Ltd,KOTAKBANK.NS,426.0,435.6000061035156,416.04998779296875,418.3500061035156,76637247
2025-10-03,Larsen & Toubro Ltd,LT.NS,3690.0,3746.0,3666.300048828125,3733.10009765625,1959124
2025-10-06,Larsen & Toubro Ltd,LT.NS,3720.0,3767.0,3703.0,3737.0,1581506
2025-10-07,Larsen & Toubro Ltd,LT.NS,3748.0,3766.0,3725.0,3729.699951171875,1673945
2025-10-08,Larsen & Toubro Ltd,LT.NS,3730.0,3760.0,3715.0,3729.800048828125,1424633
2025-10-09,Larsen & Toubro Ltd,LT.NS,3735.5,3796.39990234375,3730.10009765625,3769.199951171875,1827249
2025-10-10,Larsen & Toubro Ltd,LT.NS,3765.0,3799.0,3760.0,3784.0,1129678
2025-10-13,Larsen & Toubro Ltd,LT.NS,3780.0,3784.0,3745.0,3769.5,1191248
2025-10-14,Larsen & Toubro Ltd,LT.NS,3775.0,3786.800048828125,3730.199951171875,3744.300048828125,1364583
2025-10-15,Larsen & Toubro Ltd,LT.NS,3747.0,3843.89990234375,3744.300048828125,3828.699951171875,2575918
2025-10-16,Larsen & Toubro Ltd,LT.NS,3830.300048828125,3885.89990234375,3830.0,3861.800048828125,2330283
2025-10-17,Larsen & Toubro Ltd,LT.NS,3860.0,3869.5,3830.10009765625,3839.39990234375,1337364
2025-10-20,Larsen & Toubro Ltd,LT.NS,3862.0,3887.60009765625,3845.39990234375,3872.699951171875,1223232
2025-10-21,Larsen & Toubro Ltd,LT.NS,3892.0,3895.0,3877.199951171875,3888.199951171875,260327
2025-10-23,Larsen & Toubro Ltd,LT.NS,3890.0,3966.199951171875,3890.0,3918.699951171875,2815778
2025-10-24,Larsen & Toubro Ltd,LT.NS,3929.300048828125,3939.89990234375,3897.5,3904.89990234375,1146636
2025-10-27,Larsen & Toubro Ltd,LT.NS,3912.0,3948.0,3907.0,3923.800048828125,1057688
2025-10-28,Larsen & Toubro Ltd,LT.NS,3922.10009765625,3986.0,3917.300048828125,3972.800048828125,3391806
2025-10-29,Larsen & Toubro Ltd,LT.NS,3988.0,4016.699951171875,3920.0,3958.10009765625,2563641
2025-10-30,Larsen & Toubro Ltd,LT.NS,3980.0,4062.60009765625,3975.60009765625,3987.5,4959400
2025-10-31,Larsen & Toubro Ltd,LT.NS,4001.10009765625,4045.89990234375,3980.199951171875,4030.89990234375,2328183
2025-11-03,Larsen & Toubro Ltd,LT.NS,4030.0,4041.0,3974.89990234375,3980.5,1154072
2025-11-04,Larsen & Toubro Ltd,LT.NS,3985.0,3990.0,3916.800048828125,3924.39990234375,2042881
2025-11-06,Larsen & Toubro Ltd,LT.NS,3945.0,3978.0,3872.10009765625,3881.60009765625,1749063
2025-11-07,Larsen & Toubro Ltd,LT.NS,3877.10009765625,3892.89990234375,3831.10009765625,3882.5,1577294
2025-11-10,Larsen & Toubro Ltd,LT.NS,3895.0,3943.800048828125,3894.0,3918.5,1397176
2025-11-11,Larsen & Toubro Ltd,LT.NS,3929.0,3966.800048828125,3897.0,3955.0,1775462
2025-11-12,Larsen & Toubro Ltd,LT.NS,3970.0,3973.800048828125,3936.89990234375,3954.60009765625,981350
2025-11-13,Larsen & Toubro Ltd,LT.NS,3954.60009765625,4022.89990234375,3925.60009765625,4002.5,1834962
2025-11-14,Larsen & Toubro Ltd,LT.NS,4002.0,4011.5,3971.60009765625,4004.39990234375,1916910
2025-11-17,Larsen & Toubro Ltd,LT.NS,4004.39990234375,4030.0,4000.10009765625,4027.699951171875,1206133
2025-11-18,Larsen & Toubro Ltd,LT.NS,4020.0,4026.800048828125,3978.89990234375,3999.60009765625,1748928
2025-11-19,Larsen & Toubro Ltd,LT.NS,4007.0,4026.5,3980.300048828125,4019.60009765625,923032
2025-11-20,Larsen & Toubro Ltd,LT.NS,4035.0,4048.0,4007.699951171875,4037.39990234375,1463574
2025-11-21,Larsen & Toubro Ltd,LT.NS,4026.0,4057.0,4015.199951171875,4024.89990234375,1241149
2025-11-24,Larsen & Toubro Ltd,LT.NS,4025.0,4038.0,4003.699951171875,4013.300048828125,1584741
2025-11-25,Larsen & Toubro Ltd,LT.NS,4013.0,4055.5,3981.60009765625,3996.699951171875,1749083
2025-11-26,Larsen & Toubro Ltd,LT.NS,3999.0,4074.60009765625,3998.0,4062.0,2058237
2025-11-27,Larsen & Toubro Ltd,LT.NS,4071.0,4140.0,4059.60009765625,4081.300048828125,2225064
2025-11-28,Larsen & Toubro Ltd,LT.NS,4085.0,4104.2001953125,4054.699951171875,4069.60009765625,1318133
2025-12-01,Larsen & Toubro Ltd,LT.NS,4087.0,4103.39990234375,4050.0,4073.199951171875,1251770
2025-12-02,Larsen & Toubro Ltd,LT.NS,4066.5,4088.60009765625,4023.800048828125,4030.5,1490917
2025-12-03,Larsen & Toubro Ltd,LT.NS,4032.0,4046.89990234375,3970.10009765625,3988.0,1123990
2025-12-04,Larsen & Toubro Ltd,LT.NS,3990.0,4009.199951171875,3961.699951171875,3983.60009765625,1026968
2025-12-05,Larsen & Toubro Ltd,LT.NS,3999.0,4048.0,3975.10009765625,4038.199951171875,1073758
2025-12-08,Larsen & Toubro Ltd,LT.NS,4047.0,4047.89990234375,3976.89990234375,3996.699951171875,1127841
2025-12-09,Larsen & Toubro Ltd,LT.NS,3990.0,4019.89990234375,3949.10009765625,3997.5,1788464
2025-12-10,Larsen & Toubro Ltd,LT.NS,4000.0,4030.0,3970.0,3991.300048828125,957277
2025-12-11,Larsen & Toubro Ltd,LT.NS,3993.199951171875,4015.0,3984.60009765625,4003.89990234375,841371
2025-12-12,Larsen & Toubro Ltd,LT.NS,4061.0,4114.0,4048.60009765625,4074.10009765625,2207898
2025-12-15,Larsen & Toubro Ltd,LT.NS,4072.800048828125,4096.0,4063.800048828125,4092.300048828125,1064975
2025-12-16,Larsen & Toubro Ltd,LT.NS,4083.699951171875,4103.7998046875,4051.199951171875,4063.800048828125,2199214
2025-12-17,Larsen & Toubro Ltd,LT.NS,4079.0,4079.0,4040.0,4062.39990234375,1087334
2025-12-18,Larsen & Toubro Ltd,LT.NS,4067.0,4071.800048828125,4023.39990234375,4031.10009765625,1004303
2025-12-19,Larsen & Toubro Ltd,LT.NS,4040.10009765625,4091.5,4040.10009765625,4073.5,1327935
2025-12-22,Larsen & Toubro Ltd,LT.NS,4081.0,4098.5,4068.5,4072.39990234375,764774
2025-12-23,Larsen & Toubro Ltd,LT.NS,4089.0,4095.0,4053.300048828125,4058.800048828125,1867147
2025-12-24,Larsen & Toubro Ltd,LT.NS,4065.0,4080.699951171875,4048.10009765625,4053.60009765625,1021436
2025-12-26,Larsen & Toubro Ltd,LT.NS,4052.0,4061.5,4030.199951171875,4047.300048828125,594330
2025-12-29,Larsen & Toubro Ltd,LT.NS,4053.0,4061.10009765625,4033.39990234375,4038.699951171875,952143
2025-12-30,Larsen & Toubro Ltd,LT.NS,4039.0,4063.89990234375,4006.199951171875,4052.0,1362208
2025-12-31,Larsen & Toubro Ltd,LT.NS,4058.0,4094.5,4048.0,4083.5,1160164
2026-01-01,Larsen & Toubro Ltd,LT.NS,4090.0,4146.7998046875,4088.300048828125,4140.39990234375,1360716
2026-01-02,Larsen & Toubro Ltd,LT.NS,4138.10009765625,4172.7001953125,4127.10009765625,4163.39990234375,984027
2026-01-05,Larsen & Toubro Ltd,LT.NS,4162.89990234375,4195.0,4132.7998046875,4150.39990234375,1167460
2026-01-06,Larsen & Toubro Ltd,LT.NS,4153.0,4185.0,4129.89990234375,4140.60009765625,1205337
2026-01-07,Larsen & Toubro Ltd,LT.NS,4106.0,4180.0,4094.0,4157.0,1213160
2026-01-08,Larsen & Toubro Ltd,LT.NS,4160.0,4169.89990234375,3991.300048828125,4028.39990234375,2328813
2026-01-09,Larsen & Toubro Ltd,LT.NS,4029.0,4094.0,4006.199951171875,4025.199951171875,1718127
2026-01-12,Larsen & Toubro Ltd,LT.NS,4026.0,4026.89990234375,3944.300048828125,4019.0,1386513
2026-01-13,Larsen & Toubro Ltd,LT.NS,4028.0,4028.0,3837.0,3887.39990234375,4978634
2026-01-14,Larsen & Toubro Ltd,LT.NS,3900.0,3904.89990234375,3856.60009765625,3865.800048828125,1914244
2026-01-15,Larsen & Toubro Ltd,LT.NS,3865.800048828125,3865.800048828125,3865.800048828125,3865.800048828125,0
2026-01-16,Larsen & Toubro Ltd,LT.NS,3890.0,3914.0,3848.699951171875,3856.39990234375,1807300
2026-01-19,Larsen & Toubro Ltd,LT.NS,3820.0,3878.39990234375,3808.5,3869.800048828125,1709380
2026-01-20,Larsen & Toubro Ltd,LT.NS,3858.0,3874.300048828125,3800.0,3810.5,1658119
2026-01-21,Larsen & Toubro Ltd,LT.NS,3800.0,3830.0,3722.0,3766.5,2537185
2026-01-22,Larsen & Toubro Ltd,LT.NS,3798.89990234375,3801.300048828125,3755.10009765625,3793.800048828125,1856812
2026-01-23,Larsen & Toubro Ltd,LT.NS,3798.0,3799.39990234375,3720.10009765625,3743.800048828125,1898703
2026-01-27,Larsen & Toubro Ltd,LT.NS,3743.800048828125,3815.0,3739.0,3787.800048828125,2162193
2026-01-28,Larsen & Toubro Ltd,LT.NS,3804.300048828125,3828.199951171875,3769.10009765625,3794.0,2111741
2026-01-29,Larsen & Toubro Ltd,LT.NS,3860.0,3960.89990234375,3843.60009765625,3932.89990234375,4227139
2026-01-30,Larsen & Toubro Ltd,LT.NS,3902.5,3942.39990234375,3891.800048828125,3932.300048828125,2208465
2026-02-02,Larsen & Toubro Ltd,LT.NS,3830.699951171875,3934.800048828125,3825.0,3921.300048828125,3034613
2026-02-03,Larsen & Toubro Ltd,LT.NS,4117.0,4122.0,4030.60009765625,4038.800048828125,3742190
2026-02-04,Larsen & Toubro Ltd,LT.NS,4029.0,4107.0,4016.89990234375,4087.10009765625,1403373
2026-02-05,Larsen & Toubro Ltd,LT.NS,4088.0,4088.5,4035.89990234375,4063.300048828125,1433240
2026-02-06,Larsen & Toubro Ltd,LT.NS,4055.0,4078.0,4042.300048828125,4068.10009765625,1630836
2026-02-09,Larsen & Toubro Ltd,LT.NS,4073.89990234375,4124.7001953125,4062.39990234375,4113.60009765625,1830267
2026-02-10,Larsen & Toubro Ltd,LT.NS,4140.0,4174.60009765625,4122.39990234375,4169.0,1890409
2026-02-11,Larsen & Toubro Ltd,LT.NS,4172.89990234375,4187.7001953125,4140.2998046875,4170.39990234375,1689489
2026-02-12,Larsen & Toubro Ltd,LT.NS,4187.89990234375,4199.0,4160.89990234375,4185.89990234375,2006458
2026-02-13,Larsen & Toubro Ltd,LT.NS,4174.10009765625,4199.0,4134.10009765625,4173.89990234375,2234376
2026-02-16,Larsen & Toubro Ltd,LT.NS,4170.0,4206.0,4135.2998046875,4201.5,852552
2026-02-17,Larsen & Toubro Ltd,LT.NS,4210.10009765625,4287.0,4190.10009765625,4279.7998046875,1763048
2026-02-18,Larsen & Toubro Ltd,LT.NS,4290.5,4335.0,4261.10009765625,4325.89990234375,2042626
2026-02-19,Larsen & Toubro Ltd,LT.NS,4326.10009765625,4334.0,4261.89990234375,4280.5,2007080
2026-02-20,Larsen & Toubro Ltd,LT.NS,4267.10009765625,4390.0,4267.10009765625,4380.60009765625,2542442
2026-02-23,Larsen & Toubro Ltd,LT.NS,4395.60009765625,4431.60009765625,4371.7001953125,4418.10009765625,2122782
2026-02-24,Larsen & Toubro Ltd,LT.NS,4415.5,4440.0,4228.10009765625,4259.2001953125,3673070
2026-02-25,Larsen & Toubro Ltd,LT.NS,4270.0,4344.89990234375,4254.2001953125,4298.5,2481469
2026-02-26,Larsen & Toubro Ltd,LT.NS,4304.89990234375,4340.0,4278.2998046875,4286.5,2370148
2026-02-27,Larsen & Toubro Ltd,LT.NS,4288.89990234375,4304.7001953125,4254.39990234375,4278.2998046875,2357853
2026-03-02,Larsen & Toubro Ltd,LT.NS,4061.0,4141.39990234375,3975.39990234375,4066.699951171875,6542141
2026-03-04,Larsen & Toubro Ltd,LT.NS,3950.0,3959.0,3760.0,3882.60009765625,7635350
2026-03-05,Larsen & Toubro Ltd,LT.NS,3924.199951171875,4072.89990234375,3908.89990234375,4038.699951171875,4996312
2026-03-06,Larsen & Toubro Ltd,LT.NS,4015.0,4015.0,3941.0,3949.800048828125,2379314
2026-03-09,Larsen & Toubro Ltd,LT.NS,3850.0,3852.0,3743.0,3842.10009765625,4248784
2026-03-10,Larsen & Toubro Ltd,LT.NS,3936.0,3972.0,3851.0,3876.0,3330102
2026-03-11,Larsen & Toubro Ltd,LT.NS,3879.699951171875,3896.699951171875,3832.0,3838.800048828125,2066473
2026-03-12,Larsen & Toubro Ltd,LT.NS,3825.0,3830.0,3704.89990234375,3719.5,4255443
2026-03-13,Larsen & Toubro Ltd,LT.NS,3696.0,3697.0,3424.5,3439.0,10778730
2026-03-16,Larsen & Toubro Ltd,LT.NS,3453.5,3494.800048828125,3396.60009765625,3469.39990234375,8459233
2026-03-17,Larsen & Toubro Ltd,LT.NS,3478.0,3550.0,3450.0,3542.800048828125,5003418
2026-03-18,Larsen & Toubro Ltd,LT.NS,3569.0,3638.800048828125,3555.0,3607.89990234375,4190485
2026-03-19,Larsen & Toubro Ltd,LT.NS,3526.699951171875,3528.300048828125,3422.0,3434.5,4898518
2026-03-20,Larsen & Toubro Ltd,LT.NS,3475.0,3524.0,3410.0,3434.800048828125,4743217
2026-03-23,Larsen & Toubro Ltd,LT.NS,3405.10009765625,3409.89990234375,3288.10009765625,3342.39990234375,5645839
2026-03-24,Larsen & Toubro Ltd,LT.NS,3440.0,3547.10009765625,3390.5,3516.800048828125,6037848
2026-03-25,Larsen & Toubro Ltd,LT.NS,3569.89990234375,3660.0,3546.0,3649.300048828125,5090205
2026-03-27,Larsen & Toubro Ltd,LT.NS,3640.0,3640.0,3547.0,3564.10009765625,3991388
2026-03-30,Larsen & Toubro Ltd,LT.NS,3500.0,3543.60009765625,3491.10009765625,3504.10009765625,3549203
2026-04-01,Larsen & Toubro Ltd,LT.NS,3655.0,3682.89990234375,3597.300048828125,3607.5,4099786
2026-04-02,Larsen & Toubro Ltd,LT.NS,3539.300048828125,3629.0,3470.0,3613.10009765625,4121638
2026-04-06,Larsen & Toubro Ltd,LT.NS,3616.60009765625,3737.0,3577.0,3727.699951171875,3353246
2026-04-07,Larsen & Toubro Ltd,LT.NS,3680.0,3736.199951171875,3658.0,3723.300048828125,3083714
2026-04-08,Larsen & Toubro Ltd,LT.NS,3948.0,4032.0,3931.0,4005.89990234375,7368477
2026-04-09,Larsen & Toubro Ltd,LT.NS,3988.0,3988.0,3885.60009765625,3896.199951171875,4415151
2026-04-10,Larsen & Toubro Ltd,LT.NS,3932.0,3965.0,3915.60009765625,3959.89990234375,2822017
2026-04-13,Larsen & Toubro Ltd,LT.NS,3825.0,3971.699951171875,3815.60009765625,3954.300048828125,4897563
2026-04-15,Larsen & Toubro Ltd,LT.NS,4045.39990234375,4104.0,4031.10009765625,4076.300048828125,4562142
2026-04-16,Larsen & Toubro Ltd,LT.NS,4128.0,4149.0,4089.0,4119.7998046875,5092608
2026-04-17,Larsen & Toubro Ltd,LT.NS,4134.0,4142.89990234375,4072.800048828125,4096.10009765625,2796673
2026-04-20,Larsen & Toubro Ltd,LT.NS,4100.0,4130.0,4024.0,4051.0,3545024
2026-04-21,Larsen & Toubro Ltd,LT.NS,4039.0,4091.800048828125,4032.0,4075.39990234375,2426718
2026-04-22,Larsen & Toubro Ltd,LT.NS,4070.0,4070.0,4011.0,4021.10009765625,2178082
2026-04-23,Larsen & Toubro Ltd,LT.NS,4009.89990234375,4064.0,3978.5,4054.10009765625,2229134
2026-04-24,Larsen & Toubro Ltd,LT.NS,4072.0,4088.10009765625,3983.199951171875,4014.300048828125,2162213
2026-04-27,Larsen & Toubro Ltd,LT.NS,4058.0,4089.5,4030.199951171875,4053.60009765625,2000348
2026-04-28,Larsen & Toubro Ltd,LT.NS,4060.0,4087.89990234375,4023.89990234375,4037.699951171875,1750237
2026-04-29,Larsen & Toubro Ltd,LT.NS,4060.0,4126.0,4051.300048828125,4096.10009765625,2175030
2026-04-30,Larsen & Toubro Ltd,LT.NS,4083.0,4100.0,3990.0,4014.0,2569328
2026-05-01,Larsen & Toubro Ltd,LT.NS,4014.0,4014.0,4014.0,4014.0,0
2026-05-04,Larsen & Toubro Ltd,LT.NS,4026.0,4139.5,4026.0,4100.7998046875,2173027
2026-05-05,Larsen & Toubro Ltd,LT.NS,4085.0,4090.0,4024.0,4054.5,3849402
2026-05-06,Larsen & Toubro Ltd,LT.NS,3974.0,4021.0,3900.0,4008.5,9540104
2026-05-07,Larsen & Toubro Ltd,LT.NS,4028.0,4065.800048828125,3991.0,4023.0,3477185
2026-05-08,Larsen & Toubro Ltd,LT.NS,4010.0,4014.0,3960.0,3974.5,1620273
2026-05-11,Larsen & Toubro Ltd,LT.NS,3948.0,3953.5,3886.10009765625,3940.199951171875,2027769
2026-05-12,Larsen & Toubro Ltd,LT.NS,3925.10009765625,3940.0,3847.0,3856.5,2255075
2026-05-13,Larsen & Toubro Ltd,LT.NS,3848.0,3953.0,3848.0,3915.800048828125,2486330
2026-05-14,Larsen & Toubro Ltd,LT.NS,3942.0,3988.0,3925.0,3940.39990234375,2982228
2026-05-15,Larsen & Toubro Ltd,LT.NS,3949.39990234375,3949.39990234375,3893.0,3909.0,1339185
2026-05-18,Larsen & Toubro Ltd,LT.NS,3873.89990234375,3924.699951171875,3852.0,3917.800048828125,1771638
2026-05-19,Larsen & Toubro Ltd,LT.NS,3940.89990234375,3960.0,3900.0,3921.0,2318170
2026-05-20,Larsen & Toubro Ltd,LT.NS,3901.60009765625,3943.5,3883.10009765625,3910.699951171875,1972259
2026-05-21,Larsen & Toubro Ltd,LT.NS,3970.0,3970.0,3912.699951171875,3928.5,1624945
2026-05-22,Larsen & Toubro Ltd,LT.NS,3907.0,3960.0,3900.10009765625,3926.60009765625,1330428
2026-05-25,Larsen & Toubro Ltd,LT.NS,3970.0,4038.39990234375,3961.5,4033.39990234375,2099927
2026-05-26,Larsen & Toubro Ltd,LT.NS,4029.60009765625,4052.89990234375,4014.199951171875,4037.800048828125,1552847
2026-05-27,Larsen & Toubro Ltd,LT.NS,4043.0,4069.89990234375,4017.89990234375,4047.5,1607028
2026-05-28,Larsen & Toubro Ltd,LT.NS,4047.5,4047.5,4047.5,4047.5,0
2026-05-29,Larsen & Toubro Ltd,LT.NS,4045.800048828125,4128.0,4045.0,4076.5,4882940
2026-06-01,Larsen & Toubro Ltd,LT.NS,4089.0,4105.7998046875,4002.10009765625,4010.800048828125,1409388
2026-06-02,Larsen & Toubro Ltd,LT.NS,3980.0,4017.0,3923.5,4000.89990234375,2085054
2026-06-03,Larsen & Toubro Ltd,LT.NS,4000.89990234375,4008.0,3894.0,3953.199951171875,1872929
2026-06-04,Larsen & Toubro Ltd,LT.NS,3945.0,3974.89990234375,3930.10009765625,3942.10009765625,1398297
2026-06-05,Larsen & Toubro Ltd,LT.NS,3960.0,3978.0,3923.89990234375,3953.199951171875,1278243
2026-06-08,Larsen & Toubro Ltd,LT.NS,3901.10009765625,3916.699951171875,3863.10009765625,3875.5,1678709
2026-06-09,Larsen & Toubro Ltd,LT.NS,3924.89990234375,3924.89990234375,3885.0,3900.60009765625,1506501
2026-06-10,Larsen & Toubro Ltd,LT.NS,3904.0,3962.800048828125,3900.0,3917.5,2033070
2026-06-11,Larsen & Toubro Ltd,LT.NS,3900.0,3909.800048828125,3854.39990234375,3862.0,2224659
2026-06-12,Larsen & Toubro Ltd,LT.NS,3930.0,4059.800048828125,3921.0,4049.300048828125,3065790
2026-06-15,Larsen & Toubro Ltd,LT.NS,4130.0,4214.89990234375,4130.0,4169.7998046875,3978153
2026-06-16,Larsen & Toubro Ltd,LT.NS,4205.0,4235.39990234375,4177.10009765625,4186.39990234375,2647549
2026-06-17,Larsen & Toubro Ltd,LT.NS,4200.10009765625,4214.7001953125,4172.0,4207.7001953125,1312925
2026-06-18,Larsen & Toubro Ltd,LT.NS,4207.7001953125,4244.89990234375,4165.60009765625,4190.0,1485427
2026-06-19,Larsen & Toubro Ltd,LT.NS,4190.0,4217.5,4161.60009765625,4209.39990234375,1397746
2026-06-22,Larsen & Toubro Ltd,LT.NS,4228.0,4235.39990234375,4190.0,4201.2998046875,1169466
2026-06-23,Larsen & Toubro Ltd,LT.NS,4210.0,4242.39990234375,4166.0,4179.39990234375,2198497
2026-06-24,Larsen & Toubro Ltd,LT.NS,4176.5,4215.0,4170.0,4181.7001953125,1367416
2026-06-25,Larsen & Toubro Ltd,LT.NS,4207.0,4272.2998046875,4187.10009765625,4216.39990234375,3104020
2026-06-26,Larsen & Toubro Ltd,LT.NS,4216.39990234375,4216.39990234375,4216.39990234375,4216.39990234375,0
2026-06-29,Larsen & Toubro Ltd,LT.NS,4225.0,4252.0,4157.7998046875,4165.2001953125,2706906
2026-06-30,Larsen & Toubro Ltd,LT.NS,4183.0,4193.7998046875,4134.10009765625,4143.39990234375,1539094
2026-07-01,Larsen & Toubro Ltd,LT.NS,4130.10009765625,4142.7998046875,4081.10009765625,4092.60009765625,1437109
2026-07-02,Larsen & Toubro Ltd,LT.NS,4100.0,4110.0,4012.0,4059.39990234375,2481554
2026-07-03,Larsen & Toubro Ltd,LT.NS,4080.0,4094.0,4019.0,4026.60009765625,1505428
2026-07-06,Larsen & Toubro Ltd,LT.NS,4027.699951171875,4068.0,4016.5,4041.0,1252054
2026-07-07,Larsen & Toubro Ltd,LT.NS,4044.5,4046.300048828125,3975.0,3991.89990234375,2442514
2026-07-08,Larsen & Toubro Ltd,LT.NS,3950.0,3988.0,3871.0,3892.10009765625,2252308
2026-07-09,Larsen & Toubro Ltd,LT.NS,3916.0,3947.300048828125,3867.800048828125,3886.0,5117653
2026-07-10,Larsen & Toubro Ltd,LT.NS,3905.0,3953.800048828125,3905.0,3945.800048828125,1283990
2026-07-13,Larsen & Toubro Ltd,LT.NS,3895.0,3939.0,3875.60009765625,3928.5,1744547
2026-07-14,Larsen & Toubro Ltd,LT.NS,3892.0,3897.89990234375,3843.0,3848.699951171875,2409089
2026-07-15,Larsen & Toubro Ltd,LT.NS,3868.0,3868.0,3778.60009765625,3783.89990234375,3602201
2026-07-16,Larsen & Toubro Ltd,LT.NS,3795.0,3802.0,3762.300048828125,3775.60009765625,2936753
2026-07-17,Larsen & Toubro Ltd,LT.NS,3788.89990234375,3828.89990234375,3767.699951171875,3814.5,1942610
2026-07-20,Larsen & Toubro Ltd,LT.NS,3815.0,3850.0,3807.0,3838.800048828125,1450930
2026-07-21,Larsen & Toubro Ltd,LT.NS,3839.0,3859.5,3815.699951171875,3846.60009765625,1393919
2026-07-22,Larsen & Toubro Ltd,LT.NS,3835.0,3843.300048828125,3806.199951171875,3817.39990234375,1157406
2026-07-23,Larsen & Toubro Ltd,LT.NS,3800.0,3827.60009765625,3777.699951171875,3792.39990234375,1278355
2026-07-24,Larsen & Toubro Ltd,LT.NS,3751.0,3805.0,3720.0,3785.60009765625,1994087
2026-07-27,Larsen & Toubro Ltd,LT.NS,3820.0,3837.300048828125,3798.699951171875,3806.0,1454211
2026-07-28,Larsen & Toubro Ltd,LT.NS,3812.0,3837.0,3793.0,3832.0,1702441
2026-07-29,Larsen & Toubro Ltd,LT.NS,3895.39990234375,3978.199951171875,3891.10009765625,3931.39990234375,3115802
2026-07-30,Larsen & Toubro Ltd,LT.NS,3931.39990234375,3951.699951171875,3883.5,3937.699951171875,2141252
2026-07-31,Larsen & Toubro Ltd,LT.NS,3962.89990234375,3973.10009765625,3923.199951171875,3938.89990234375,1753377
2026-08-03,Larsen & Toubro Ltd,LT.NS,3974.0,4025.0,3962.5,4025.0,1890377
2026-08-04,Larsen & Toubro Ltd,LT.NS,4007.199951171875,4042.39990234375,3988.199951171875,3990.0,1827982
2026-08-05,Larsen & Toubro Ltd,LT.NS,4025.0,4074.0,4024.800048828125,4057.0,1910224
2026-08-06,Larsen & Toubro Ltd,LT.NS,4056.0,4070.0,4045.0,4061.800048828125,1401341
2026-08-07,Larsen & Toubro Ltd,LT.NS,4040.10009765625,4062.0,4030.0,4056.0,901290
2026-08-10,Larsen & Toubro Ltd,LT.NS,4055.699951171875,4080.0,4025.800048828125,4080.0,1082855
2026-08-11,Larsen & Toubro Ltd,LT.NS,4075.10009765625,4075.5,4028.5,4037.39990234375,1401285
2026-08-12,Larsen & Toubro Ltd,LT.NS,4038.0,4044.10009765625,3990.0,4020.0,2226623
2026-08-13,Larsen & Toubro Ltd,LT.NS,4010.0,4070.699951171875,3990.0,4070.699951171875,2299928
2026-08-14,Larsen & Toubro Ltd,LT.NS,4068.699951171875,4072.5,4033.10009765625,4057.0,934044
2026-08-17,Larsen & Toubro Ltd,LT.NS,4041.0,4086.699951171875,4026.0,4086.699951171875,1066164
2026-08-18,Larsen & Toubro Ltd,LT.NS,4068.0,4085.0,4050.0,4064.300048828125,1355575
2026-08-19,Larsen & Toubro Ltd,LT.NS,4064.0,4069.0,4024.800048828125,4041.300048828125,1190832
2026-08-20,Larsen & Toubro Ltd,LT.NS,4050.5,4084.89990234375,4048.300048828125,4081.0,1056060
2026-08-21,Larsen & Toubro Ltd,LT.NS,4081.0,4100.0,4061.39990234375,4093.0,1258912
2026-08-24,Larsen & Toubro Ltd,LT.NS,4100.0,4107.10009765625,4077.699951171875,4090.0,1369496
2026-08-25,Larsen & Toubro Ltd,LT.NS,4085.0,4125.2998046875,4066.60009765625,4119.0,1316074
2026-08-26,Larsen & Toubro Ltd,LT.NS,4114.0,4124.89990234375,4038.10009765625,4038.10009765625,1384669
2026-08-27,Larsen & Toubro Ltd,LT.NS,4058.0,4067.300048828125,4023.0,4027.0,1161440
2026-08-28,Larsen & Toubro Ltd,LT.NS,4045.0,4060.0,4021.300048828125,4045.800048828125,893956
2026-08-31,Larsen & Toubro Ltd,LT.NS,4035.10009765625,4044.89990234375,3976.0,4044.89990234375,1553171
2026-09-01,Larsen & Toubro Ltd,LT.NS,4038.0,4038.0,3980.10009765625,3980.10009765625,944703
2026-09-02,Larsen & Toubro Ltd,LT.NS,3966.0,4002.300048828125,3956.699951171875,3981.0,1307081
2026-09-03,Larsen & Toubro Ltd,LT.NS,3999.800048828125,4027.699951171875,3975.0,3975.0,940768
2026-09-04,Larsen & Toubro Ltd,LT.NS,3981.0,3994.89990234375,3964.10009765625,3964.10009765625,1319056
2026-09-07,Larsen & Toubro Ltd,LT.NS,3962.0,4004.89990234375,3960.89990234375,3999.0,1256683
2026-09-08,Larsen & Toubro Ltd,LT.NS,3988.699951171875,3988.699951171875,3946.10009765625,3946.10009765625,1200872
2026-09-09,Larsen & Toubro Ltd,LT.NS,3935.300048828125,4020.199951171875,3922.60009765625,3922.60009765625,2954721
2026-09-10,Larsen & Toubro Ltd,LT.NS,3949.39990234375,3965.5,3910.0,3955.0,1376951
2026-09-11,Larsen & Toubro Ltd,LT.NS,3926.0,3948.0,3880.699951171875,3930.699951171875,1195489
2026-09-14,Larsen & Toubro Ltd,LT.NS,3930.699951171875,3930.699951171875,3930.699951171875,3930.699951171875,0
2026-09-15,Larsen & Toubro Ltd,LT.NS,3959.0,3959.0,3835.699951171875,3850.699951171875,1848703
2026-09-16,Larsen & Toubro Ltd,LT.NS,3844.199951171875,3867.89990234375,3799.89990234375,3807.699951171875,2038640
2026-09-17,Larsen & Toubro Ltd,LT.NS,3811.0,3875.0,3811.0,3836.199951171875,1319415
2026-09-18,Larsen & Toubro Ltd,LT.NS,3846.0,3898.0,3846.0,3885.0,1547690
2026-09-21,Larsen & Toubro Ltd,LT.NS,3885.0,3908.699951171875,3883.0,3904.800048828125,947371
2026-09-22,Larsen & Toubro Ltd,LT.NS,3919.60009765625,3930.5,3866.0,3866.39990234375,1355288
2026-09-23,Larsen & Toubro Ltd,LT.NS,3870.0,3945.0,3870.0,3929.89990234375,945462
2026-09-24,Larsen & Toubro Ltd,LT.NS,3887.300048828125,3907.0,3849.0,3858.39990234375,1649308
2026-09-25,Larsen & Toubro Ltd,LT.NS,3865.0,3887.5,3842.39990234375,3876.199951171875,1230579
2026-09-28,Larsen & Toubro Ltd,LT.NS,3857.0,3858.199951171875,3766.39990234375,3766.39990234375,1361601
2026-09-29,Larsen & Toubro Ltd,LT.NS,3768.0,3791.800048828125,3740.199951171875,3749.10009765625,2546475
2026-09-30,Larsen & Toubro Ltd,LT.NS,3756.199951171875,3786.5,3730.0,3760.0,2396040
2026-10-01,Larsen & Toubro Ltd,LT.NS,3726.0,3737.300048828125,3655.89990234375,3693.39990234375,2220932
2025-10-03,Maruti Suzuki India Ltd,MARUTI.NS,15949.0,16025.0,15736.0,15806.0,470216
2025-10-06,Maruti Suzuki India Ltd,MARUTI.NS,15840.0,16057.0,15708.0,15998.0,268497
2025-10-07,Maruti Suzuki India Ltd,MARUTI.NS,16014.0,16159.0,15977.0,16108.0,330326
2025-10-08,Maruti Suzuki India Ltd,MARUTI.NS,16108.0,16236.0,15979.0,16012.0,306518
2025-10-09,Maruti Suzuki India Ltd,MARUTI.NS,16070.0,16075.0,15853.0,15985.0,300499
2025-10-10,Maruti Suzuki India Ltd,MARUTI.NS,15980.0,16315.0,15911.0,16265.0,423031
2025-10-13,Maruti Suzuki India Ltd,MARUTI.NS,16264.0,16432.0,16218.0,16323.0,337617
2025-10-14,Maruti Suzuki India Ltd,MARUTI.NS,16350.0,16350.0,16121.0,16261.0,307925
2025-10-15,Maruti Suzuki India Ltd,MARUTI.NS,16300.0,16380.0,16200.0,16212.0,266435
2025-10-16,Maruti Suzuki India Ltd,MARUTI.NS,16246.0,16332.0,16200.0,16298.0,265727
2025-10-17,Maruti Suzuki India Ltd,MARUTI.NS,16298.0,16549.0,16298.0,16401.0,411608
2025-10-20,Maruti Suzuki India Ltd,MARUTI.NS,16500.0,16518.0,16380.0,16424.0,374246
2025-10-21,Maruti Suzuki India Ltd,MARUTI.NS,16453.0,16476.0,16330.0,16396.0,28990
2025-10-23,Maruti Suzuki India Ltd,MARUTI.NS,16660.0,16660.0,16340.0,16393.0,481753
2025-10-24,Maruti Suzuki India Ltd,MARUTI.NS,16392.0,16423.0,16200.0,16274.0,208520
2025-10-27,Maruti Suzuki India Ltd,MARUTI.NS,16350.0,16410.0,16275.0,16388.0,209829
2025-10-28,Maruti Suzuki India Ltd,MARUTI.NS,16399.0,16495.0,16261.0,16311.0,383383
2025-10-29,Maruti Suzuki India Ltd,MARUTI.NS,16360.0,16428.0,16046.0,16138.0,232815
2025-10-30,Maruti Suzuki India Ltd,MARUTI.NS,16190.0,16275.0,16077.0,16206.0,230383
2025-10-31,Maruti Suzuki India Ltd,MARUTI.NS,16204.0,16516.0,15949.0,16186.0,719402
2025-11-03,Maruti Suzuki India Ltd,MARUTI.NS,16016.0,16100.0,15530.0,15651.0,942850
2025-11-04,Maruti Suzuki India Ltd,MARUTI.NS,15607.0,15633.0,15355.0,15374.0,748848
2025-11-06,Maruti Suzuki India Ltd,MARUTI.NS,15534.0,15534.0,15309.0,15452.0,429800
2025-11-07,Maruti Suzuki India Ltd,MARUTI.NS,15459.0,15499.0,15260.0,15479.0,227247
2025-11-10,Maruti Suzuki India Ltd,MARUTI.NS,15380.0,15647.0,15380.0,15583.0,274191
2025-11-11,Maruti Suzuki India Ltd,MARUTI.NS,15640.0,15680.0,15512.0,15645.0,181524
2025-11-12,Maruti Suzuki India Ltd,MARUTI.NS,15674.0,15731.0,15555.0,15696.0,244015
2025-11-13,Maruti Suzuki India Ltd,MARUTI.NS,15661.0,15800.0,15660.0,15749.0,250711
2025-11-14,Maruti Suzuki India Ltd,MARUTI.NS,15725.0,15735.0,15572.0,15684.0,253698
2025-11-17,Maruti Suzuki India Ltd,MARUTI.NS,15689.0,15892.0,15655.0,15878.0,301069
2025-11-18,Maruti Suzuki India Ltd,MARUTI.NS,15878.0,15999.0,15750.0,15930.0,392903
2025-11-19,Maruti Suzuki India Ltd,MARUTI.NS,15950.0,15950.0,15715.0,15768.0,286434
2025-11-20,Maruti Suzuki India Ltd,MARUTI.NS,15810.0,15823.0,15618.0,15801.0,249492
2025-11-21,Maruti Suzuki India Ltd,MARUTI.NS,15790.0,16150.0,15737.0,15977.0,586351
2025-11-24,Maruti Suzuki India Ltd,MARUTI.NS,16005.0,16085.0,15911.0,15958.0,525788
2025-11-25,Maruti Suzuki India Ltd,MARUTI.NS,15958.0,16050.0,15842.0,15889.0,214525
2025-11-26,Maruti Suzuki India Ltd,MARUTI.NS,15950.0,16210.0,15950.0,16156.0,314946
2025-11-27,Maruti Suzuki India Ltd,MARUTI.NS,16166.0,16171.0,15875.0,15903.0,339986
2025-11-28,Maruti Suzuki India Ltd,MARUTI.NS,15906.0,16049.0,15850.0,15900.0,352340
2025-12-01,Maruti Suzuki India Ltd,MARUTI.NS,15975.0,16177.0,15851.0,16097.0,434052
2025-12-02,Maruti Suzuki India Ltd,MARUTI.NS,16127.0,16261.0,16095.0,16239.0,383165
2025-12-03,Maruti Suzuki India Ltd,MARUTI.NS,16219.0,16248.0,16010.0,16082.0,264397
2025-12-04,Maruti Suzuki India Ltd,MARUTI.NS,16058.0,16135.0,15887.0,15994.0,248812
2025-12-05,Maruti Suzuki India Ltd,MARUTI.NS,16000.0,16338.0,15979.0,16282.0,332032
2025-12-08,Maruti Suzuki India Ltd,MARUTI.NS,16200.0,16256.0,16094.0,16187.0,220513
2025-12-09,Maruti Suzuki India Ltd,MARUTI.NS,16051.0,16226.0,15985.0,16020.0,276388
2025-12-10,Maruti Suzuki India Ltd,MARUTI.NS,16090.0,16125.0,15925.0,16019.0,293374
2025-12-11,Maruti Suzuki India Ltd,MARUTI.NS,16049.0,16296.0,15983.0,16248.0,268701
2025-12-12,Maruti Suzuki India Ltd,MARUTI.NS,16248.0,16536.0,16247.0,16522.0,404711
2025-12-15,Maruti Suzuki India Ltd,MARUTI.NS,16500.0,16500.0,16360.0,16415.0,225221
2025-12-16,Maruti Suzuki India Ltd,MARUTI.NS,16400.0,16451.0,16320.0,16354.0,156134
2025-12-17,Maruti Suzuki India Ltd,MARUTI.NS,16389.0,16490.0,16357.0,16398.0,257406
2025-12-18,Maruti Suzuki India Ltd,MARUTI.NS,16440.0,16486.0,16221.0,16329.0,213981
2025-12-19,Maruti Suzuki India Ltd,MARUTI.NS,16329.0,16475.0,16329.0,16414.0,360190
2025-12-22,Maruti Suzuki India Ltd,MARUTI.NS,16464.0,16693.0,16414.0,16649.0,271590
2025-12-23,Maruti Suzuki India Ltd,MARUTI.NS,16709.0,16720.0,16558.0,16585.0,215650
2025-12-24,Maruti Suzuki India Ltd,MARUTI.NS,16640.0,16720.0,16542.0,16703.0,258486
2025-12-26,Maruti Suzuki India Ltd,MARUTI.NS,16703.0,16703.0,16516.0,16596.0,212925
2025-12-29,Maruti Suzuki India Ltd,MARUTI.NS,16600.0,16682.0,16499.0,16542.0,251796
2025-12-30,Maruti Suzuki India Ltd,MARUTI.NS,16575.0,16818.0,16482.0,16647.0,1055843
2025-12-31,Maruti Suzuki India Ltd,MARUTI.NS,16581.0,16776.0,16581.0,16697.0,314427
2026-01-01,Maruti Suzuki India Ltd,MARUTI.NS,16700.0,16798.0,16602.0,16708.0,171293
2026-01-02,Maruti Suzuki India Ltd,MARUTI.NS,16750.0,16999.0,16723.0,16960.0,388562
2026-01-05,Maruti Suzuki India Ltd,MARUTI.NS,17025.0,17370.0,16980.0,17155.0,305668
2026-01-06,Maruti Suzuki India Ltd,MARUTI.NS,17170.0,17306.0,17142.0,17292.0,192182
2026-01-07,Maruti Suzuki India Ltd,MARUTI.NS,17230.0,17249.0,16524.0,16809.0,427979
2026-01-08,Maruti Suzuki India Ltd,MARUTI.NS,16808.0,16808.0,16541.0,16664.0,238421
2026-01-09,Maruti Suzuki India Ltd,MARUTI.NS,16663.0,16704.0,16417.0,16501.0,286302
2026-01-12,Maruti Suzuki India Ltd,MARUTI.NS,16456.0,16615.0,16271.0,16582.0,288686
2026-01-13,Maruti Suzuki India Ltd,MARUTI.NS,16662.0,16726.0,16293.0,16426.0,312205
2026-01-14,Maruti Suzuki India Ltd,MARUTI.NS,16390.0,16412.0,16090.0,16152.0,240043
2026-01-15,Maruti Suzuki India Ltd,MARUTI.NS,16152.0,16152.0,16152.0,16152.0,0
2026-01-16,Maruti Suzuki India Ltd,MARUTI.NS,16000.0,16197.0,15770.0,15859.0,703056
2026-01-19,Maruti Suzuki India Ltd,MARUTI.NS,15859.0,16242.0,15813.0,16176.0,385141
2026-01-20,Maruti Suzuki India Ltd,MARUTI.NS,16200.0,16233.0,15850.0,15879.0,289609
2026-01-21,Maruti Suzuki India Ltd,MARUTI.NS,15675.0,15973.0,15675.0,15770.0,345738
2026-01-22,Maruti Suzuki India Ltd,MARUTI.NS,15950.0,15971.0,15714.0,15765.0,352320
2026-01-23,Maruti Suzuki India Ltd,MARUTI.NS,15819.0,15846.0,15439.0,15469.0,338669
2026-01-27,Maruti Suzuki India Ltd,MARUTI.NS,15300.0,15387.0,15013.0,15245.0,565768
2026-01-28,Maruti Suzuki India Ltd,MARUTI.NS,15161.0,15294.0,14431.0,14877.0,1584483
2026-01-29,Maruti Suzuki India Ltd,MARUTI.NS,14870.0,14870.0,14353.0,14502.0,716545
2026-01-30,Maruti Suzuki India Ltd,MARUTI.NS,14502.0,14679.0,14300.0,14599.0,946509
2026-02-02,Maruti Suzuki India Ltd,MARUTI.NS,14251.0,14446.0,14058.0,14384.0,621514
2026-02-03,Maruti Suzuki India Ltd,MARUTI.NS,15200.0,15281.0,14482.0,14782.0,638870
2026-02-04,Maruti Suzuki India Ltd,MARUTI.NS,14800.0,15170.0,14723.0,15071.0,451065
2026-02-05,Maruti Suzuki India Ltd,MARUTI.NS,15090.0,15150.0,14900.0,15059.0,374759
2026-02-06,Maruti Suzuki India Ltd,MARUTI.NS,15084.0,15118.0,14871.0,14997.0,276529
2026-02-09,Maruti Suzuki India Ltd,MARUTI.NS,15125.0,15126.0,14905.0,14978.0,200034
2026-02-10,Maruti Suzuki India Ltd,MARUTI.NS,14999.0,15349.0,14983.0,15146.0,360240
2026-02-11,Maruti Suzuki India Ltd,MARUTI.NS,15180.0,15432.0,15174.0,15412.0,360742
2026-02-12,Maruti Suzuki India Ltd,MARUTI.NS,15459.0,15459.0,15265.0,15326.0,201895
2026-02-13,Maruti Suzuki India Ltd,MARUTI.NS,15309.0,15434.0,15190.0,15237.0,208645
2026-02-16,Maruti Suzuki India Ltd,MARUTI.NS,15237.0,15299.0,14960.0,15051.0,210175
2026-02-17,Maruti Suzuki India Ltd,MARUTI.NS,15031.0,15211.0,14960.0,15179.0,166765
2026-02-18,Maruti Suzuki India Ltd,MARUTI.NS,15208.0,15239.0,15074.0,15164.0,280772
2026-02-19,Maruti Suzuki India Ltd,MARUTI.NS,15163.0,15279.0,14853.0,14903.0,152788
2026-02-20,Maruti Suzuki India Ltd,MARUTI.NS,14903.0,15077.0,14848.0,14977.0,515847
2026-02-23,Maruti Suzuki India Ltd,MARUTI.NS,15050.0,15118.0,14984.0,15072.0,242968
2026-02-24,Maruti Suzuki India Ltd,MARUTI.NS,15001.0,15062.0,14904.0,14926.0,300991
2026-02-25,Maruti Suzuki India Ltd,MARUTI.NS,14860.0,15133.0,14837.0,15070.0,356495
2026-02-26,Maruti Suzuki India Ltd,MARUTI.NS,15145.0,15224.0,15046.0,15213.0,308213
2026-02-27,Maruti Suzuki India Ltd,MARUTI.NS,15110.0,15192.0,14804.0,14857.0,478164
2026-03-02,Maruti Suzuki India Ltd,MARUTI.NS,14407.0,14684.0,14204.0,14388.0,603744
2026-03-04,Maruti Suzuki India Ltd,MARUTI.NS,14150.0,14184.0,13794.0,14158.0,710366
2026-03-05,Maruti Suzuki India Ltd,MARUTI.NS,14300.0,14570.0,14081.0,14415.0,448650
2026-03-06,Maruti Suzuki India Ltd,MARUTI.NS,14339.0,14466.0,14115.0,14159.0,390629
2026-03-09,Maruti Suzuki India Ltd,MARUTI.NS,13800.0,13800.0,13365.0,13508.0,676224
2026-03-10,Maruti Suzuki India Ltd,MARUTI.NS,13721.0,13909.0,13505.0,13867.0,353715
2026-03-11,Maruti Suzuki India Ltd,MARUTI.NS,13850.0,13948.0,13441.0,13497.0,392182
2026-03-12,Maruti Suzuki India Ltd,MARUTI.NS,13430.0,13430.0,12966.0,13011.0,544683
2026-03-13,Maruti Suzuki India Ltd,MARUTI.NS,12899.0,12962.0,12483.0,12591.0,939594
2026-03-16,Maruti Suzuki India Ltd,MARUTI.NS,12532.0,12874.0,12400.0,12757.0,1416170
2026-03-17,Maruti Suzuki India Ltd,MARUTI.NS,12790.0,13100.0,12686.0,12972.0,1178941
2026-03-18,Maruti Suzuki India Ltd,MARUTI.NS,13100.0,13176.0,13015.0,13048.0,458827
2026-03-19,Maruti Suzuki India Ltd,MARUTI.NS,12768.0,12838.0,12505.0,12599.0,569346
2026-03-20,Maruti Suzuki India Ltd,MARUTI.NS,12605.0,12756.0,12556.0,12601.0,725481
2026-03-23,Maruti Suzuki India Ltd,MARUTI.NS,12501.0,12501.0,12278.0,12355.0,517985
2026-03-24,Maruti Suzuki India Ltd,MARUTI.NS,12600.0,12650.0,12332.0,12464.0,583568
2026-03-25,Maruti Suzuki India Ltd,MARUTI.NS,12549.0,12780.0,12506.0,12711.0,540649
2026-03-27,Maruti Suzuki India Ltd,MARUTI.NS,12626.0,12646.0,12342.0,12389.0,775339
2026-03-30,Maruti Suzuki India Ltd,MARUTI.NS,12300.0,12424.0,12201.0,12306.0,635675
2026-04-01,Maruti Suzuki India Ltd,MARUTI.NS,12900.0,12900.0,12333.0,12509.0,501882
2026-04-02,Maruti Suzuki India Ltd,MARUTI.NS,12389.0,12673.0,12239.0,12631.0,438227
2026-04-06,Maruti Suzuki India Ltd,MARUTI.NS,12631.0,12720.0,12420.0,12688.0,382650
2026-04-07,Maruti Suzuki India Ltd,MARUTI.NS,12640.0,12835.0,12496.0,12798.0,359542
2026-04-08,Maruti Suzuki India Ltd,MARUTI.NS,13350.0,13745.0,13210.0,13602.0,1026292
2026-04-09,Maruti Suzuki India Ltd,MARUTI.NS,13570.0,13773.0,13330.0,13589.0,549914
2026-04-10,Maruti Suzuki India Ltd,MARUTI.NS,13650.0,13797.0,13590.0,13709.0,471921
2026-04-13,Maruti Suzuki India Ltd,MARUTI.NS,13402.0,13420.0,12966.0,13076.0,1347910
2026-04-15,Maruti Suzuki India Ltd,MARUTI.NS,13250.0,13473.0,13200.0,13289.0,699458
2026-04-16,Maruti Suzuki India Ltd,MARUTI.NS,13380.0,13435.0,13237.0,13335.0,527309
2026-04-17,Maruti Suzuki India Ltd,MARUTI.NS,13300.0,13647.0,13256.0,13453.0,549308
2026-04-20,Maruti Suzuki India Ltd,MARUTI.NS,13474.0,13533.0,13329.0,13450.0,348629
2026-04-21,Maruti Suzuki India Ltd,MARUTI.NS,13456.0,13543.0,13421.0,13461.0,292879
2026-04-22,Maruti Suzuki India Ltd,MARUTI.NS,13452.0,13530.0,13300.0,13337.0,434640
2026-04-23,Maruti Suzuki India Ltd,MARUTI.NS,13250.0,13358.0,13125.0,13160.0,541086
2026-04-24,Maruti Suzuki India Ltd,MARUTI.NS,13200.0,13253.0,12978.0,13048.0,464098
2026-04-27,Maruti Suzuki India Ltd,MARUTI.NS,13153.0,13270.0,13043.0,13222.0,312786
2026-04-28,Maruti Suzuki India Ltd,MARUTI.NS,13222.0,13307.0,12828.0,12892.0,836679
2026-04-29,Maruti Suzuki India Ltd,MARUTI.NS,13090.0,13548.0,13090.0,13257.0,754798
2026-04-30,Maruti Suzuki India Ltd,MARUTI.NS,13134.0,13360.0,12970.0,13314.0,612975
2026-05-01,Maruti Suzuki India Ltd,MARUTI.NS,13314.0,13314.0,13314.0,13314.0,0
2026-05-04,Maruti Suzuki India Ltd,MARUTI.NS,13559.0,13976.0,13435.0,13580.0,722127
2026-05-05,Maruti Suzuki India Ltd,MARUTI.NS,13560.0,13568.0,13360.0,13426.0,419490
2026-05-06,Maruti Suzuki India Ltd,MARUTI.NS,13555.0,13762.0,13379.0,13722.0,435208
2026-05-07,Maruti Suzuki India Ltd,MARUTI.NS,13722.0,13870.0,13672.0,13770.0,726199
2026-05-08,Maruti Suzuki India Ltd,MARUTI.NS,13672.0,13789.0,13626.0,13726.0,270505
2026-05-11,Maruti Suzuki India Ltd,MARUTI.NS,13547.0,13657.0,13231.0,13483.0,634354
2026-05-12,Maruti Suzuki India Ltd,MARUTI.NS,13442.0,13455.0,13150.0,13172.0,302512
2026-05-13,Maruti Suzuki India Ltd,MARUTI.NS,13187.0,13285.0,12986.0,13103.0,307027
2026-05-14,Maruti Suzuki India Ltd,MARUTI.NS,13234.0,13234.0,12926.0,13075.0,286648
2026-05-15,Maruti Suzuki India Ltd,MARUTI.NS,13079.0,13325.0,13079.0,13221.0,268206
2026-05-18,Maruti Suzuki India Ltd,MARUTI.NS,13127.0,13139.0,12850.0,13016.0,373184
2026-05-19,Maruti Suzuki India Ltd,MARUTI.NS,13034.0,13104.0,12900.0,12956.0,342737
2026-05-20,Maruti Suzuki India Ltd,MARUTI.NS,12850.0,13072.0,12753.0,13003.0,300695
2026-05-21,Maruti Suzuki India Ltd,MARUTI.NS,13103.0,13150.0,12933.0,13010.0,213095
2026-05-22,Maruti Suzuki India Ltd,MARUTI.NS,13100.0,13152.0,12974.0,12987.0,387975
2026-05-25,Maruti Suzuki India Ltd,MARUTI.NS,13145.0,13236.0,13101.0,13170.0,276553
2026-05-26,Maruti Suzuki India Ltd,MARUTI.NS,13188.0,13329.0,13134.0,13208.0,256901
2026-05-27,Maruti Suzuki India Ltd,MARUTI.NS,13208.0,13417.0,13102.0,13364.0,322020
2026-05-28,Maruti Suzuki India Ltd,MARUTI.NS,13364.0,13364.0,13364.0,13364.0,0
2026-05-29,Maruti Suzuki India Ltd,MARUTI.NS,13456.0,13508.0,13050.0,13127.0,963291
2026-06-01,Maruti Suzuki India Ltd,MARUTI.NS,13200.0,13267.0,12913.0,12946.0,295359
2026-06-02,Maruti Suzuki India Ltd,MARUTI.NS,12700.0,13051.0,12700.0,13022.0,586599
2026-06-03,Maruti Suzuki India Ltd,MARUTI.NS,13014.0,13206.0,12911.0,13044.0,607808
2026-06-04,Maruti Suzuki India Ltd,MARUTI.NS,12990.0,13264.0,12949.0,13064.0,465070
2026-06-05,Maruti Suzuki India Ltd,MARUTI.NS,13151.0,13175.0,12915.0,13050.0,295703
2026-06-08,Maruti Suzuki India Ltd,MARUTI.NS,12900.0,13029.0,12841.0,12912.0,372902
2026-06-09,Maruti Suzuki India Ltd,MARUTI.NS,13079.0,13157.0,12851.0,13120.0,428323
2026-06-10,Maruti Suzuki India Ltd,MARUTI.NS,13118.0,13205.0,13050.0,13073.0,203885
2026-06-11,Maruti Suzuki India Ltd,MARUTI.NS,13070.0,13217.0,12968.0,13098.0,308710
2026-06-12,Maruti Suzuki India Ltd,MARUTI.NS,13232.0,13418.0,13130.0,13366.0,559038
2026-06-15,Maruti Suzuki India Ltd,MARUTI.NS,13550.0,13961.0,13520.0,13805.0,613280
2026-06-16,Maruti Suzuki India Ltd,MARUTI.NS,13861.0,13874.0,13661.0,13691.0,280511
2026-06-17,Maruti Suzuki India Ltd,MARUTI.NS,13700.0,13740.0,13560.0,13630.0,241534
2026-06-18,Maruti Suzuki India Ltd,MARUTI.NS,13646.0,13714.0,13433.0,13484.0,373512
2026-06-19,Maruti Suzuki India Ltd,MARUTI.NS,13484.0,13507.0,13353.0,13395.0,719756
2026-06-22,Maruti Suzuki India Ltd,MARUTI.NS,13450.0,13495.0,13380.0,13421.0,254533
2026-06-23,Maruti Suzuki India Ltd,MARUTI.NS,13420.0,13549.0,13236.0,13451.0,398558
2026-06-24,Maruti Suzuki India Ltd,MARUTI.NS,13440.0,13440.0,13201.0,13248.0,327495
2026-06-25,Maruti Suzuki India Ltd,MARUTI.NS,13358.0,13917.0,13326.0,13745.0,981556
2026-06-26,Maruti Suzuki India Ltd,MARUTI.NS,13745.0,13745.0,13745.0,13745.0,0
2026-06-29,Maruti Suzuki India Ltd,MARUTI.NS,13740.0,13840.0,13371.0,13412.0,1358592
2026-06-30,Maruti Suzuki India Ltd,MARUTI.NS,13744.0,14201.0,13510.0,14115.0,1511415
2026-07-01,Maruti Suzuki India Ltd,MARUTI.NS,14151.0,14549.0,14070.0,14395.0,1397790
2026-07-02,Maruti Suzuki India Ltd,MARUTI.NS,14431.0,14490.0,14275.0,14348.0,327088
2026-07-03,Maruti Suzuki India Ltd,MARUTI.NS,14450.0,14520.0,14333.0,14366.0,384188
2026-07-06,Maruti Suzuki India Ltd,MARUTI.NS,14348.0,14526.0,14291.0,14456.0,214686
2026-07-07,Maruti Suzuki India Ltd,MARUTI.NS,14463.0,14598.0,14414.0,14538.0,524759
2026-07-08,Maruti Suzuki India Ltd,MARUTI.NS,14475.0,14500.0,13880.0,13951.0,481076
2026-07-09,Maruti Suzuki India Ltd,MARUTI.NS,14000.0,14037.0,13700.0,13728.0,576451
2026-07-10,Maruti Suzuki India Ltd,MARUTI.NS,13800.0,13987.0,13776.0,13854.0,430154
2026-07-13,Maruti Suzuki India Ltd,MARUTI.NS,13682.0,13841.0,13536.0,13695.0,458633
2026-07-14,Maruti Suzuki India Ltd,MARUTI.NS,13619.0,13690.0,13470.0,13489.0,368645
2026-07-15,Maruti Suzuki India Ltd,MARUTI.NS,13503.0,13606.0,13435.0,13583.0,456369
2026-07-16,Maruti Suzuki India Ltd,MARUTI.NS,13605.0,13845.0,13584.0,13783.0,356847
2026-07-17,Maruti Suzuki India Ltd,MARUTI.NS,13750.0,13885.0,13700.0,13803.0,237330
2026-07-20,Maruti Suzuki India Ltd,MARUTI.NS,13824.0,13832.0,13377.0,13514.0,517730
2026-07-21,Maruti Suzuki India Ltd,MARUTI.NS,13520.0,13655.0,13348.0,13597.0,341101
2026-07-22,Maruti Suzuki India Ltd,MARUTI.NS,13596.0,13719.0,13491.0,13545.0,299404
2026-07-23,Maruti Suzuki India Ltd,MARUTI.NS,13541.0,13568.0,13372.0,13403.0,327912
2026-07-24,Maruti Suzuki India Ltd,MARUTI.NS,13340.0,13495.0,13197.0,13442.0,223369
2026-07-27,Maruti Suzuki India Ltd,MARUTI.NS,13579.0,13760.0,13501.0,13730.0,333477
2026-07-28,Maruti Suzuki India Ltd,MARUTI.NS,13729.0,13848.0,13669.0,13802.0,481068
2026-07-29,Maruti Suzuki India Ltd,MARUTI.NS,13780.0,13980.0,13720.0,13948.0,515674
2026-07-30,Maruti Suzuki India Ltd,MARUTI.NS,13939.0,14250.0,13825.0,14188.0,626000
2026-07-31,Maruti Suzuki India Ltd,MARUTI.NS,14250.0,14348.0,14124.0,14234.0,535417
2026-08-03,Maruti Suzuki India Ltd,MARUTI.NS,14300.0,14440.0,13901.0,14150.0,961183
2026-08-04,Maruti Suzuki India Ltd,MARUTI.NS,14124.0,14254.0,14015.0,14168.0,619717
2026-08-05,Maruti Suzuki India Ltd,MARUTI.NS,14240.0,14249.0,14089.0,14190.0,312540
2026-08-06,Maruti Suzuki India Ltd,MARUTI.NS,14181.0,14181.0,13985.0,14080.0,333510
2026-08-07,Maruti Suzuki India Ltd,MARUTI.NS,13811.0,14038.0,13811.0,14037.0,324104
2026-08-10,Maruti Suzuki India Ltd,MARUTI.NS,14039.0,14119.0,13954.0,14097.0,299446
2026-08-11,Maruti Suzuki India Ltd,MARUTI.NS,14120.0,14175.0,13980.0,13990.0,334931
2026-08-12,Maruti Suzuki India Ltd,MARUTI.NS,13990.0,14067.0,13875.0,13875.0,354408
2026-08-13,Maruti Suzuki India Ltd,MARUTI.NS,13884.0,13938.0,13825.0,13905.0,220061
2026-08-14,Maruti Suzuki India Ltd,MARUTI.NS,13905.0,13943.0,13760.0,13834.0,216810
2026-08-17,Maruti Suzuki India Ltd,MARUTI.NS,13834.0,13920.0,13760.0,13760.0,177071
2026-08-18,Maruti Suzuki India Ltd,MARUTI.NS,13762.0,13890.0,13691.0,13691.0,267433
2026-08-19,Maruti Suzuki India Ltd,MARUTI.NS,13744.0,13745.0,13628.0,13690.0,175646
2026-08-20,Maruti Suzuki India Ltd,MARUTI.NS,13758.0,13826.0,13681.0,13809.0,186272
2026-08-21,Maruti Suzuki India Ltd,MARUTI.NS,13809.0,13809.0,13565.0,13565.0,224951
2026-08-24,Maruti Suzuki India Ltd,MARUTI.NS,13623.0,13694.0,13505.0,13620.0,230499
2026-08-25,Maruti Suzuki India Ltd,MARUTI.NS,13609.0,13678.0,13450.0,13678.0,296429
2026-08-26,Maruti Suzuki India Ltd,MARUTI.NS,13750.0,13750.0,13514.0,13520.0,197113
2026-08-27,Maruti Suzuki India Ltd,MARUTI.NS,13520.0,13580.0,13404.0,13440.0,315555
2026-08-28,Maruti Suzuki India Ltd,MARUTI.NS,13500.0,13525.0,13318.0,13376.0,277509
2026-08-31,Maruti Suzuki India Ltd,MARUTI.NS,13375.0,13547.0,13268.0,13547.0,443131
2026-09-01,Maruti Suzuki India Ltd,MARUTI.NS,13540.0,13540.0,12851.0,12950.0,915975
2026-09-02,Maruti Suzuki India Ltd,MARUTI.NS,12763.0,12888.0,12640.0,12849.0,614156
2026-09-03,Maruti Suzuki India Ltd,MARUTI.NS,12853.0,12927.0,12780.0,12857.0,362982
2026-09-04,Maruti Suzuki India Ltd,MARUTI.NS,12880.0,12880.0,12656.0,12694.0,322752
2026-09-07,Maruti Suzuki India Ltd,MARUTI.NS,12691.0,12833.0,12618.0,12760.0,413778
2026-09-08,Maruti Suzuki India Ltd,MARUTI.NS,12758.0,12758.0,12582.0,12641.0,356860
2026-09-09,Maruti Suzuki India Ltd,MARUTI.NS,12609.0,12692.0,12537.0,12618.0,534832
2026-09-10,Maruti Suzuki India Ltd,MARUTI.NS,12679.0,12693.0,12517.0,12590.0,338613
2026-09-11,Maruti Suzuki India Ltd,MARUTI.NS,12520.0,12541.0,12381.0,12400.0,514868
2026-09-14,Maruti Suzuki India Ltd,MARUTI.NS,12400.0,12400.0,12400.0,12400.0,0
2026-09-15,Maruti Suzuki India Ltd,MARUTI.NS,12470.0,12470.0,12231.0,12231.0,286167
2026-09-16,Maruti Suzuki India Ltd,MARUTI.NS,12231.0,12367.0,12159.0,12166.0,312876
2026-09-17,Maruti Suzuki India Ltd,MARUTI.NS,12165.0,12409.0,12127.0,12338.0,249064
2026-09-18,Maruti Suzuki India Ltd,MARUTI.NS,12350.0,12458.0,12103.0,12103.0,659773
2026-09-21,Maruti Suzuki India Ltd,MARUTI.NS,12129.0,12229.0,12129.0,12153.0,339171
2026-09-22,Maruti Suzuki India Ltd,MARUTI.NS,12155.0,12275.0,12142.0,12190.0,246724
2026-09-23,Maruti Suzuki India Ltd,MARUTI.NS,12240.0,12255.0,12106.0,12230.0,220483
2026-09-24,Maruti Suzuki India Ltd,MARUTI.NS,12180.0,12184.0,11975.0,11990.0,393665
2026-09-25,Maruti Suzuki India Ltd,MARUTI.NS,11997.0,12098.0,11975.0,12065.0,283642
2026-09-28,Maruti Suzuki India Ltd,MARUTI.NS,12065.0,12116.0,11944.0,12008.0,301830
2026-09-29,Maruti Suzuki India Ltd,MARUTI.NS,12046.0,12046.0,11831.0,11877.0,519770
2026-09-30,Maruti Suzuki India Ltd,MARUTI.NS,11901.0,12065.0,11879.0,11967.0,430286
2026-10-01,Maruti Suzuki India Ltd,MARUTI.NS,11900.0,11907.0,11305.0,11386.0,885820
2025-10-03,NTPC Ltd,NTPC.NS,340.25,343.5,338.75,342.0,8506827
2025-10-06,NTPC Ltd,NTPC.NS,340.6000061035156,341.79998779296875,335.6499938964844,339.1000061035156,8436245
2025-10-07,NTPC Ltd,NTPC.NS,339.1000061035156,341.3999938964844,336.8500061035156,338.0,16130172
2025-10-08,NTPC Ltd,NTPC.NS,339.25,339.25,332.29998779296875,333.79998779296875,13223442
2025-10-09,NTPC Ltd,NTPC.NS,333.79998779296875,336.3999938964844,331.20001220703125,335.8500061035156,6824759
2025-10-10,NTPC Ltd,NTPC.NS,336.0,341.95001220703125,335.95001220703125,339.70001220703125,8970962
2025-10-13,NTPC Ltd,NTPC.NS,337.95001220703125,342.1000061035156,336.20001220703125,341.70001220703125,6663149
2025-10-14,NTPC Ltd,NTPC.NS,342.0,343.0,335.20001220703125,336.6499938964844,7545848
2025-10-15,NTPC Ltd,NTPC.NS,336.95001220703125,341.75,336.75,339.25,8121744
2025-10-16,NTPC Ltd,NTPC.NS,340.20001220703125,342.6000061035156,339.6499938964844,341.5,6788416
2025-10-17,NTPC Ltd,NTPC.NS,341.5,344.20001220703125,340.1499938964844,341.0,7032129
2025-10-20,NTPC Ltd,NTPC.NS,341.3999938964844,344.45001220703125,340.29998779296875,341.95001220703125,6896835
2025-10-21,NTPC Ltd,NTPC.NS,342.95001220703125,343.5,341.04998779296875,342.0,346988
2025-10-23,NTPC Ltd,NTPC.NS,343.79998779296875,345.20001220703125,341.04998779296875,342.6499938964844,8710859
2025-10-24,NTPC Ltd,NTPC.NS,342.45001220703125,343.25,338.1499938964844,339.6000061035156,7584711
2025-10-27,NTPC Ltd,NTPC.NS,340.70001220703125,342.8999938964844,340.45001220703125,341.75,6752390
2025-10-28,NTPC Ltd,NTPC.NS,342.3999938964844,342.8999938964844,337.29998779296875,339.1499938964844,13186584
2025-10-29,NTPC Ltd,NTPC.NS,339.25,350.0,339.1499938964844,347.5,15423201
2025-10-30,NTPC Ltd,NTPC.NS,349.0,349.0,343.45001220703125,345.1499938964844,6721032
2025-10-31,NTPC Ltd,NTPC.NS,345.0,345.0,335.6000061035156,336.95001220703125,18651312
2025-11-03,NTPC Ltd,NTPC.NS,336.8500061035156,337.5,333.3999938964844,335.20001220703125,10242245
2025-11-04,NTPC Ltd,NTPC.NS,335.3999938964844,336.0,329.70001220703125,330.6000061035156,11887651
2025-11-06,NTPC Ltd,NTPC.NS,332.04998779296875,332.95001220703125,324.6000061035156,326.6499938964844,11587302
2025-11-07,NTPC Ltd,NTPC.NS,324.3999938964844,327.1000061035156,320.8500061035156,326.1000061035156,8578167
2025-11-10,NTPC Ltd,NTPC.NS,326.1000061035156,328.25,324.0,325.45001220703125,5246998
2025-11-11,NTPC Ltd,NTPC.NS,325.95001220703125,327.45001220703125,322.8500061035156,326.6499938964844,6103758
2025-11-12,NTPC Ltd,NTPC.NS,327.5,328.25,325.54998779296875,327.1499938964844,6850550
2025-11-13,NTPC Ltd,NTPC.NS,327.1499938964844,329.95001220703125,325.54998779296875,326.95001220703125,7276001
2025-11-14,NTPC Ltd,NTPC.NS,327.0,329.8999938964844,326.20001220703125,328.45001220703125,9169855
2025-11-17,NTPC Ltd,NTPC.NS,329.0,331.45001220703125,328.54998779296875,330.20001220703125,6283156
2025-11-18,NTPC Ltd,NTPC.NS,329.04998779296875,329.75,327.1499938964844,328.45001220703125,6776200
2025-11-19,NTPC Ltd,NTPC.NS,328.95001220703125,328.95001220703125,325.04998779296875,326.6000061035156,6935056
2025-11-20,NTPC Ltd,NTPC.NS,328.0,330.0,326.20001220703125,326.6000061035156,5155775
2025-11-21,NTPC Ltd,NTPC.NS,326.8500061035156,328.3999938964844,325.0,326.6499938964844,6142545
2025-11-24,NTPC Ltd,NTPC.NS,326.70001220703125,327.1000061035156,322.04998779296875,323.45001220703125,13719726
2025-11-25,NTPC Ltd,NTPC.NS,323.45001220703125,325.6000061035156,322.5,323.70001220703125,8074651
2025-11-26,NTPC Ltd,NTPC.NS,324.29998779296875,327.79998779296875,324.0,326.1000061035156,7101095
2025-11-27,NTPC Ltd,NTPC.NS,327.1499938964844,328.75,325.0,327.3500061035156,6755179
2025-11-28,NTPC Ltd,NTPC.NS,328.0,328.1499938964844,324.25,326.45001220703125,8930988
2025-12-01,NTPC Ltd,NTPC.NS,327.1000061035156,328.25,325.45001220703125,327.1000061035156,6936186
2025-12-02,NTPC Ltd,NTPC.NS,327.45001220703125,329.95001220703125,326.75,328.6000061035156,5806943
2025-12-03,NTPC Ltd,NTPC.NS,329.0,329.0,321.29998779296875,322.95001220703125,8546132
2025-12-04,NTPC Ltd,NTPC.NS,322.8999938964844,324.29998779296875,321.1000061035156,322.95001220703125,5965357
2025-12-05,NTPC Ltd,NTPC.NS,322.25,324.1499938964844,320.95001220703125,323.29998779296875,6574010
2025-12-08,NTPC Ltd,NTPC.NS,323.20001220703125,323.20001220703125,317.8500061035156,319.5,7906928
2025-12-09,NTPC Ltd,NTPC.NS,317.45001220703125,321.3999938964844,315.54998779296875,319.8500061035156,7152584
2025-12-10,NTPC Ltd,NTPC.NS,319.8500061035156,323.70001220703125,319.5,321.6000061035156,5484712
2025-12-11,NTPC Ltd,NTPC.NS,321.6499938964844,323.45001220703125,319.1499938964844,322.6000061035156,6317942
2025-12-12,NTPC Ltd,NTPC.NS,322.8999938964844,325.95001220703125,322.8999938964844,325.04998779296875,4261023
2025-12-15,NTPC Ltd,NTPC.NS,323.04998779296875,325.29998779296875,321.54998779296875,323.95001220703125,10219819
2025-12-16,NTPC Ltd,NTPC.NS,322.04998779296875,323.79998779296875,319.04998779296875,321.0,5241263
2025-12-17,NTPC Ltd,NTPC.NS,320.0,322.3999938964844,319.54998779296875,321.25,5043027
2025-12-18,NTPC Ltd,NTPC.NS,322.0,322.1499938964844,317.0,318.5,5554193
2025-12-19,NTPC Ltd,NTPC.NS,318.95001220703125,320.6000061035156,317.5,319.8999938964844,10833662
2025-12-22,NTPC Ltd,NTPC.NS,319.95001220703125,323.6499938964844,319.5,320.70001220703125,8925871
2025-12-23,NTPC Ltd,NTPC.NS,321.04998779296875,324.75,320.25,323.25,6024641
2025-12-24,NTPC Ltd,NTPC.NS,323.8999938964844,326.6499938964844,322.25,322.54998779296875,5678004
2025-12-26,NTPC Ltd,NTPC.NS,322.54998779296875,325.75,322.29998779296875,324.1000061035156,4174183
2025-12-29,NTPC Ltd,NTPC.NS,324.1000061035156,325.79998779296875,323.04998779296875,325.5,14043845
2025-12-30,NTPC Ltd,NTPC.NS,325.0,325.54998779296875,323.3500061035156,324.8999938964844,8035909
2025-12-31,NTPC Ltd,NTPC.NS,324.75,330.6499938964844,324.70001220703125,329.54998779296875,8497983
2026-01-01,NTPC Ltd,NTPC.NS,329.79998779296875,336.8999938964844,329.6000061035156,336.29998779296875,10357315
2026-01-02,NTPC Ltd,NTPC.NS,336.79998779296875,353.0,335.95001220703125,352.1000061035156,23128940
2026-01-05,NTPC Ltd,NTPC.NS,350.3500061035156,354.79998779296875,348.3999938964844,350.6000061035156,18248271
2026-01-06,NTPC Ltd,NTPC.NS,349.8999938964844,354.1000061035156,346.1499938964844,350.79998779296875,8641743
2026-01-07,NTPC Ltd,NTPC.NS,349.54998779296875,351.3500061035156,346.29998779296875,348.8500061035156,7165806
2026-01-08,NTPC Ltd,NTPC.NS,346.75,349.79998779296875,342.20001220703125,344.3999938964844,8805975
2026-01-09,NTPC Ltd,NTPC.NS,344.3999938964844,344.3999938964844,334.3999938964844,336.0,10161744
2026-01-12,NTPC Ltd,NTPC.NS,336.75,340.6499938964844,333.70001220703125,337.45001220703125,9406174
2026-01-13,NTPC Ltd,NTPC.NS,337.45001220703125,339.25,335.04998779296875,337.8999938964844,5583379
2026-01-14,NTPC Ltd,NTPC.NS,338.8999938964844,350.5,337.45001220703125,349.1000061035156,20389924
2026-01-15,NTPC Ltd,NTPC.NS,349.1000061035156,349.1000061035156,349.1000061035156,349.1000061035156,0
2026-01-16,NTPC Ltd,NTPC.NS,352.6499938964844,354.04998779296875,345.3999938964844,346.3500061035156,14275582
2026-01-19,NTPC Ltd,NTPC.NS,343.5,347.95001220703125,342.04998779296875,343.3500061035156,9974363
2026-01-20,NTPC Ltd,NTPC.NS,343.0,348.29998779296875,337.70001220703125,338.75,7718407
2026-01-21,NTPC Ltd,NTPC.NS,338.79998779296875,341.6000061035156,336.79998779296875,338.70001220703125,6948955
2026-01-22,NTPC Ltd,NTPC.NS,338.70001220703125,343.20001220703125,337.1000061035156,342.45001220703125,5885972
2026-01-23,NTPC Ltd,NTPC.NS,343.95001220703125,345.45001220703125,336.1000061035156,336.70001220703125,10084314
2026-01-27,NTPC Ltd,NTPC.NS,340.5,346.5,337.04998779296875,344.70001220703125,12203590
2026-01-28,NTPC Ltd,NTPC.NS,344.70001220703125,353.25,344.70001220703125,348.04998779296875,13566973
2026-01-29,NTPC Ltd,NTPC.NS,350.0,360.5,347.29998779296875,358.1499938964844,20624409
2026-01-30,NTPC Ltd,NTPC.NS,359.0,359.3500061035156,351.1000061035156,356.0,22641103
2026-02-02,NTPC Ltd,NTPC.NS,344.95001220703125,352.75,337.75,350.3500061035156,12622760
2026-02-03,NTPC Ltd,NTPC.NS,365.95001220703125,365.95001220703125,353.79998779296875,358.54998779296875,11559806
2026-02-04,NTPC Ltd,NTPC.NS,359.45001220703125,368.54998779296875,357.6000061035156,367.25,15515053
2026-02-05,NTPC Ltd,NTPC.NS,369.75,370.70001220703125,365.0,367.0,18789794
2026-02-06,NTPC Ltd,NTPC.NS,361.79998779296875,365.95001220703125,361.0,365.04998779296875,7328789
2026-02-09,NTPC Ltd,NTPC.NS,366.54998779296875,368.6000061035156,361.0,361.8999938964844,7983235
2026-02-10,NTPC Ltd,NTPC.NS,361.8999938964844,368.1499938964844,361.25,366.8999938964844,8319282
2026-02-11,NTPC Ltd,NTPC.NS,369.0,369.0,366.0,368.45001220703125,5782448
2026-02-12,NTPC Ltd,NTPC.NS,370.0,372.0,366.8500061035156,368.25,6763353
2026-02-13,NTPC Ltd,NTPC.NS,367.54998779296875,368.0,362.3999938964844,363.0,7111972
2026-02-16,NTPC Ltd,NTPC.NS,362.6000061035156,369.6499938964844,362.5,369.1000061035156,6292850
2026-02-17,NTPC Ltd,NTPC.NS,368.75,369.5,366.04998779296875,368.3999938964844,4442793
2026-02-18,NTPC Ltd,NTPC.NS,368.45001220703125,370.70001220703125,367.3999938964844,368.3999938964844,4871319
2026-02-19,NTPC Ltd,NTPC.NS,367.0,370.8999938964844,362.20001220703125,363.20001220703125,5375352
2026-02-20,NTPC Ltd,NTPC.NS,362.79998779296875,373.6499938964844,362.70001220703125,372.95001220703125,16736731
2026-02-23,NTPC Ltd,NTPC.NS,374.0,376.5,372.1499938964844,375.45001220703125,16135451
2026-02-24,NTPC Ltd,NTPC.NS,374.95001220703125,385.0,373.54998779296875,382.75,20774629
2026-02-25,NTPC Ltd,NTPC.NS,382.75,388.54998779296875,382.70001220703125,384.8999938964844,12750016
2026-02-26,NTPC Ltd,NTPC.NS,385.0,385.8500061035156,378.3999938964844,381.8999938964844,10721570
2026-02-27,NTPC Ltd,NTPC.NS,381.0,385.20001220703125,380.1499938964844,381.8999938964844,11548959
2026-03-02,NTPC Ltd,NTPC.NS,365.0,378.95001220703125,365.0,377.54998779296875,14732253
2026-03-04,NTPC Ltd,NTPC.NS,370.75,373.8500061035156,364.1000061035156,365.79998779296875,11433169
2026-03-05,NTPC Ltd,NTPC.NS,366.95001220703125,379.8999938964844,366.6000061035156,378.04998779296875,16158714
2026-03-06,NTPC Ltd,NTPC.NS,377.0,385.54998779296875,374.6499938964844,380.6000061035156,14940896
2026-03-09,NTPC Ltd,NTPC.NS,373.0,379.0,371.3999938964844,376.25,11286578
2026-03-10,NTPC Ltd,NTPC.NS,385.0,385.45001220703125,374.8500061035156,377.29998779296875,10875834
2026-03-11,NTPC Ltd,NTPC.NS,377.5,383.8999938964844,376.45001220703125,379.8999938964844,9963701
2026-03-12,NTPC Ltd,NTPC.NS,379.0,392.3999938964844,375.6499938964844,390.54998779296875,23847146
2026-03-13,NTPC Ltd,NTPC.NS,391.8500061035156,394.5,383.20001220703125,384.45001220703125,27107369
2026-03-16,NTPC Ltd,NTPC.NS,384.5,388.25,375.45001220703125,382.3999938964844,16793109
2026-03-17,NTPC Ltd,NTPC.NS,382.8999938964844,385.8999938964844,378.29998779296875,383.3500061035156,9720902
2026-03-18,NTPC Ltd,NTPC.NS,385.0,386.3500061035156,377.6000061035156,378.5,10681498
2026-03-19,NTPC Ltd,NTPC.NS,373.5,380.75,373.1000061035156,374.04998779296875,10568326
2026-03-20,NTPC Ltd,NTPC.NS,375.8500061035156,383.29998779296875,375.5,380.95001220703125,20930288
2026-03-23,NTPC Ltd,NTPC.NS,377.1000061035156,379.5,369.29998779296875,372.3999938964844,13148432
2026-03-24,NTPC Ltd,NTPC.NS,378.0,378.1499938964844,371.0,375.54998779296875,9339144
2026-03-25,NTPC Ltd,NTPC.NS,376.0,380.95001220703125,375.6000061035156,378.3999938964844,9266292
2026-03-27,NTPC Ltd,NTPC.NS,379.8999938964844,379.8999938964844,374.6499938964844,375.6499938964844,20263654
2026-03-30,NTPC Ltd,NTPC.NS,374.0,377.95001220703125,369.6499938964844,370.6499938964844,17974103
2026-04-01,NTPC Ltd,NTPC.NS,381.29998779296875,381.8999938964844,361.45001220703125,364.6499938964844,15449629
2026-04-02,NTPC Ltd,NTPC.NS,359.95001220703125,361.29998779296875,352.0,359.6499938964844,16551512
2026-04-06,NTPC Ltd,NTPC.NS,358.79998779296875,366.75,355.70001220703125,366.1000061035156,11534034
2026-04-07,NTPC Ltd,NTPC.NS,364.8500061035156,369.79998779296875,362.25,368.8500061035156,12603971
2026-04-08,NTPC Ltd,NTPC.NS,373.5,375.54998779296875,368.25,374.1499938964844,19491331
2026-04-09,NTPC Ltd,NTPC.NS,376.95001220703125,384.20001220703125,376.5,378.6499938964844,18503665
2026-04-10,NTPC Ltd,NTPC.NS,381.20001220703125,384.45001220703125,372.04998779296875,380.1499938964844,14953758
2026-04-13,NTPC Ltd,NTPC.NS,374.3500061035156,388.0,374.3500061035156,386.25,15240045
2026-04-15,NTPC Ltd,NTPC.NS,390.25,393.95001220703125,387.1000061035156,392.6000061035156,7722460
2026-04-16,NTPC Ltd,NTPC.NS,397.0,397.25,387.79998779296875,390.79998779296875,9896906
2026-04-17,NTPC Ltd,NTPC.NS,393.0,396.25,388.45001220703125,393.6000061035156,15320653
2026-04-20,NTPC Ltd,NTPC.NS,393.0,400.8500061035156,390.6499938964844,398.0,9895187
2026-04-21,NTPC Ltd,NTPC.NS,398.6000061035156,402.70001220703125,395.70001220703125,396.20001220703125,9493644
2026-04-22,NTPC Ltd,NTPC.NS,398.0,407.25,393.20001220703125,405.3999938964844,16411131
2026-04-23,NTPC Ltd,NTPC.NS,404.0,405.8999938964844,400.3999938964844,402.25,9144699
2026-04-24,NTPC Ltd,NTPC.NS,404.75,405.25,399.20001220703125,401.8500061035156,6266676
2026-04-27,NTPC Ltd,NTPC.NS,403.8999938964844,414.3999938964844,402.6000061035156,410.20001220703125,13001752
2026-04-28,NTPC Ltd,NTPC.NS,414.0,414.20001220703125,405.95001220703125,406.8500061035156,7726655
2026-04-29,NTPC Ltd,NTPC.NS,409.5,410.0,399.6499938964844,401.29998779296875,11920835
2026-04-30,NTPC Ltd,NTPC.NS,400.0,400.29998779296875,393.1499938964844,399.1499938964844,7706357
2026-05-01,NTPC Ltd,NTPC.NS,399.1499938964844,399.1499938964844,399.1499938964844,399.1499938964844,0
2026-05-04,NTPC Ltd,NTPC.NS,400.0,404.79998779296875,397.25,400.04998779296875,6333200
2026-05-05,NTPC Ltd,NTPC.NS,398.29998779296875,400.5,394.54998779296875,398.6499938964844,6791514
2026-05-06,NTPC Ltd,NTPC.NS,400.0,403.0,391.6499938964844,394.8500061035156,11120409
2026-05-07,NTPC Ltd,NTPC.NS,396.75,403.5,393.1499938964844,400.3500061035156,9700378
2026-05-08,NTPC Ltd,NTPC.NS,398.0,405.1000061035156,397.1499938964844,402.1499938964844,4740939
2026-05-11,NTPC Ltd,NTPC.NS,401.8999938964844,405.0,391.0,392.95001220703125,10088836
2026-05-12,NTPC Ltd,NTPC.NS,392.20001220703125,399.8500061035156,391.25,392.70001220703125,10247516
2026-05-13,NTPC Ltd,NTPC.NS,392.0,394.04998779296875,385.79998779296875,390.45001220703125,12322076
2026-05-14,NTPC Ltd,NTPC.NS,393.70001220703125,398.54998779296875,391.20001220703125,396.29998779296875,7363948
2026-05-15,NTPC Ltd,NTPC.NS,396.0,398.0,392.5,395.25,7107857
2026-05-18,NTPC Ltd,NTPC.NS,393.0,393.8500061035156,384.8999938964844,388.29998779296875,7632596
2026-05-19,NTPC Ltd,NTPC.NS,386.70001220703125,392.75,386.04998779296875,389.3999938964844,6693518
2026-05-20,NTPC Ltd,NTPC.NS,386.1000061035156,393.3500061035156,384.0,392.45001220703125,5386249
2026-05-21,NTPC Ltd,NTPC.NS,393.5,395.54998779296875,387.8500061035156,388.79998779296875,10596954
2026-05-22,NTPC Ltd,NTPC.NS,389.95001220703125,391.5,387.45001220703125,388.6499938964844,11755213
2026-05-25,NTPC Ltd,NTPC.NS,391.95001220703125,392.79998779296875,386.45001220703125,390.04998779296875,10489850
2026-05-26,NTPC Ltd,NTPC.NS,390.75,392.25,389.0,389.70001220703125,9062218
2026-05-27,NTPC Ltd,NTPC.NS,390.3500061035156,403.1000061035156,390.3500061035156,398.1499938964844,14418621
2026-05-28,NTPC Ltd,NTPC.NS,398.1499938964844,398.1499938964844,398.1499938964844,398.1499938964844,0
2026-05-29,NTPC Ltd,NTPC.NS,400.0,401.6499938964844,385.1000061035156,386.8999938964844,17003143
2026-06-01,NTPC Ltd,NTPC.NS,386.8999938964844,389.0,376.5,378.70001220703125,18408900
2026-06-02,NTPC Ltd,NTPC.NS,375.95001220703125,377.5,363.04998779296875,367.3999938964844,17496468
2026-06-03,NTPC Ltd,NTPC.NS,368.04998779296875,371.5,363.70001220703125,366.79998779296875,10825715
2026-06-04,NTPC Ltd,NTPC.NS,366.79998779296875,368.79998779296875,364.3500061035156,366.3999938964844,14363519
2026-06-05,NTPC Ltd,NTPC.NS,365.95001220703125,368.5,358.6499938964844,361.6499938964844,10277061
2026-06-08,NTPC Ltd,NTPC.NS,358.95001220703125,365.3500061035156,355.1499938964844,362.3999938964844,14933986
2026-06-09,NTPC Ltd,NTPC.NS,362.79998779296875,363.70001220703125,355.0,355.6499938964844,14246656
2026-06-10,NTPC Ltd,NTPC.NS,359.0,359.0,351.1000061035156,351.6499938964844,14939921
2026-06-11,NTPC Ltd,NTPC.NS,352.0,353.3500061035156,348.79998779296875,351.8500061035156,15079402
2026-06-12,NTPC Ltd,NTPC.NS,357.0,357.0,349.70001220703125,353.8999938964844,8740239
2026-06-15,NTPC Ltd,NTPC.NS,357.3999938964844,358.0,346.95001220703125,348.1000061035156,17190759
2026-06-16,NTPC Ltd,NTPC.NS,349.75,356.20001220703125,348.5,355.54998779296875,14555184
2026-06-17,NTPC Ltd,NTPC.NS,355.54998779296875,356.04998779296875,352.04998779296875,355.54998779296875,9299676
2026-06-18,NTPC Ltd,NTPC.NS,357.0,363.54998779296875,354.04998779296875,361.95001220703125,12260776
2026-06-19,NTPC Ltd,NTPC.NS,361.95001220703125,368.0,359.95001220703125,365.79998779296875,17465450
2026-06-22,NTPC Ltd,NTPC.NS,365.79998779296875,368.5,364.04998779296875,367.04998779296875,11946682
2026-06-23,NTPC Ltd,NTPC.NS,367.8500061035156,369.25,361.8999938964844,364.6000061035156,11696171
2026-06-24,NTPC Ltd,NTPC.NS,362.8500061035156,364.04998779296875,355.5,357.04998779296875,12770898
2026-06-25,NTPC Ltd,NTPC.NS,356.45001220703125,359.0,351.45001220703125,352.04998779296875,19767157
2026-06-26,NTPC Ltd,NTPC.NS,352.04998779296875,352.04998779296875,352.04998779296875,352.04998779296875,0
2026-06-29,NTPC Ltd,NTPC.NS,352.0,357.8999938964844,351.54998779296875,356.1000061035156,49895302
2026-06-30,NTPC Ltd,NTPC.NS,354.75,358.3500061035156,352.8999938964844,356.6499938964844,10291360
2026-07-01,NTPC Ltd,NTPC.NS,358.0,360.8500061035156,354.25,357.8999938964844,6915166
2026-07-02,NTPC Ltd,NTPC.NS,359.95001220703125,359.95001220703125,352.29998779296875,358.25,6513560
2026-07-03,NTPC Ltd,NTPC.NS,358.25,360.1499938964844,355.45001220703125,356.45001220703125,6588714
2026-07-06,NTPC Ltd,NTPC.NS,356.0,359.3999938964844,354.6499938964844,356.25,6204261
2026-07-07,NTPC Ltd,NTPC.NS,355.79998779296875,357.1499938964844,352.54998779296875,354.20001220703125,8149003
2026-07-08,NTPC Ltd,NTPC.NS,351.95001220703125,353.0,347.54998779296875,348.70001220703125,9572223
2026-07-09,NTPC Ltd,NTPC.NS,349.0,351.0,343.1000061035156,343.70001220703125,17821421
2026-07-10,NTPC Ltd,NTPC.NS,344.5,348.79998779296875,343.20001220703125,344.54998779296875,13016441
2026-07-13,NTPC Ltd,NTPC.NS,345.04998779296875,355.0,343.70001220703125,351.75,8226337
2026-07-14,NTPC Ltd,NTPC.NS,348.5,353.95001220703125,347.5,348.1499938964844,8579646
2026-07-15,NTPC Ltd,NTPC.NS,347.5,348.45001220703125,343.04998779296875,344.3500061035156,11352533
2026-07-16,NTPC Ltd,NTPC.NS,344.20001220703125,346.04998779296875,342.1000061035156,342.45001220703125,10347549
2026-07-17,NTPC Ltd,NTPC.NS,342.5,343.8999938964844,340.25,341.8500061035156,7612446
2026-07-20,NTPC Ltd,NTPC.NS,343.0,349.29998779296875,341.1000061035156,347.25,14463484
2026-07-21,NTPC Ltd,NTPC.NS,347.20001220703125,349.1499938964844,344.1499938964844,348.54998779296875,8575793
2026-07-22,NTPC Ltd,NTPC.NS,347.3999938964844,350.8500061035156,345.6499938964844,350.5,7035952
2026-07-23,NTPC Ltd,NTPC.NS,348.54998779296875,350.70001220703125,347.1000061035156,348.6000061035156,6863144
2026-07-24,NTPC Ltd,NTPC.NS,347.95001220703125,350.0,345.1000061035156,347.20001220703125,6300466
2026-07-27,NTPC Ltd,NTPC.NS,353.0,353.0,347.79998779296875,350.79998779296875,12350753
2026-07-28,NTPC Ltd,NTPC.NS,349.95001220703125,350.0,342.1000061035156,343.75,12409670
2026-07-29,NTPC Ltd,NTPC.NS,343.70001220703125,345.3500061035156,341.1499938964844,343.5,8471125
2026-07-30,NTPC Ltd,NTPC.NS,343.5,347.6499938964844,341.8500061035156,344.8500061035156,9943764
2026-07-31,NTPC Ltd,NTPC.NS,344.1000061035156,348.25,343.54998779296875,347.25,8519119
2026-08-03,NTPC Ltd,NTPC.NS,347.25,350.8999938964844,345.29998779296875,350.8999938964844,5460220
2026-08-04,NTPC Ltd,NTPC.NS,348.0,348.95001220703125,341.6000061035156,343.6499938964844,7201524
2026-08-05,NTPC Ltd,NTPC.NS,343.45001220703125,349.8999938964844,342.75,349.8999938964844,18554536
2026-08-06,NTPC Ltd,NTPC.NS,347.5,349.25,343.1000061035156,345.0,10079779
2026-08-07,NTPC Ltd,NTPC.NS,345.0,347.0,342.5,342.5,7012048
2026-08-10,NTPC Ltd,NTPC.NS,342.5,343.70001220703125,337.1499938964844,340.45001220703125,8818488
2026-08-11,NTPC Ltd,NTPC.NS,339.6000061035156,340.3999938964844,336.04998779296875,338.45001220703125,10043994
2026-08-12,NTPC Ltd,NTPC.NS,338.45001220703125,341.3500061035156,335.3500061035156,339.45001220703125,10152704
2026-08-13,NTPC Ltd,NTPC.NS,338.04998779296875,344.25,338.0,344.25,9672695
2026-08-14,NTPC Ltd,NTPC.NS,343.6499938964844,343.6499938964844,337.5,340.0,7507624
2026-08-17,NTPC Ltd,NTPC.NS,340.0,340.29998779296875,335.70001220703125,337.0,7839848
2026-08-18,NTPC Ltd,NTPC.NS,337.0,339.29998779296875,333.8999938964844,337.1000061035156,9943991
2026-08-19,NTPC Ltd,NTPC.NS,336.29998779296875,338.8500061035156,333.6000061035156,336.54998779296875,7502595
2026-08-20,NTPC Ltd,NTPC.NS,337.1000061035156,339.54998779296875,334.3999938964844,337.5,4185077
2026-08-21,NTPC Ltd,NTPC.NS,337.0,342.8500061035156,337.0,340.0,6534716
2026-08-24,NTPC Ltd,NTPC.NS,340.70001220703125,342.04998779296875,337.45001220703125,339.5,5401943
2026-08-25,NTPC Ltd,NTPC.NS,339.0,340.79998779296875,335.6499938964844,339.8500061035156,5260835
2026-08-26,NTPC Ltd,NTPC.NS,341.54998779296875,344.45001220703125,334.6000061035156,334.6000061035156,5903358
2026-08-27,NTPC Ltd,NTPC.NS,335.0,335.95001220703125,328.3999938964844,330.8999938964844,12911842
2026-08-28,NTPC Ltd,NTPC.NS,329.5,333.1000061035156,328.79998779296875,330.04998779296875,7332490
2026-08-31,NTPC Ltd,NTPC.NS,330.1000061035156,330.45001220703125,323.5,327.3999938964844,18400774
2026-09-01,NTPC Ltd,NTPC.NS,327.3999938964844,328.25,325.04998779296875,327.5,7377499
2026-09-02,NTPC Ltd,NTPC.NS,324.0,331.1000061035156,321.0,330.0,11993091
2026-09-03,NTPC Ltd,NTPC.NS,330.45001220703125,332.70001220703125,329.1000061035156,330.8999938964844,8100926
2026-09-04,NTPC Ltd,NTPC.NS,332.75,334.04998779296875,329.79998779296875,332.5,7032282
2026-09-07,NTPC Ltd,NTPC.NS,332.5,333.79998779296875,330.3500061035156,332.0,5245813
2026-09-08,NTPC Ltd,NTPC.NS,330.0,333.20001220703125,328.6499938964844,330.79998779296875,7351373
2026-09-09,NTPC Ltd,NTPC.NS,331.1000061035156,337.5,330.8999938964844,334.5,11795145
2026-09-10,NTPC Ltd,NTPC.NS,335.6499938964844,335.70001220703125,333.1000061035156,335.0,6905905
2026-09-11,NTPC Ltd,NTPC.NS,333.0,336.25,331.6000061035156,333.3999938964844,4968535
2026-09-14,NTPC Ltd,NTPC.NS,333.3999938964844,333.3999938964844,333.3999938964844,333.3999938964844,0
2026-09-15,NTPC Ltd,NTPC.NS,333.0,333.29998779296875,326.3999938964844,329.5,8445501
2026-09-16,NTPC Ltd,NTPC.NS,329.5,329.95001220703125,326.54998779296875,327.0,6556304
2026-09-17,NTPC Ltd,NTPC.NS,327.79998779296875,331.29998779296875,327.20001220703125,329.6000061035156,5589949
2026-09-18,NTPC Ltd,NTPC.NS,329.79998779296875,330.8500061035156,323.6499938964844,323.6499938964844,9448827
2026-09-21,NTPC Ltd,NTPC.NS,325.0,328.75,324.8500061035156,326.3999938964844,5098202
2026-09-22,NTPC Ltd,NTPC.NS,326.5,329.0,325.54998779296875,327.79998779296875,6219007
2026-09-23,NTPC Ltd,NTPC.NS,326.5,329.3999938964844,325.0,326.0,10525477
2026-09-24,NTPC Ltd,NTPC.NS,326.95001220703125,327.70001220703125,324.3999938964844,326.6000061035156,7662580
2026-09-25,NTPC Ltd,NTPC.NS,327.29998779296875,327.29998779296875,323.5,326.6000061035156,6075589
2026-09-28,NTPC Ltd,NTPC.NS,326.6000061035156,326.6000061035156,320.20001220703125,321.1000061035156,5982092
2026-09-29,NTPC Ltd,NTPC.NS,320.5,325.0,317.54998779296875,323.5,11956206
2026-09-30,NTPC Ltd,NTPC.NS,323.5,323.95001220703125,318.8999938964844,322.75,6908628
2026-10-01,NTPC Ltd,NTPC.NS,320.79998779296875,320.95001220703125,313.04998779296875,315.1000061035156,10094465
2025-10-03,Power Grid Corporation of India Ltd,POWERGRID.NS,283.3500061035156,290.0,281.04998779296875,289.70001220703125,19597461
2025-10-06,Power Grid Corporation of India Ltd,POWERGRID.NS,288.3500061035156,288.6499938964844,284.54998779296875,286.8999938964844,11702722
2025-10-07,Power Grid Corporation of India Ltd,POWERGRID.NS,288.95001220703125,292.3500061035156,287.1000061035156,289.0,11371062
2025-10-08,Power Grid Corporation of India Ltd,POWERGRID.NS,290.3500061035156,290.3500061035156,284.6499938964844,285.29998779296875,9989251
2025-10-09,Power Grid Corporation of India Ltd,POWERGRID.NS,285.0,286.95001220703125,282.25,286.1499938964844,10714949
2025-10-10,Power Grid Corporation of India Ltd,POWERGRID.NS,285.25,291.25,285.25,289.1499938964844,10773268
2025-10-13,Power Grid Corporation of India Ltd,POWERGRID.NS,287.75,288.20001220703125,284.8999938964844,286.1499938964844,8950161
2025-10-14,Power Grid Corporation of India Ltd,POWERGRID.NS,286.5,287.8999938964844,285.3999938964844,287.5,7667654
2025-10-15,Power Grid Corporation of India Ltd,POWERGRID.NS,287.1499938964844,293.25,287.04998779296875,290.95001220703125,8125514
2025-10-16,Power Grid Corporation of India Ltd,POWERGRID.NS,292.3999938964844,293.25,290.6000061035156,291.8500061035156,7824732
2025-10-17,Power Grid Corporation of India Ltd,POWERGRID.NS,291.0,291.5,288.0,289.75,14275188
2025-10-20,Power Grid Corporation of India Ltd,POWERGRID.NS,290.1499938964844,292.1000061035156,287.1000061035156,288.20001220703125,13536721
2025-10-21,Power Grid Corporation of India Ltd,POWERGRID.NS,288.29998779296875,289.6000061035156,288.20001220703125,288.6000061035156,398291
2025-10-23,Power Grid Corporation of India Ltd,POWERGRID.NS,288.95001220703125,291.1499938964844,288.0,289.6499938964844,21031287
2025-10-24,Power Grid Corporation of India Ltd,POWERGRID.NS,289.6499938964844,290.75,286.54998779296875,288.5,16350189
2025-10-27,Power Grid Corporation of India Ltd,POWERGRID.NS,289.0,292.79998779296875,288.20001220703125,291.04998779296875,13396182
2025-10-28,Power Grid Corporation of India Ltd,POWERGRID.NS,290.54998779296875,292.6000061035156,286.79998779296875,288.25,13543174
2025-10-29,Power Grid Corporation of India Ltd,POWERGRID.NS,289.0,296.6499938964844,288.75,295.3500061035156,14608714
2025-10-30,Power Grid Corporation of India Ltd,POWERGRID.NS,296.29998779296875,296.45001220703125,290.95001220703125,291.5,10329750
2025-10-31,Power Grid Corporation of India Ltd,POWERGRID.NS,292.0,292.0,287.0,288.1499938964844,10088802
2025-11-03,Power Grid Corporation of India Ltd,POWERGRID.NS,289.0,290.1499938964844,287.1499938964844,288.0,8578207
2025-11-04,Power Grid Corporation of India Ltd,POWERGRID.NS,284.5,284.95001220703125,278.1000061035156,279.04998779296875,26098629
2025-11-06,Power Grid Corporation of India Ltd,POWERGRID.NS,278.0,278.5,269.8500061035156,270.20001220703125,21919591
2025-11-07,Power Grid Corporation of India Ltd,POWERGRID.NS,270.20001220703125,272.79998779296875,268.75,272.0,11379131
2025-11-10,Power Grid Corporation of India Ltd,POWERGRID.NS,268.6000061035156,270.54998779296875,266.54998779296875,268.20001220703125,10717941
2025-11-11,Power Grid Corporation of India Ltd,POWERGRID.NS,268.25,269.1499938964844,264.6499938964844,267.6499938964844,11154806
2025-11-12,Power Grid Corporation of India Ltd,POWERGRID.NS,269.0,270.25,266.5,267.1000061035156,16444701
2025-11-13,Power Grid Corporation of India Ltd,POWERGRID.NS,267.1000061035156,270.45001220703125,265.6499938964844,269.8500061035156,12573141
2025-11-14,Power Grid Corporation of India Ltd,POWERGRID.NS,270.3500061035156,272.29998779296875,269.5,271.29998779296875,10308317
2025-11-17,Power Grid Corporation of India Ltd,POWERGRID.NS,272.1000061035156,273.95001220703125,270.0,273.54998779296875,9884392
2025-11-18,Power Grid Corporation of India Ltd,POWERGRID.NS,274.0,276.79998779296875,272.29998779296875,274.20001220703125,16434280
2025-11-19,Power Grid Corporation of India Ltd,POWERGRID.NS,275.95001220703125,276.0,272.5,275.1499938964844,15765235
2025-11-20,Power Grid Corporation of India Ltd,POWERGRID.NS,275.25,279.04998779296875,274.5,277.20001220703125,15337345
2025-11-21,Power Grid Corporation of India Ltd,POWERGRID.NS,277.20001220703125,279.0,275.3999938964844,277.6000061035156,12941485
2025-11-24,Power Grid Corporation of India Ltd,POWERGRID.NS,278.0,279.04998779296875,272.5,275.79998779296875,49791096
2025-11-25,Power Grid Corporation of India Ltd,POWERGRID.NS,275.0,276.8999938964844,272.6499938964844,273.45001220703125,12114606
2025-11-26,Power Grid Corporation of India Ltd,POWERGRID.NS,274.0,276.95001220703125,273.5,275.04998779296875,8352869
2025-11-27,Power Grid Corporation of India Ltd,POWERGRID.NS,277.0,277.0,273.29998779296875,273.70001220703125,9865039
2025-11-28,Power Grid Corporation of India Ltd,POWERGRID.NS,273.79998779296875,274.3500061035156,269.45001220703125,269.95001220703125,12580231
2025-12-01,Power Grid Corporation of India Ltd,POWERGRID.NS,272.45001220703125,272.45001220703125,268.75,269.6499938964844,10428760
2025-12-02,Power Grid Corporation of India Ltd,POWERGRID.NS,269.0,270.6499938964844,266.8999938964844,267.45001220703125,11029817
2025-12-03,Power Grid Corporation of India Ltd,POWERGRID.NS,267.45001220703125,269.0,264.5,268.45001220703125,9063557
2025-12-04,Power Grid Corporation of India Ltd,POWERGRID.NS,266.54998779296875,270.20001220703125,265.6000061035156,269.1000061035156,5103204
2025-12-05,Power Grid Corporation of India Ltd,POWERGRID.NS,268.20001220703125,271.5,267.79998779296875,269.79998779296875,5535798
2025-12-08,Power Grid Corporation of India Ltd,POWERGRID.NS,268.79998779296875,269.3999938964844,264.75,265.20001220703125,10203843
2025-12-09,Power Grid Corporation of India Ltd,POWERGRID.NS,264.1000061035156,265.75,262.8999938964844,264.54998779296875,10686557
2025-12-10,Power Grid Corporation of India Ltd,POWERGRID.NS,264.8999938964844,267.25,264.29998779296875,265.5,7157092
2025-12-11,Power Grid Corporation of India Ltd,POWERGRID.NS,264.25,266.3500061035156,262.5,264.79998779296875,8336183
2025-12-12,Power Grid Corporation of India Ltd,POWERGRID.NS,265.0,266.75,263.29998779296875,263.6000061035156,5522827
2025-12-15,Power Grid Corporation of India Ltd,POWERGRID.NS,263.6000061035156,263.8500061035156,260.5,262.20001220703125,6400400
2025-12-16,Power Grid Corporation of India Ltd,POWERGRID.NS,262.1499938964844,263.3500061035156,259.70001220703125,260.3500061035156,9241981
2025-12-17,Power Grid Corporation of India Ltd,POWERGRID.NS,260.3500061035156,262.75,259.29998779296875,261.1000061035156,10944698
2025-12-18,Power Grid Corporation of India Ltd,POWERGRID.NS,260.75,261.70001220703125,255.8000030517578,257.95001220703125,10930748
2025-12-19,Power Grid Corporation of India Ltd,POWERGRID.NS,258.04998779296875,263.95001220703125,257.95001220703125,263.45001220703125,16657897
2025-12-22,Power Grid Corporation of India Ltd,POWERGRID.NS,259.1000061035156,265.6000061035156,259.04998779296875,265.0,10054250
2025-12-23,Power Grid Corporation of India Ltd,POWERGRID.NS,265.0,269.29998779296875,264.3999938964844,267.0,10526826
2025-12-24,Power Grid Corporation of India Ltd,POWERGRID.NS,267.79998779296875,270.04998779296875,266.29998779296875,268.04998779296875,6131188
2025-12-26,Power Grid Corporation of India Ltd,POWERGRID.NS,268.0,269.29998779296875,264.8500061035156,265.45001220703125,6029003
2025-12-29,Power Grid Corporation of India Ltd,POWERGRID.NS,265.95001220703125,266.45001220703125,260.0,260.6000061035156,7270521
2025-12-30,Power Grid Corporation of India Ltd,POWERGRID.NS,260.0,261.45001220703125,258.95001220703125,260.3500061035156,10929200
2025-12-31,Power Grid Corporation of India Ltd,POWERGRID.NS,261.3999938964844,265.20001220703125,260.54998779296875,264.6000061035156,5145868
2026-01-01,Power Grid Corporation of India Ltd,POWERGRID.NS,264.1000061035156,267.54998779296875,264.1000061035156,266.79998779296875,4298196
2026-01-02,Power Grid Corporation of India Ltd,POWERGRID.NS,267.5,272.1000061035156,266.25,270.95001220703125,13348375
2026-01-05,Power Grid Corporation of India Ltd,POWERGRID.NS,271.25,272.79998779296875,268.70001220703125,271.6499938964844,11526602
2026-01-06,Power Grid Corporation of India Ltd,POWERGRID.NS,266.0,273.29998779296875,266.0,268.54998779296875,11777253
2026-01-07,Power Grid Corporation of India Ltd,POWERGRID.NS,268.5,268.95001220703125,263.45001220703125,264.1000061035156,14877056
2026-01-08,Power Grid Corporation of India Ltd,POWERGRID.NS,264.0,265.29998779296875,257.95001220703125,259.29998779296875,11762204
2026-01-09,Power Grid Corporation of India Ltd,POWERGRID.NS,260.29998779296875,263.79998779296875,256.25,258.0,14100782
2026-01-12,Power Grid Corporation of India Ltd,POWERGRID.NS,258.0,259.5,254.3000030517578,258.54998779296875,9698555
2026-01-13,Power Grid Corporation of India Ltd,POWERGRID.NS,259.04998779296875,259.95001220703125,256.1000061035156,258.79998779296875,9734559
2026-01-14,Power Grid Corporation of India Ltd,POWERGRID.NS,257.1000061035156,259.70001220703125,256.75,258.3500061035156,15435341
2026-01-15,Power Grid Corporation of India Ltd,POWERGRID.NS,258.3500061035156,258.3500061035156,258.3500061035156,258.3500061035156,0
2026-01-16,Power Grid Corporation of India Ltd,POWERGRID.NS,258.29998779296875,261.54998779296875,256.20001220703125,257.29998779296875,9648251
2026-01-19,Power Grid Corporation of India Ltd,POWERGRID.NS,256.8999938964844,258.79998779296875,256.6499938964844,257.6499938964844,10588722
2026-01-20,Power Grid Corporation of India Ltd,POWERGRID.NS,257.6499938964844,257.8500061035156,253.39999389648438,254.0500030517578,12452441
2026-01-21,Power Grid Corporation of India Ltd,POWERGRID.NS,252.0500030517578,258.8500061035156,252.0500030517578,255.8000030517578,14263346
2026-01-22,Power Grid Corporation of India Ltd,POWERGRID.NS,256.6000061035156,259.8500061035156,255.4499969482422,259.25,15520530
2026-01-23,Power Grid Corporation of India Ltd,POWERGRID.NS,259.25,259.95001220703125,252.60000610351562,254.14999389648438,18022018
2026-01-27,Power Grid Corporation of India Ltd,POWERGRID.NS,256.5,258.3500061035156,252.0500030517578,254.35000610351562,17375059
2026-01-28,Power Grid Corporation of India Ltd,POWERGRID.NS,254.0,260.75,254.0,259.79998779296875,16046343
2026-01-29,Power Grid Corporation of India Ltd,POWERGRID.NS,262.6000061035156,263.04998779296875,258.75,260.5,26914029
2026-01-30,Power Grid Corporation of India Ltd,POWERGRID.NS,261.29998779296875,262.3999938964844,254.0500030517578,256.5,23292764
2026-02-02,Power Grid Corporation of India Ltd,POWERGRID.NS,251.25,271.20001220703125,250.0,270.3999938964844,37109237
2026-02-03,Power Grid Corporation of India Ltd,POWERGRID.NS,276.04998779296875,284.5,273.25,283.20001220703125,52651170
2026-02-04,Power Grid Corporation of India Ltd,POWERGRID.NS,288.79998779296875,292.0,282.8999938964844,289.3999938964844,27775044
2026-02-05,Power Grid Corporation of India Ltd,POWERGRID.NS,291.0,291.0,286.1499938964844,289.3500061035156,9870342
2026-02-06,Power Grid Corporation of India Ltd,POWERGRID.NS,292.20001220703125,293.5,289.3999938964844,292.75,19951107
2026-02-09,Power Grid Corporation of India Ltd,POWERGRID.NS,292.5,292.54998779296875,288.0,289.75,13114576
2026-02-10,Power Grid Corporation of India Ltd,POWERGRID.NS,290.0,295.29998779296875,286.5,294.3500061035156,21823214
2026-02-11,Power Grid Corporation of India Ltd,POWERGRID.NS,297.6499938964844,297.6499938964844,292.20001220703125,294.45001220703125,10508852
2026-02-12,Power Grid Corporation of India Ltd,POWERGRID.NS,294.45001220703125,296.0,291.75,293.8999938964844,10482579
2026-02-13,Power Grid Corporation of India Ltd,POWERGRID.NS,292.0,294.29998779296875,286.8500061035156,287.20001220703125,10914157
2026-02-16,Power Grid Corporation of India Ltd,POWERGRID.NS,288.0,300.95001220703125,287.25,300.5,22196951
2026-02-17,Power Grid Corporation of India Ltd,POWERGRID.NS,299.29998779296875,301.6000061035156,297.0,300.75,11190989
2026-02-18,Power Grid Corporation of India Ltd,POWERGRID.NS,299.45001220703125,302.25,298.45001220703125,300.54998779296875,9147320
2026-02-19,Power Grid Corporation of India Ltd,POWERGRID.NS,300.1000061035156,301.6000061035156,293.1000061035156,294.6499938964844,7552362
2026-02-20,Power Grid Corporation of India Ltd,POWERGRID.NS,295.54998779296875,302.04998779296875,294.25,298.95001220703125,11762183
2026-02-23,Power Grid Corporation of India Ltd,POWERGRID.NS,302.0,304.29998779296875,299.0,303.3500061035156,11774742
2026-02-24,Power Grid Corporation of India Ltd,POWERGRID.NS,304.0,306.20001220703125,300.79998779296875,304.79998779296875,15863867
2026-02-25,Power Grid Corporation of India Ltd,POWERGRID.NS,307.0,311.70001220703125,305.1499938964844,307.25,14240500
2026-02-26,Power Grid Corporation of India Ltd,POWERGRID.NS,307.1000061035156,307.70001220703125,301.3999938964844,303.25,14249515
2026-02-27,Power Grid Corporation of India Ltd,POWERGRID.NS,305.79998779296875,305.79998779296875,297.8999938964844,298.6499938964844,21400679
2026-03-02,Power Grid Corporation of India Ltd,POWERGRID.NS,290.0,298.6000061035156,289.5,296.79998779296875,15690227
2026-03-04,Power Grid Corporation of India Ltd,POWERGRID.NS,296.0,296.0,288.8999938964844,291.95001220703125,28191826
2026-03-05,Power Grid Corporation of India Ltd,POWERGRID.NS,292.0,300.1000061035156,291.8999938964844,299.45001220703125,19467441
2026-03-06,Power Grid Corporation of India Ltd,POWERGRID.NS,299.95001220703125,302.75,297.0,299.1499938964844,15887540
2026-03-09,Power Grid Corporation of India Ltd,POWERGRID.NS,285.5,296.25,285.5,295.20001220703125,21591866
2026-03-10,Power Grid Corporation of India Ltd,POWERGRID.NS,298.1499938964844,300.04998779296875,293.75,298.6499938964844,14627316
2026-03-11,Power Grid Corporation of India Ltd,POWERGRID.NS,298.6499938964844,302.8999938964844,298.04998779296875,298.79998779296875,12618289
2026-03-12,Power Grid Corporation of India Ltd,POWERGRID.NS,295.79998779296875,304.8999938964844,295.1000061035156,303.6000061035156,15284297
2026-03-13,Power Grid Corporation of India Ltd,POWERGRID.NS,308.6499938964844,309.5,298.70001220703125,300.95001220703125,23615092
2026-03-16,Power Grid Corporation of India Ltd,POWERGRID.NS,300.95001220703125,303.0,291.3999938964844,297.75,25911819
2026-03-17,Power Grid Corporation of India Ltd,POWERGRID.NS,302.0,302.0,292.1499938964844,298.5,12300000
2026-03-18,Power Grid Corporation of India Ltd,POWERGRID.NS,299.54998779296875,304.20001220703125,297.54998779296875,299.3999938964844,8691698
2026-03-19,Power Grid Corporation of India Ltd,POWERGRID.NS,297.6499938964844,300.5,295.95001220703125,296.70001220703125,8594078
2026-03-20,Power Grid Corporation of India Ltd,POWERGRID.NS,300.1000061035156,305.0,296.6000061035156,297.6000061035156,28392470
2026-03-23,Power Grid Corporation of India Ltd,POWERGRID.NS,298.0,304.3500061035156,293.1000061035156,302.1000061035156,23771660
2026-03-24,Power Grid Corporation of India Ltd,POWERGRID.NS,309.0,309.0,292.3999938964844,299.0,24123621
2026-03-25,Power Grid Corporation of India Ltd,POWERGRID.NS,299.8999938964844,302.25,294.20001220703125,295.0,16423641
2026-03-27,Power Grid Corporation of India Ltd,POWERGRID.NS,294.45001220703125,297.29998779296875,290.29998779296875,295.5,27444747
2026-03-30,Power Grid Corporation of India Ltd,POWERGRID.NS,292.04998779296875,297.8999938964844,292.0,296.1000061035156,23105779
2026-04-01,Power Grid Corporation of India Ltd,POWERGRID.NS,305.0,305.8999938964844,290.20001220703125,292.79998779296875,18635698
2026-04-02,Power Grid Corporation of India Ltd,POWERGRID.NS,290.20001220703125,292.0,283.5,289.95001220703125,17222200
2026-04-06,Power Grid Corporation of India Ltd,POWERGRID.NS,294.8999938964844,295.6000061035156,287.29998779296875,295.1499938964844,9291741
2026-04-07,Power Grid Corporation of India Ltd,POWERGRID.NS,292.5,296.25,291.0,295.3999938964844,9318575
2026-04-08,Power Grid Corporation of India Ltd,POWERGRID.NS,301.0,301.75,293.6000061035156,294.8500061035156,10887876
2026-04-09,Power Grid Corporation of India Ltd,POWERGRID.NS,295.45001220703125,300.70001220703125,293.8500061035156,298.1000061035156,17644642
2026-04-10,Power Grid Corporation of India Ltd,POWERGRID.NS,301.1000061035156,303.5,299.75,302.75,13245074
2026-04-13,Power Grid Corporation of India Ltd,POWERGRID.NS,299.95001220703125,302.3500061035156,297.6499938964844,300.3500061035156,15681799
2026-04-15,Power Grid Corporation of India Ltd,POWERGRID.NS,303.3999938964844,313.3999938964844,301.25,312.45001220703125,21897202
2026-04-16,Power Grid Corporation of India Ltd,POWERGRID.NS,315.0,317.0,310.5,312.25,21510277
2026-04-17,Power Grid Corporation of India Ltd,POWERGRID.NS,313.29998779296875,318.95001220703125,311.3999938964844,318.1000061035156,13609827
2026-04-20,Power Grid Corporation of India Ltd,POWERGRID.NS,319.0,323.04998779296875,315.54998779296875,319.70001220703125,10955277
2026-04-21,Power Grid Corporation of India Ltd,POWERGRID.NS,318.95001220703125,322.0,318.0,319.3500061035156,8342335
2026-04-22,Power Grid Corporation of India Ltd,POWERGRID.NS,319.75,322.0,316.0,319.75,7112538
2026-04-23,Power Grid Corporation of India Ltd,POWERGRID.NS,320.0,321.8500061035156,318.04998779296875,319.1499938964844,7294961
2026-04-24,Power Grid Corporation of India Ltd,POWERGRID.NS,316.0,317.8999938964844,314.5,316.3999938964844,9980241
2026-04-27,Power Grid Corporation of India Ltd,POWERGRID.NS,318.0,324.95001220703125,316.95001220703125,320.8999938964844,9334181
2026-04-28,Power Grid Corporation of India Ltd,POWERGRID.NS,322.79998779296875,322.79998779296875,317.6499938964844,319.0,9083528
2026-04-29,Power Grid Corporation of India Ltd,POWERGRID.NS,320.1000061035156,323.79998779296875,318.25,320.3500061035156,10372929
2026-04-30,Power Grid Corporation of India Ltd,POWERGRID.NS,319.6000061035156,321.25,315.95001220703125,318.3500061035156,9521058
2026-05-01,Power Grid Corporation of India Ltd,POWERGRID.NS,318.3500061035156,318.3500061035156,318.3500061035156,318.3500061035156,0
2026-05-04,Power Grid Corporation of India Ltd,POWERGRID.NS,314.0,323.8999938964844,314.0,319.04998779296875,7370269
2026-05-05,Power Grid Corporation of India Ltd,POWERGRID.NS,318.8999938964844,321.29998779296875,315.0,319.45001220703125,8569582
2026-05-06,Power Grid Corporation of India Ltd,POWERGRID.NS,320.04998779296875,321.5,314.6000061035156,315.95001220703125,4884118
2026-05-07,Power Grid Corporation of India Ltd,POWERGRID.NS,315.75,316.75,312.5,313.79998779296875,9126203
2026-05-08,Power Grid Corporation of India Ltd,POWERGRID.NS,315.20001220703125,315.20001220703125,310.6000061035156,313.95001220703125,7929393
2026-05-11,Power Grid Corporation of India Ltd,POWERGRID.NS,313.95001220703125,314.04998779296875,309.95001220703125,310.8999938964844,8204425
2026-05-12,Power Grid Corporation of India Ltd,POWERGRID.NS,309.45001220703125,310.75,305.5,306.29998779296875,7952584
2026-05-13,Power Grid Corporation of India Ltd,POWERGRID.NS,304.25,305.3999938964844,295.6499938964844,301.5,23775882
2026-05-14,Power Grid Corporation of India Ltd,POWERGRID.NS,306.0,307.54998779296875,300.6000061035156,301.75,14012601
2026-05-15,Power Grid Corporation of India Ltd,POWERGRID.NS,307.79998779296875,308.1499938964844,302.8999938964844,305.8500061035156,10092811
2026-05-18,Power Grid Corporation of India Ltd,POWERGRID.NS,296.29998779296875,298.45001220703125,290.20001220703125,296.54998779296875,16036198
2026-05-19,Power Grid Corporation of India Ltd,POWERGRID.NS,296.6000061035156,300.0,294.54998779296875,298.6000061035156,12580156
2026-05-20,Power Grid Corporation of India Ltd,POWERGRID.NS,297.5,300.79998779296875,294.54998779296875,299.8999938964844,5672695
2026-05-21,Power Grid Corporation of India Ltd,POWERGRID.NS,302.3999938964844,304.5,298.70001220703125,299.54998779296875,10353164
2026-05-22,Power Grid Corporation of India Ltd,POWERGRID.NS,298.70001220703125,300.54998779296875,293.54998779296875,294.29998779296875,15105294
2026-05-25,Power Grid Corporation of India Ltd,POWERGRID.NS,298.5,298.5,294.1499938964844,295.3500061035156,5896815
2026-05-26,Power Grid Corporation of India Ltd,POWERGRID.NS,295.0,295.95001220703125,292.04998779296875,292.54998779296875,5625947
2026-05-27,Power Grid Corporation of India Ltd,POWERGRID.NS,292.0,301.25,292.0,300.1499938964844,9883025
2026-05-28,Power Grid Corporation of India Ltd,POWERGRID.NS,300.1499938964844,300.1499938964844,300.1499938964844,300.1499938964844,0
2026-05-29,Power Grid Corporation of India Ltd,POWERGRID.NS,303.0,303.0,285.45001220703125,290.54998779296875,77407363
2026-06-01,Power Grid Corporation of India Ltd,POWERGRID.NS,291.0,292.3500061035156,284.70001220703125,286.1499938964844,17628347
2026-06-02,Power Grid Corporation of India Ltd,POWERGRID.NS,281.75,285.25,278.3999938964844,282.1499938964844,15198142
2026-06-03,Power Grid Corporation of India Ltd,POWERGRID.NS,282.0,286.0,280.3500061035156,285.04998779296875,13002063
2026-06-04,Power Grid Corporation of India Ltd,POWERGRID.NS,280.0,286.04998779296875,280.0,284.6000061035156,16292818
2026-06-05,Power Grid Corporation of India Ltd,POWERGRID.NS,284.0,286.54998779296875,283.0,285.6499938964844,6955072
2026-06-08,Power Grid Corporation of India Ltd,POWERGRID.NS,283.0,292.1000061035156,282.6000061035156,290.29998779296875,8748933
2026-06-09,Power Grid Corporation of India Ltd,POWERGRID.NS,292.8999938964844,293.04998779296875,284.75,285.70001220703125,7973130
2026-06-10,Power Grid Corporation of India Ltd,POWERGRID.NS,285.0,289.5,284.04998779296875,287.20001220703125,8330040
2026-06-11,Power Grid Corporation of India Ltd,POWERGRID.NS,289.25,290.45001220703125,286.0,286.6499938964844,12064071
2026-06-12,Power Grid Corporation of India Ltd,POWERGRID.NS,288.8999938964844,288.8999938964844,282.70001220703125,284.79998779296875,5478294
2026-06-15,Power Grid Corporation of India Ltd,POWERGRID.NS,290.0,290.0,284.04998779296875,285.70001220703125,9319070
2026-06-16,Power Grid Corporation of India Ltd,POWERGRID.NS,286.1000061035156,286.3999938964844,282.8500061035156,285.1499938964844,8146761
2026-06-17,Power Grid Corporation of India Ltd,POWERGRID.NS,286.20001220703125,286.6499938964844,283.25,286.3500061035156,6008101
2026-06-18,Power Grid Corporation of India Ltd,POWERGRID.NS,286.3500061035156,289.45001220703125,283.29998779296875,288.70001220703125,8381654
2026-06-19,Power Grid Corporation of India Ltd,POWERGRID.NS,288.95001220703125,292.8999938964844,287.6499938964844,292.25,10295261
2026-06-22,Power Grid Corporation of India Ltd,POWERGRID.NS,289.0,292.8500061035156,288.79998779296875,289.75,11678414
2026-06-23,Power Grid Corporation of India Ltd,POWERGRID.NS,290.45001220703125,293.04998779296875,289.6000061035156,291.95001220703125,12328516
2026-06-24,Power Grid Corporation of India Ltd,POWERGRID.NS,293.0,295.25,288.75,290.8999938964844,10221176
2026-06-25,Power Grid Corporation of India Ltd,POWERGRID.NS,290.70001220703125,291.5,283.04998779296875,283.8999938964844,16305770
2026-06-26,Power Grid Corporation of India Ltd,POWERGRID.NS,283.8999938964844,283.8999938964844,283.8999938964844,283.8999938964844,0
2026-06-29,Power Grid Corporation of India Ltd,POWERGRID.NS,287.0,287.6499938964844,283.5,286.25,16957025
2026-06-30,Power Grid Corporation of India Ltd,POWERGRID.NS,287.20001220703125,288.8999938964844,284.45001220703125,286.29998779296875,11985195
2026-07-01,Power Grid Corporation of India Ltd,POWERGRID.NS,287.79998779296875,288.3500061035156,285.6499938964844,287.54998779296875,8147424
2026-07-02,Power Grid Corporation of India Ltd,POWERGRID.NS,287.54998779296875,289.3999938964844,284.20001220703125,288.20001220703125,6456861
2026-07-03,Power Grid Corporation of India Ltd,POWERGRID.NS,288.5,292.0,287.1000061035156,287.8500061035156,10260404
2026-07-06,Power Grid Corporation of India Ltd,POWERGRID.NS,287.20001220703125,287.95001220703125,284.70001220703125,285.3999938964844,7799856
2026-07-07,Power Grid Corporation of India Ltd,POWERGRID.NS,285.3500061035156,287.3500061035156,283.3500061035156,284.3500061035156,7251465
2026-07-08,Power Grid Corporation of India Ltd,POWERGRID.NS,282.8999938964844,285.3999938964844,279.20001220703125,279.70001220703125,7306244
2026-07-09,Power Grid Corporation of India Ltd,POWERGRID.NS,280.0,283.95001220703125,280.0,281.3500061035156,6800579
2026-07-10,Power Grid Corporation of India Ltd,POWERGRID.NS,283.1000061035156,283.79998779296875,281.3500061035156,283.1000061035156,6812700
2026-07-13,Power Grid Corporation of India Ltd,POWERGRID.NS,282.79998779296875,286.45001220703125,281.6499938964844,286.0,8083023
2026-07-14,Power Grid Corporation of India Ltd,POWERGRID.NS,282.3500061035156,286.95001220703125,282.29998779296875,286.1499938964844,7596298
2026-07-15,Power Grid Corporation of India Ltd,POWERGRID.NS,285.8999938964844,286.79998779296875,278.8999938964844,280.70001220703125,9907688
2026-07-16,Power Grid Corporation of India Ltd,POWERGRID.NS,280.3999938964844,284.3999938964844,280.0,280.75,7143529
2026-07-17,Power Grid Corporation of India Ltd,POWERGRID.NS,280.75,284.3500061035156,279.6499938964844,283.54998779296875,10985155
2026-07-20,Power Grid Corporation of India Ltd,POWERGRID.NS,284.70001220703125,289.54998779296875,283.3500061035156,288.70001220703125,11380170
2026-07-21,Power Grid Corporation of India Ltd,POWERGRID.NS,289.0,290.3999938964844,284.45001220703125,286.70001220703125,7517060
2026-07-22,Power Grid Corporation of India Ltd,POWERGRID.NS,285.6499938964844,289.75,284.3999938964844,289.29998779296875,4595987
2026-07-23,Power Grid Corporation of India Ltd,POWERGRID.NS,287.29998779296875,290.95001220703125,287.0,289.79998779296875,7407258
2026-07-24,Power Grid Corporation of India Ltd,POWERGRID.NS,286.5,290.04998779296875,286.3999938964844,288.20001220703125,8474555
2026-07-27,Power Grid Corporation of India Ltd,POWERGRID.NS,288.29998779296875,290.54998779296875,286.54998779296875,288.8500061035156,12143388
2026-07-28,Power Grid Corporation of India Ltd,POWERGRID.NS,287.29998779296875,288.0,283.1000061035156,285.29998779296875,7118852
2026-07-29,Power Grid Corporation of India Ltd,POWERGRID.NS,284.0,284.75,281.04998779296875,282.8500061035156,12375693
2026-07-30,Power Grid Corporation of India Ltd,POWERGRID.NS,283.3999938964844,287.1000061035156,283.0,285.70001220703125,7903593
2026-07-31,Power Grid Corporation of India Ltd,POWERGRID.NS,286.29998779296875,287.3999938964844,283.0,284.25,7804310
2026-08-03,Power Grid Corporation of India Ltd,POWERGRID.NS,285.0,287.0,283.8999938964844,287.0,8749092
2026-08-04,Power Grid Corporation of India Ltd,POWERGRID.NS,294.1000061035156,294.1000061035156,281.70001220703125,283.3999938964844,7656558
2026-08-05,Power Grid Corporation of India Ltd,POWERGRID.NS,284.0,285.20001220703125,281.25,281.75,7544704
2026-08-06,Power Grid Corporation of India Ltd,POWERGRID.NS,279.75,281.0,269.6499938964844,270.75,18258733
2026-08-07,Power Grid Corporation of India Ltd,POWERGRID.NS,268.6499938964844,272.8500061035156,268.3500061035156,271.6000061035156,7795199
2026-08-10,Power Grid Corporation of India Ltd,POWERGRID.NS,271.5,271.6000061035156,268.79998779296875,270.1000061035156,8329347
2026-08-11,Power Grid Corporation of India Ltd,POWERGRID.NS,270.0,270.79998779296875,266.6499938964844,267.95001220703125,7553241
2026-08-12,Power Grid Corporation of India Ltd,POWERGRID.NS,267.95001220703125,270.0,266.29998779296875,269.45001220703125,6699919
2026-08-13,Power Grid Corporation of India Ltd,POWERGRID.NS,269.0,269.0,266.04998779296875,266.6000061035156,9715149
2026-08-14,Power Grid Corporation of India Ltd,POWERGRID.NS,267.0,268.20001220703125,265.75,266.04998779296875,6758273
2026-08-17,Power Grid Corporation of India Ltd,POWERGRID.NS,266.04998779296875,268.0,265.25,266.1499938964844,6631423
2026-08-18,Power Grid Corporation of India Ltd,POWERGRID.NS,266.20001220703125,268.95001220703125,266.04998779296875,268.0,6792173
2026-08-19,Power Grid Corporation of India Ltd,POWERGRID.NS,267.04998779296875,267.5,262.04998779296875,263.5,9674185
2026-08-20,Power Grid Corporation of India Ltd,POWERGRID.NS,264.0,267.1000061035156,262.79998779296875,264.79998779296875,7029993
2026-08-21,Power Grid Corporation of India Ltd,POWERGRID.NS,264.6000061035156,275.95001220703125,264.20001220703125,272.3999938964844,18031357
2026-08-24,Power Grid Corporation of India Ltd,POWERGRID.NS,274.0,274.3500061035156,268.29998779296875,271.3999938964844,7643689
2026-08-25,Power Grid Corporation of India Ltd,POWERGRID.NS,271.3999938964844,271.70001220703125,268.3500061035156,271.0,5435918
2026-08-26,Power Grid Corporation of India Ltd,POWERGRID.NS,270.1000061035156,271.1499938964844,265.20001220703125,265.20001220703125,5303523
2026-08-27,Power Grid Corporation of India Ltd,POWERGRID.NS,264.79998779296875,266.29998779296875,262.29998779296875,264.8999938964844,7118715
2026-08-28,Power Grid Corporation of India Ltd,POWERGRID.NS,266.04998779296875,267.3500061035156,265.04998779296875,266.04998779296875,5112511
2026-08-31,Power Grid Corporation of India Ltd,POWERGRID.NS,266.04998779296875,266.04998779296875,263.1499938964844,263.54998779296875,11553385
2026-09-01,Power Grid Corporation of India Ltd,POWERGRID.NS,263.29998779296875,264.54998779296875,261.70001220703125,264.54998779296875,8499123
2026-09-02,Power Grid Corporation of India Ltd,POWERGRID.NS,264.0,268.3500061035156,262.3999938964844,266.79998779296875,9068868
2026-09-03,Power Grid Corporation of India Ltd,POWERGRID.NS,269.8999938964844,270.75,265.6000061035156,265.6000061035156,9826724
2026-09-04,Power Grid Corporation of India Ltd,POWERGRID.NS,266.8999938964844,267.5,265.04998779296875,266.0,7967122
2026-09-07,Power Grid Corporation of India Ltd,POWERGRID.NS,266.0,268.79998779296875,264.25,266.45001220703125,7015606
2026-09-08,Power Grid Corporation of India Ltd,POWERGRID.NS,265.6499938964844,267.25,263.0,265.75,7385483
2026-09-09,Power Grid Corporation of India Ltd,POWERGRID.NS,265.0,269.25,264.5,265.8500061035156,11738891
2026-09-10,Power Grid Corporation of India Ltd,POWERGRID.NS,265.8500061035156,271.75,265.29998779296875,271.75,12187656
2026-09-11,Power Grid Corporation of India Ltd,POWERGRID.NS,269.95001220703125,274.04998779296875,268.3500061035156,269.1000061035156,11423068
2026-09-14,Power Grid Corporation of India Ltd,POWERGRID.NS,269.1000061035156,269.1000061035156,269.1000061035156,269.1000061035156,0
2026-09-15,Power Grid Corporation of India Ltd,POWERGRID.NS,267.1499938964844,268.5,262.79998779296875,262.79998779296875,10519594
2026-09-16,Power Grid Corporation of India Ltd,POWERGRID.NS,264.1000061035156,266.3500061035156,262.79998779296875,262.79998779296875,7132902
2026-09-17,Power Grid Corporation of India Ltd,POWERGRID.NS,263.5,265.70001220703125,263.25,263.75,6533662
2026-09-18,Power Grid Corporation of India Ltd,POWERGRID.NS,264.6000061035156,270.29998779296875,263.3999938964844,270.29998779296875,17896733
2026-09-21,Power Grid Corporation of India Ltd,POWERGRID.NS,267.75,269.04998779296875,266.1000061035156,266.1000061035156,6934502
2026-09-22,Power Grid Corporation of India Ltd,POWERGRID.NS,267.0,268.29998779296875,265.95001220703125,265.95001220703125,7314792
2026-09-23,Power Grid Corporation of India Ltd,POWERGRID.NS,265.95001220703125,270.8500061035156,265.95001220703125,270.20001220703125,6114433
2026-09-24,Power Grid Corporation of India Ltd,POWERGRID.NS,270.3999938964844,270.8999938964844,265.75,266.3999938964844,8968993
2026-09-25,Power Grid Corporation of India Ltd,POWERGRID.NS,268.70001220703125,269.75,266.8999938964844,269.5,6241140
2026-09-28,Power Grid Corporation of India Ltd,POWERGRID.NS,269.8999938964844,269.8999938964844,261.8500061035156,261.8500061035156,10278456
2026-09-29,Power Grid Corporation of India Ltd,POWERGRID.NS,262.29998779296875,269.20001220703125,259.54998779296875,261.5,25174350
2026-09-30,Power Grid Corporation of India Ltd,POWERGRID.NS,261.5,262.0,258.1000061035156,260.5,9769840
2026-10-01,Power Grid Corporation of India Ltd,POWERGRID.NS,258.20001220703125,259.0,252.35000610351562,254.5500030517578,10976701
2025-10-03,Reliance Industries Ltd,RELIANCE.NS,1363.199951171875,1371.5999755859375,1356.9000244140625,1363.4000244140625,12842347
2025-10-06,Reliance Industries Ltd,RELIANCE.NS,1360.0,1377.4000244140625,1359.0,1375.0,12396580
2025-10-07,Reliance Industries Ltd,RELIANCE.NS,1376.0,1395.9000244140625,1375.9000244140625,1384.800048828125,11244040
2025-10-08,Reliance Industries Ltd,RELIANCE.NS,1384.800048828125,1389.0,1364.5,1367.4000244140625,8525081
2025-10-09,Reliance Industries Ltd,RELIANCE.NS,1374.0,1380.0,1369.0999755859375,1377.800048828125,8826633
2025-10-10,Reliance Industries Ltd,RELIANCE.NS,1377.800048828125,1388.0,1375.0999755859375,1381.699951171875,6373084
2025-10-13,Reliance Industries Ltd,RELIANCE.NS,1376.9000244140625,1377.699951171875,1367.800048828125,1375.0,7600682
2025-10-14,Reliance Industries Ltd,RELIANCE.NS,1380.0,1388.0,1370.0999755859375,1375.9000244140625,9768174
2025-10-15,Reliance Industries Ltd,RELIANCE.NS,1383.0,1384.0,1372.699951171875,1374.300048828125,10882743
2025-10-16,Reliance Industries Ltd,RELIANCE.NS,1375.0999755859375,1400.5,1375.0,1398.300048828125,12315932
2025-10-17,Reliance Industries Ltd,RELIANCE.NS,1401.0,1423.300048828125,1399.0999755859375,1416.800048828125,19335561
2025-10-20,Reliance Industries Ltd,RELIANCE.NS,1440.0,1473.800048828125,1433.300048828125,1466.800048828125,24721978
2025-10-21,Reliance Industries Ltd,RELIANCE.NS,1468.0,1474.0,1460.0,1465.199951171875,2066169
2025-10-23,Reliance Industries Ltd,RELIANCE.NS,1475.0,1482.9000244140625,1444.5999755859375,1448.4000244140625,18707090
2025-10-24,Reliance Industries Ltd,RELIANCE.NS,1450.0,1459.800048828125,1441.0,1451.5999755859375,9700837
2025-10-27,Reliance Industries Ltd,RELIANCE.NS,1463.0,1485.0,1458.0,1484.0999755859375,14113867
2025-10-28,Reliance Industries Ltd,RELIANCE.NS,1484.0999755859375,1492.0,1477.5999755859375,1486.9000244140625,17631577
2025-10-29,Reliance Industries Ltd,RELIANCE.NS,1490.0,1508.300048828125,1488.0999755859375,1504.199951171875,11884745
2025-10-30,Reliance Industries Ltd,RELIANCE.NS,1500.0,1503.0999755859375,1484.0,1488.5,9318663
2025-10-31,Reliance Industries Ltd,RELIANCE.NS,1490.4000244140625,1497.5,1482.300048828125,1486.4000244140625,8758053
2025-11-03,Reliance Industries Ltd,RELIANCE.NS,1486.0,1495.0,1479.300048828125,1484.699951171875,8452085
2025-11-04,Reliance Industries Ltd,RELIANCE.NS,1483.9000244140625,1492.800048828125,1470.0999755859375,1473.0999755859375,10007806
2025-11-06,Reliance Industries Ltd,RELIANCE.NS,1484.0,1501.5999755859375,1476.199951171875,1496.0999755859375,16772678
2025-11-07,Reliance Industries Ltd,RELIANCE.NS,1494.5999755859375,1498.4000244140625,1475.9000244140625,1478.0,7821765
2025-11-10,Reliance Industries Ltd,RELIANCE.NS,1477.9000244140625,1501.0,1475.5,1489.300048828125,7068438
2025-11-11,Reliance Industries Ltd,RELIANCE.NS,1497.0,1498.800048828125,1480.199951171875,1493.4000244140625,7127506
2025-11-12,Reliance Industries Ltd,RELIANCE.NS,1505.0,1524.699951171875,1500.0,1511.5,12384459
2025-11-13,Reliance Industries Ltd,RELIANCE.NS,1515.0,1522.0999755859375,1506.800048828125,1510.9000244140625,7196443
2025-11-14,Reliance Industries Ltd,RELIANCE.NS,1505.5,1520.9000244140625,1505.5,1518.9000244140625,7682823
2025-11-17,Reliance Industries Ltd,RELIANCE.NS,1520.9000244140625,1523.699951171875,1511.5,1518.300048828125,5871416
2025-11-18,Reliance Industries Ltd,RELIANCE.NS,1521.699951171875,1527.800048828125,1510.5,1519.4000244140625,11045042
2025-11-19,Reliance Industries Ltd,RELIANCE.NS,1517.4000244140625,1522.300048828125,1512.0,1518.9000244140625,5692366
2025-11-20,Reliance Industries Ltd,RELIANCE.NS,1530.0,1550.9000244140625,1526.699951171875,1549.0999755859375,18171724
2025-11-21,Reliance Industries Ltd,RELIANCE.NS,1541.0,1557.800048828125,1540.0999755859375,1546.5999755859375,9615271
2025-11-24,Reliance Industries Ltd,RELIANCE.NS,1550.0,1550.0,1531.800048828125,1535.9000244140625,18433951
2025-11-25,Reliance Industries Ltd,RELIANCE.NS,1535.9000244140625,1559.5999755859375,1525.0999755859375,1539.699951171875,15033482
2025-11-26,Reliance Industries Ltd,RELIANCE.NS,1542.300048828125,1571.5999755859375,1540.5,1569.9000244140625,14054299
2025-11-27,Reliance Industries Ltd,RELIANCE.NS,1575.0,1575.5,1556.0,1563.4000244140625,9794643
2025-11-28,Reliance Industries Ltd,RELIANCE.NS,1568.0,1581.300048828125,1563.0,1567.5,8959508
2025-12-01,Reliance Industries Ltd,RELIANCE.NS,1575.0,1577.5,1563.5999755859375,1566.0999755859375,8920233
2025-12-02,Reliance Industries Ltd,RELIANCE.NS,1561.0999755859375,1567.5,1542.0,1546.300048828125,11389150
2025-12-03,Reliance Industries Ltd,RELIANCE.NS,1545.199951171875,1552.4000244140625,1533.0,1538.800048828125,6090883
2025-12-04,Reliance Industries Ltd,RELIANCE.NS,1536.0,1560.5,1517.5999755859375,1535.5999755859375,11867930
2025-12-05,Reliance Industries Ltd,RELIANCE.NS,1530.4000244140625,1545.800048828125,1520.5999755859375,1540.5999755859375,10183266
2025-12-08,Reliance Industries Ltd,RELIANCE.NS,1539.199951171875,1551.0,1535.0,1543.0,11301491
2025-12-09,Reliance Industries Ltd,RELIANCE.NS,1540.300048828125,1542.5,1520.0999755859375,1529.4000244140625,11503971
2025-12-10,Reliance Industries Ltd,RELIANCE.NS,1534.0,1547.5,1531.4000244140625,1536.9000244140625,7991629
2025-12-11,Reliance Industries Ltd,RELIANCE.NS,1536.9000244140625,1550.0,1524.0,1545.0,4706197
2025-12-12,Reliance Industries Ltd,RELIANCE.NS,1550.800048828125,1559.800048828125,1546.0999755859375,1556.5,5106655
2025-12-15,Reliance Industries Ltd,RELIANCE.NS,1551.199951171875,1558.5999755859375,1546.5,1556.199951171875,5774543
2025-12-16,Reliance Industries Ltd,RELIANCE.NS,1545.0,1551.699951171875,1538.800048828125,1542.300048828125,11731856
2025-12-17,Reliance Industries Ltd,RELIANCE.NS,1550.0,1550.0,1539.300048828125,1544.4000244140625,7116649
2025-12-18,Reliance Industries Ltd,RELIANCE.NS,1535.199951171875,1551.5,1535.199951171875,1544.4000244140625,6580829
2025-12-19,Reliance Industries Ltd,RELIANCE.NS,1554.4000244140625,1574.199951171875,1551.0,1565.0999755859375,13937275
2025-12-22,Reliance Industries Ltd,RELIANCE.NS,1573.5,1577.5,1565.300048828125,1575.4000244140625,10184852
2025-12-23,Reliance Industries Ltd,RELIANCE.NS,1580.9000244140625,1580.9000244140625,1568.0999755859375,1570.699951171875,7506564
2025-12-24,Reliance Industries Ltd,RELIANCE.NS,1572.699951171875,1575.699951171875,1553.5999755859375,1558.199951171875,8815745
2025-12-26,Reliance Industries Ltd,RELIANCE.NS,1554.699951171875,1561.0,1554.300048828125,1559.199951171875,2311495
2025-12-29,Reliance Industries Ltd,RELIANCE.NS,1554.9000244140625,1558.0999755859375,1543.5999755859375,1545.5999755859375,5972105
2025-12-30,Reliance Industries Ltd,RELIANCE.NS,1547.0,1553.5999755859375,1537.800048828125,1539.800048828125,8815884
2025-12-31,Reliance Industries Ltd,RELIANCE.NS,1541.0,1577.0,1541.0,1570.4000244140625,5771830
2026-01-01,Reliance Industries Ltd,RELIANCE.NS,1573.699951171875,1592.5,1571.0999755859375,1575.5999755859375,6408128
2026-01-02,Reliance Industries Ltd,RELIANCE.NS,1580.0,1594.5999755859375,1578.199951171875,1592.300048828125,6602230
2026-01-05,Reliance Industries Ltd,RELIANCE.NS,1593.0,1611.800048828125,1575.300048828125,1578.0999755859375,8704973
2026-01-06,Reliance Industries Ltd,RELIANCE.NS,1569.0,1569.0,1496.300048828125,1507.5999755859375,27417125
2026-01-07,Reliance Industries Ltd,RELIANCE.NS,1510.0,1520.0,1498.0,1504.199951171875,11199340
2026-01-08,Reliance Industries Ltd,RELIANCE.NS,1500.0,1503.9000244140625,1468.800048828125,1470.5999755859375,16518684
2026-01-09,Reliance Industries Ltd,RELIANCE.NS,1465.0,1479.9000244140625,1465.0,1475.300048828125,8335311
2026-01-12,Reliance Industries Ltd,RELIANCE.NS,1475.300048828125,1485.300048828125,1451.0,1483.199951171875,8883745
2026-01-13,Reliance Industries Ltd,RELIANCE.NS,1485.0,1485.800048828125,1444.699951171875,1452.800048828125,13499760
2026-01-14,Reliance Industries Ltd,RELIANCE.NS,1444.0,1467.0,1440.199951171875,1458.800048828125,8321764
2026-01-15,Reliance Industries Ltd,RELIANCE.NS,1458.800048828125,1458.800048828125,1458.800048828125,1458.800048828125,0
2026-01-16,Reliance Industries Ltd,RELIANCE.NS,1458.800048828125,1480.0,1455.0999755859375,1457.9000244140625,17167161
2026-01-19,Reliance Industries Ltd,RELIANCE.NS,1450.5999755859375,1450.5999755859375,1403.300048828125,1413.5999755859375,20392765
2026-01-20,Reliance Industries Ltd,RELIANCE.NS,1410.699951171875,1416.0,1390.0,1394.0,13189498
2026-01-21,Reliance Industries Ltd,RELIANCE.NS,1389.5,1412.9000244140625,1373.0,1404.5999755859375,17352720
2026-01-22,Reliance Industries Ltd,RELIANCE.NS,1410.0999755859375,1419.5,1395.0,1402.5,15721693
2026-01-23,Reliance Industries Ltd,RELIANCE.NS,1401.800048828125,1407.0,1381.0,1386.0999755859375,9837802
2026-01-27,Reliance Industries Ltd,RELIANCE.NS,1380.0,1391.5999755859375,1368.0,1380.5,26302396
2026-01-28,Reliance Industries Ltd,RELIANCE.NS,1385.0,1409.9000244140625,1384.9000244140625,1396.699951171875,11121657
2026-01-29,Reliance Industries Ltd,RELIANCE.NS,1402.9000244140625,1402.9000244140625,1384.0,1391.0,20846683
2026-01-30,Reliance Industries Ltd,RELIANCE.NS,1382.5999755859375,1398.0,1378.5,1395.4000244140625,11239835
2026-02-02,Reliance Industries Ltd,RELIANCE.NS,1340.0,1392.9000244140625,1335.5,1390.4000244140625,15711165
2026-02-03,Reliance Industries Ltd,RELIANCE.NS,1473.9000244140625,1489.5,1430.199951171875,1437.0999755859375,25456171
2026-02-04,Reliance Industries Ltd,RELIANCE.NS,1444.0,1464.0,1440.300048828125,1456.800048828125,8333387
2026-02-05,Reliance Industries Ltd,RELIANCE.NS,1457.0,1461.5,1439.5,1443.4000244140625,11763658
2026-02-06,Reliance Industries Ltd,RELIANCE.NS,1441.5,1452.800048828125,1433.5,1450.800048828125,8277304
2026-02-09,Reliance Industries Ltd,RELIANCE.NS,1458.0,1465.9000244140625,1453.0,1461.5999755859375,5775864
2026-02-10,Reliance Industries Ltd,RELIANCE.NS,1471.0,1471.0,1452.199951171875,1458.5,10259630
2026-02-11,Reliance Industries Ltd,RELIANCE.NS,1459.5999755859375,1470.0,1453.5999755859375,1468.699951171875,7106877
2026-02-12,Reliance Industries Ltd,RELIANCE.NS,1470.0,1473.0,1445.5,1448.9000244140625,11135399
2026-02-13,Reliance Industries Ltd,RELIANCE.NS,1445.5,1450.699951171875,1416.300048828125,1419.5999755859375,10755693
2026-02-16,Reliance Industries Ltd,RELIANCE.NS,1420.0999755859375,1439.5999755859375,1409.300048828125,1437.0999755859375,5896514
2026-02-17,Reliance Industries Ltd,RELIANCE.NS,1431.0999755859375,1431.800048828125,1418.5999755859375,1423.0,10731630
2026-02-18,Reliance Industries Ltd,RELIANCE.NS,1427.0,1442.0999755859375,1419.199951171875,1441.300048828125,5521096
2026-02-19,Reliance Industries Ltd,RELIANCE.NS,1443.0,1443.0,1400.0,1409.5,11884664
2026-02-20,Reliance Industries Ltd,RELIANCE.NS,1409.5,1427.4000244140625,1406.0999755859375,1419.4000244140625,8177670
2026-02-23,Reliance Industries Ltd,RELIANCE.NS,1425.0,1434.9000244140625,1418.300048828125,1428.0,7758856
2026-02-24,Reliance Industries Ltd,RELIANCE.NS,1425.300048828125,1433.300048828125,1415.0,1428.800048828125,12529409
2026-02-25,Reliance Industries Ltd,RELIANCE.NS,1435.0,1440.5,1393.5,1398.5,10728792
2026-02-26,Reliance Industries Ltd,RELIANCE.NS,1398.5,1412.9000244140625,1391.9000244140625,1406.800048828125,16683858
2026-02-27,Reliance Industries Ltd,RELIANCE.NS,1398.0,1410.4000244140625,1388.0999755859375,1393.9000244140625,12031440
2026-03-02,Reliance Industries Ltd,RELIANCE.NS,1375.5,1378.5999755859375,1341.5,1358.0,23728722
2026-03-04,Reliance Industries Ltd,RELIANCE.NS,1330.0,1352.800048828125,1307.0,1345.0,32495007
2026-03-05,Reliance Industries Ltd,RELIANCE.NS,1353.0999755859375,1399.0,1353.0999755859375,1389.4000244140625,25957532
2026-03-06,Reliance Industries Ltd,RELIANCE.NS,1396.5,1424.300048828125,1390.300048828125,1404.800048828125,19311971
2026-03-09,Reliance Industries Ltd,RELIANCE.NS,1375.0,1429.4000244140625,1370.0,1424.0,24870822
2026-03-10,Reliance Industries Ltd,RELIANCE.NS,1430.5999755859375,1431.5,1400.5999755859375,1408.800048828125,18071259
2026-03-11,Reliance Industries Ltd,RELIANCE.NS,1424.9000244140625,1434.0,1383.5999755859375,1390.199951171875,21848087
2026-03-12,Reliance Industries Ltd,RELIANCE.NS,1390.0,1410.9000244140625,1381.0999755859375,1392.199951171875,20939959
2026-03-13,Reliance Industries Ltd,RELIANCE.NS,1385.199951171875,1400.800048828125,1378.4000244140625,1380.699951171875,17265090
2026-03-16,Reliance Industries Ltd,RELIANCE.NS,1380.0,1397.300048828125,1363.5,1395.0999755859375,22837802
2026-03-17,Reliance Industries Ltd,RELIANCE.NS,1399.0,1405.9000244140625,1388.199951171875,1397.5999755859375,19007744
2026-03-18,Reliance Industries Ltd,RELIANCE.NS,1397.199951171875,1412.9000244140625,1397.199951171875,1408.0999755859375,9559327
2026-03-19,Reliance Industries Ltd,RELIANCE.NS,1388.0,1415.699951171875,1376.0999755859375,1384.800048828125,16498373
2026-03-20,Reliance Industries Ltd,RELIANCE.NS,1398.0,1430.0,1396.0999755859375,1414.4000244140625,22994918
2026-03-23,Reliance Industries Ltd,RELIANCE.NS,1400.0,1415.5999755859375,1391.0,1407.800048828125,18979554
2026-03-24,Reliance Industries Ltd,RELIANCE.NS,1420.0,1422.4000244140625,1406.5999755859375,1411.800048828125,18620893
2026-03-25,Reliance Industries Ltd,RELIANCE.NS,1420.0,1430.5,1408.4000244140625,1413.0999755859375,19041331
2026-03-27,Reliance Industries Ltd,RELIANCE.NS,1401.0,1404.699951171875,1345.0,1348.0999755859375,23266517
2026-03-30,Reliance Industries Ltd,RELIANCE.NS,1335.0,1365.0,1334.0999755859375,1343.9000244140625,24393861
2026-04-01,Reliance Industries Ltd,RELIANCE.NS,1384.199951171875,1384.4000244140625,1362.9000244140625,1369.199951171875,14404619
2026-04-02,Reliance Industries Ltd,RELIANCE.NS,1357.0,1358.199951171875,1328.0,1350.5,21280051
2026-04-06,Reliance Industries Ltd,RELIANCE.NS,1359.0,1359.0,1290.0,1304.699951171875,29274881
2026-04-07,Reliance Industries Ltd,RELIANCE.NS,1295.0,1308.300048828125,1291.0,1304.5999755859375,28388922
2026-04-08,Reliance Industries Ltd,RELIANCE.NS,1349.0,1350.5999755859375,1326.199951171875,1347.800048828125,21817543
2026-04-09,Reliance Industries Ltd,RELIANCE.NS,1346.0,1350.0,1326.300048828125,1330.0,20725390
2026-04-10,Reliance Industries Ltd,RELIANCE.NS,1337.0,1352.300048828125,1331.5,1350.199951171875,19364461
2026-04-13,Reliance Industries Ltd,RELIANCE.NS,1321.199951171875,1327.5999755859375,1310.0,1315.0999755859375,28753269
2026-04-15,Reliance Industries Ltd,RELIANCE.NS,1337.0,1347.0,1334.199951171875,1344.0999755859375,15313779
2026-04-16,Reliance Industries Ltd,RELIANCE.NS,1352.0,1353.800048828125,1330.0,1343.300048828125,30211012
2026-04-17,Reliance Industries Ltd,RELIANCE.NS,1340.0,1368.4000244140625,1340.0,1365.0,13869105
2026-04-20,Reliance Industries Ltd,RELIANCE.NS,1363.199951171875,1373.0,1352.800048828125,1363.300048828125,13614733
2026-04-21,Reliance Industries Ltd,RELIANCE.NS,1359.0,1369.800048828125,1350.0999755859375,1353.300048828125,27293629
2026-04-22,Reliance Industries Ltd,RELIANCE.NS,1350.300048828125,1366.0,1349.0999755859375,1362.0999755859375,9525953
2026-04-23,Reliance Industries Ltd,RELIANCE.NS,1346.0,1355.5,1340.699951171875,1343.4000244140625,16385079
2026-04-24,Reliance Industries Ltd,RELIANCE.NS,1340.0,1345.9000244140625,1325.0,1327.800048828125,11744802
2026-04-27,Reliance Industries Ltd,RELIANCE.NS,1313.0,1371.5999755859375,1311.0,1365.800048828125,24673098
2026-04-28,Reliance Industries Ltd,RELIANCE.NS,1358.0,1395.199951171875,1357.0,1388.9000244140625,41027699
2026-04-29,Reliance Industries Ltd,RELIANCE.NS,1392.0,1433.800048828125,1391.300048828125,1425.4000244140625,30542143
2026-04-30,Reliance Industries Ltd,RELIANCE.NS,1409.0,1437.0,1393.0999755859375,1430.800048828125,30957881
2026-05-01,Reliance Industries Ltd,RELIANCE.NS,1430.800048828125,1430.800048828125,1430.800048828125,1430.800048828125,0
2026-05-04,Reliance Industries Ltd,RELIANCE.NS,1433.4000244140625,1467.4000244140625,1433.4000244140625,1463.0999755859375,24035700
2026-05-05,Reliance Industries Ltd,RELIANCE.NS,1460.0,1473.4000244140625,1450.0,1463.5999755859375,23543341
2026-05-06,Reliance Industries Ltd,RELIANCE.NS,1463.0,1473.300048828125,1427.5,1437.9000244140625,14221786
2026-05-07,Reliance Industries Ltd,RELIANCE.NS,1438.800048828125,1449.5,1430.300048828125,1436.199951171875,19816903
2026-05-08,Reliance Industries Ltd,RELIANCE.NS,1426.0,1442.800048828125,1417.5,1435.199951171875,8663105
2026-05-11,Reliance Industries Ltd,RELIANCE.NS,1420.0,1428.0,1382.0,1388.199951171875,15261787
2026-05-12,Reliance Industries Ltd,RELIANCE.NS,1392.0,1393.5,1360.300048828125,1364.0,24357500
2026-05-13,Reliance Industries Ltd,RELIANCE.NS,1361.4000244140625,1372.4000244140625,1352.4000244140625,1358.800048828125,13797989
2026-05-14,Reliance Industries Ltd,RELIANCE.NS,1365.199951171875,1378.0,1358.4000244140625,1361.800048828125,17303059
2026-05-15,Reliance Industries Ltd,RELIANCE.NS,1356.800048828125,1364.800048828125,1329.199951171875,1336.4000244140625,19976192
2026-05-18,Reliance Industries Ltd,RELIANCE.NS,1334.0,1342.0,1318.699951171875,1335.9000244140625,13022473
2026-05-19,Reliance Industries Ltd,RELIANCE.NS,1338.699951171875,1344.0,1318.4000244140625,1322.699951171875,21665501
2026-05-20,Reliance Industries Ltd,RELIANCE.NS,1318.699951171875,1362.9000244140625,1312.5999755859375,1359.699951171875,13248515
2026-05-21,Reliance Industries Ltd,RELIANCE.NS,1367.199951171875,1370.9000244140625,1345.199951171875,1349.5999755859375,17150630
2026-05-22,Reliance Industries Ltd,RELIANCE.NS,1350.0,1367.4000244140625,1349.0999755859375,1354.5,7105813
2026-05-25,Reliance Industries Ltd,RELIANCE.NS,1366.800048828125,1371.0999755859375,1357.0,1367.0,6750071
2026-05-26,Reliance Industries Ltd,RELIANCE.NS,1360.0999755859375,1368.5,1352.4000244140625,1356.300048828125,13769747
2026-05-27,Reliance Industries Ltd,RELIANCE.NS,1353.0,1361.0,1348.5999755859375,1350.5,13215138
2026-05-28,Reliance Industries Ltd,RELIANCE.NS,1350.5,1350.5,1350.5,1350.5,0
2026-05-29,Reliance Industries Ltd,RELIANCE.NS,1364.0,1369.0,1317.0,1321.199951171875,42634247
2026-06-01,Reliance Industries Ltd,RELIANCE.NS,1332.5,1335.5,1318.5,1320.0,10700603
2026-06-02,Reliance Industries Ltd,RELIANCE.NS,1307.699951171875,1327.800048828125,1300.300048828125,1314.5999755859375,23302785
2026-06-03,Reliance Industries Ltd,RELIANCE.NS,1315.0,1324.0,1301.0,1313.199951171875,20012293
2026-06-04,Reliance Industries Ltd,RELIANCE.NS,1301.0,1311.199951171875,1293.0999755859375,1303.699951171875,23474327
2026-06-05,Reliance Industries Ltd,RELIANCE.NS,1304.5,1306.0,1288.0,1291.0,17785223
2026-06-08,Reliance Industries Ltd,RELIANCE.NS,1277.0,1282.5999755859375,1259.199951171875,1263.300048828125,16494759
2026-06-09,Reliance Industries Ltd,RELIANCE.NS,1269.0,1274.199951171875,1257.5,1269.199951171875,23620214
2026-06-10,Reliance Industries Ltd,RELIANCE.NS,1275.0,1300.5,1254.4000244140625,1258.800048828125,21012796
2026-06-11,Reliance Industries Ltd,RELIANCE.NS,1258.0,1276.0,1253.199951171875,1263.0,13117486
2026-06-12,Reliance Industries Ltd,RELIANCE.NS,1277.0,1297.0,1262.5,1293.0,11988785
2026-06-15,Reliance Industries Ltd,RELIANCE.NS,1315.300048828125,1325.0,1303.300048828125,1307.0,18633321
2026-06-16,Reliance Industries Ltd,RELIANCE.NS,1313.4000244140625,1333.4000244140625,1306.4000244140625,1328.800048828125,18513223
2026-06-17,Reliance Industries Ltd,RELIANCE.NS,1333.0,1334.0,1317.0,1332.699951171875,10029170
2026-06-18,Reliance Industries Ltd,RELIANCE.NS,1330.0,1333.9000244140625,1322.0,1328.0999755859375,15494549
2026-06-19,Reliance Industries Ltd,RELIANCE.NS,1328.0,1338.199951171875,1305.300048828125,1309.5,24887034
2026-06-22,Reliance Industries Ltd,RELIANCE.NS,1316.699951171875,1344.9000244140625,1314.0999755859375,1326.5,12931213
2026-06-23,Reliance Industries Ltd,RELIANCE.NS,1328.9000244140625,1333.0,1304.0,1309.5,15400184
2026-06-24,Reliance Industries Ltd,RELIANCE.NS,1305.699951171875,1322.0,1297.5,1313.5999755859375,11030917
2026-06-25,Reliance Industries Ltd,RELIANCE.NS,1318.0,1328.0,1314.5999755859375,1318.0999755859375,12694362
2026-06-26,Reliance Industries Ltd,RELIANCE.NS,1318.0999755859375,1318.0999755859375,1318.0999755859375,1318.0999755859375,0
2026-06-29,Reliance Industries Ltd,RELIANCE.NS,1308.0,1313.699951171875,1292.5999755859375,1301.0,13757656
2026-06-30,Reliance Industries Ltd,RELIANCE.NS,1306.9000244140625,1306.9000244140625,1290.0,1293.9000244140625,15695263
2026-07-01,Reliance Industries Ltd,RELIANCE.NS,1298.9000244140625,1312.199951171875,1296.5,1308.0,7001401
2026-07-02,Reliance Industries Ltd,RELIANCE.NS,1310.0,1313.199951171875,1299.0,1303.5,17795024
2026-07-03,Reliance Industries Ltd,RELIANCE.NS,1312.0,1312.0,1302.0,1304.0,7839550
2026-07-06,Reliance Industries Ltd,RELIANCE.NS,1304.0,1325.5999755859375,1299.4000244140625,1321.300048828125,7610709
2026-07-07,Reliance Industries Ltd,RELIANCE.NS,1323.5,1328.0,1304.0999755859375,1308.4000244140625,14335554
2026-07-08,Reliance Industries Ltd,RELIANCE.NS,1297.0,1302.300048828125,1271.5999755859375,1275.9000244140625,19960868
2026-07-09,Reliance Industries Ltd,RELIANCE.NS,1277.0999755859375,1296.5,1274.199951171875,1279.800048828125,14651963
2026-07-10,Reliance Industries Ltd,RELIANCE.NS,1291.9000244140625,1311.0999755859375,1287.800048828125,1307.800048828125,8412537
2026-07-13,Reliance Industries Ltd,RELIANCE.NS,1300.0,1306.4000244140625,1295.0,1296.9000244140625,9488352
2026-07-14,Reliance Industries Ltd,RELIANCE.NS,1290.0,1308.0,1286.9000244140625,1293.0,13511284
2026-07-15,Reliance Industries Ltd,RELIANCE.NS,1294.0999755859375,1310.9000244140625,1294.0999755859375,1295.5,9577965
2026-07-16,Reliance Industries Ltd,RELIANCE.NS,1295.5,1309.4000244140625,1291.800048828125,1296.5999755859375,15631046
2026-07-17,Reliance Industries Ltd,RELIANCE.NS,1300.0,1330.300048828125,1296.0999755859375,1327.199951171875,18302218
2026-07-20,Reliance Industries Ltd,RELIANCE.NS,1317.199951171875,1345.9000244140625,1314.9000244140625,1323.0999755859375,14305844
2026-07-21,Reliance Industries Ltd,RELIANCE.NS,1321.0,1326.9000244140625,1302.699951171875,1303.699951171875,12753410
2026-07-22,Reliance Industries Ltd,RELIANCE.NS,1302.0,1304.5999755859375,1280.699951171875,1288.5999755859375,10840383
2026-07-23,Reliance Industries Ltd,RELIANCE.NS,1283.0,1287.300048828125,1268.0,1272.199951171875,12580741
2026-07-24,Reliance Industries Ltd,RELIANCE.NS,1265.0,1283.4000244140625,1249.800048828125,1278.0,9817000
2026-07-27,Reliance Industries Ltd,RELIANCE.NS,1288.199951171875,1288.699951171875,1278.0,1280.0,7163132
2026-07-28,Reliance Industries Ltd,RELIANCE.NS,1275.0,1279.199951171875,1265.9000244140625,1267.699951171875,9312184
2026-07-29,Reliance Industries Ltd,RELIANCE.NS,1275.0,1282.4000244140625,1268.699951171875,1275.9000244140625,9448307
2026-07-30,Reliance Industries Ltd,RELIANCE.NS,1279.800048828125,1297.0,1275.300048828125,1292.9000244140625,12158451
2026-07-31,Reliance Industries Ltd,RELIANCE.NS,1295.0,1309.699951171875,1293.5999755859375,1307.800048828125,8624996
2026-08-03,Reliance Industries Ltd,RELIANCE.NS,1315.199951171875,1319.0,1306.0,1319.0,7508023
2026-08-04,Reliance Industries Ltd,RELIANCE.NS,1315.0,1315.0,1286.4000244140625,1290.9000244140625,10759546
2026-08-05,Reliance Industries Ltd,RELIANCE.NS,1293.0,1299.0,1270.0999755859375,1280.0,24820782
2026-08-06,Reliance Industries Ltd,RELIANCE.NS,1285.0,1325.199951171875,1281.199951171875,1325.0,20342297
2026-08-07,Reliance Industries Ltd,RELIANCE.NS,1320.0,1337.0,1316.5999755859375,1334.800048828125,9885638
2026-08-10,Reliance Industries Ltd,RELIANCE.NS,1330.0999755859375,1332.9000244140625,1321.300048828125,1327.300048828125,8207102
2026-08-11,Reliance Industries Ltd,RELIANCE.NS,1326.5999755859375,1328.699951171875,1314.0999755859375,1323.9000244140625,9953124
2026-08-12,Reliance Industries Ltd,RELIANCE.NS,1323.9000244140625,1329.0,1309.199951171875,1329.0,7901012
2026-08-13,Reliance Industries Ltd,RELIANCE.NS,1327.800048828125,1327.800048828125,1307.199951171875,1317.0,9397301
2026-08-14,Reliance Industries Ltd,RELIANCE.NS,1317.0,1317.5,1301.5,1310.0,10497358
2026-08-17,Reliance Industries Ltd,RELIANCE.NS,1314.0,1320.800048828125,1298.0999755859375,1316.0,13383867
2026-08-18,Reliance Industries Ltd,RELIANCE.NS,1314.0,1328.5999755859375,1311.199951171875,1322.0,10180567
2026-08-19,Reliance Industries Ltd,RELIANCE.NS,1320.300048828125,1321.5999755859375,1303.5,1311.0,7489365
2026-08-20,Reliance Industries Ltd,RELIANCE.NS,1315.5,1316.5,1307.0,1313.199951171875,5546227
2026-08-21,Reliance Industries Ltd,RELIANCE.NS,1314.0,1316.0,1308.0,1316.0,5434871
2026-08-24,Reliance Industries Ltd,RELIANCE.NS,1316.5999755859375,1320.0,1302.4000244140625,1309.800048828125,7277167
2026-08-25,Reliance Industries Ltd,RELIANCE.NS,1304.300048828125,1317.0999755859375,1300.0,1317.0,7115355
2026-08-26,Reliance Industries Ltd,RELIANCE.NS,1310.0,1315.5999755859375,1298.0,1298.0,5744474
2026-08-27,Reliance Industries Ltd,RELIANCE.NS,1305.0,1308.4000244140625,1282.199951171875,1282.199951171875,11271497
2026-08-28,Reliance Industries Ltd,RELIANCE.NS,1284.9000244140625,1291.800048828125,1280.0,1287.0,6830228
2026-08-31,Reliance Industries Ltd,RELIANCE.NS,1278.699951171875,1297.5999755859375,1271.0,1277.0,34871137
2026-09-01,Reliance Industries Ltd,RELIANCE.NS,1285.0,1311.800048828125,1280.0,1309.0,12617528
2026-09-02,Reliance Industries Ltd,RELIANCE.NS,1298.0,1321.9000244140625,1293.0999755859375,1313.0999755859375,13497841
2026-09-03,Reliance Industries Ltd,RELIANCE.NS,1313.0999755859375,1316.800048828125,1302.5,1302.5,9721454
2026-09-04,Reliance Industries Ltd,RELIANCE.NS,1304.0999755859375,1333.0,1304.0999755859375,1322.0,13031534
2026-09-07,Reliance Industries Ltd,RELIANCE.NS,1323.0999755859375,1324.199951171875,1301.9000244140625,1309.5,10210522
2026-09-08,Reliance Industries Ltd,RELIANCE.NS,1304.0999755859375,1306.800048828125,1288.0,1294.9000244140625,9799528
2026-09-09,Reliance Industries Ltd,RELIANCE.NS,1283.5,1294.699951171875,1277.199951171875,1279.0,12152819
2026-09-10,Reliance Industries Ltd,RELIANCE.NS,1278.5,1285.300048828125,1266.300048828125,1274.0,9296079
2026-09-11,Reliance Industries Ltd,RELIANCE.NS,1267.0,1267.4000244140625,1253.0,1257.5,8777736
2026-09-14,Reliance Industries Ltd,RELIANCE.NS,1257.5,1257.5,1257.5,1257.5,0
2026-09-15,Reliance Industries Ltd,RELIANCE.NS,1252.5,1259.4000244140625,1235.300048828125,1235.300048828125,13754376
2026-09-16,Reliance Industries Ltd,RELIANCE.NS,1243.0,1255.0,1240.0,1240.0,10023997
2026-09-17,Reliance Industries Ltd,RELIANCE.NS,1244.800048828125,1253.4000244140625,1238.5,1243.9000244140625,7752895
2026-09-18,Reliance Industries Ltd,RELIANCE.NS,1245.0,1247.300048828125,1226.4000244140625,1226.4000244140625,15122715
2026-09-21,Reliance Industries Ltd,RELIANCE.NS,1234.0999755859375,1249.0999755859375,1232.5,1247.4000244140625,10007218
2026-09-22,Reliance Industries Ltd,RELIANCE.NS,1247.5999755859375,1251.9000244140625,1237.4000244140625,1240.4000244140625,10684376
2026-09-23,Reliance Industries Ltd,RELIANCE.NS,1242.0,1252.800048828125,1238.9000244140625,1248.0,8352048
2026-09-24,Reliance Industries Ltd,RELIANCE.NS,1236.5999755859375,1241.5999755859375,1219.199951171875,1219.199951171875,13923795
2026-09-25,Reliance Industries Ltd,RELIANCE.NS,1210.5,1227.4000244140625,1210.5,1226.0,13138735
2026-09-28,Reliance Industries Ltd,RELIANCE.NS,1218.0,1219.699951171875,1197.0,1197.5999755859375,13602349
2026-09-29,Reliance Industries Ltd,RELIANCE.NS,1193.800048828125,1198.300048828125,1181.800048828125,1182.0,24191416
2026-09-30,Reliance Industries Ltd,RELIANCE.NS,1182.0,1196.5,1181.699951171875,1187.0,16376789
2026-10-01,Reliance Industries Ltd,RELIANCE.NS,1180.0999755859375,1183.9000244140625,1160.800048828125,1167.699951171875,16771221
2025-10-03,State Bank of India,SBIN.NS,865.1500244140625,873.0,863.7999877929688,867.2999877929688,8019442
2025-10-06,State Bank of India,SBIN.NS,868.0,875.2999877929688,862.7999877929688,874.0499877929688,7820352
2025-10-07,State Bank of India,SBIN.NS,874.1500244140625,877.0,863.0,864.7000122070312,9242580
2025-10-08,State Bank of India,SBIN.NS,866.7999877929688,867.7999877929688,857.25,858.25,7156112
2025-10-09,State Bank of India,SBIN.NS,861.5999755859375,865.7999877929688,858.0999755859375,862.0999755859375,7020501
2025-10-10,State Bank of India,SBIN.NS,862.0999755859375,883.75,861.2999877929688,880.6500244140625,13713015
2025-10-13,State Bank of India,SBIN.NS,879.0,888.0999755859375,876.0,882.9500122070312,11923143
2025-10-14,State Bank of India,SBIN.NS,883.0,884.1500244140625,872.0999755859375,876.9500122070312,7681973
2025-10-15,State Bank of India,SBIN.NS,878.0999755859375,887.5,877.0499877929688,886.0999755859375,8269225
2025-10-16,State Bank of India,SBIN.NS,888.2999877929688,891.8499755859375,882.4500122070312,886.9500122070312,8493686
2025-10-17,State Bank of India,SBIN.NS,887.5,894.75,883.0,889.1500244140625,8511854
2025-10-20,State Bank of India,SBIN.NS,894.5999755859375,913.6500244140625,891.0499877929688,907.5,13546463
2025-10-21,State Bank of India,SBIN.NS,908.0,910.0,906.4000244140625,907.8499755859375,1783576
2025-10-23,State Bank of India,SBIN.NS,912.0,918.0,904.7999877929688,911.5499877929688,13382769
2025-10-24,State Bank of India,SBIN.NS,910.9500122070312,914.0999755859375,900.9500122070312,904.5,5313227
2025-10-27,State Bank of India,SBIN.NS,906.9500122070312,928.0,906.0,922.75,9150761
2025-10-28,State Bank of India,SBIN.NS,927.0999755859375,935.8499755859375,917.7000122070312,930.25,22066289
2025-10-29,State Bank of India,SBIN.NS,933.9000244140625,942.0499877929688,930.25,939.75,12314222
2025-10-30,State Bank of India,SBIN.NS,939.4500122070312,944.9000244140625,933.0499877929688,934.3499755859375,13044473
2025-10-31,State Bank of India,SBIN.NS,934.9000244140625,946.7000122070312,930.25,937.0,12078252
2025-11-03,State Bank of India,SBIN.NS,938.75,953.4000244140625,937.5,949.7000122070312,11744735
2025-11-04,State Bank of India,SBIN.NS,951.0,959.2999877929688,941.5,957.5999755859375,19154518
2025-11-06,State Bank of India,SBIN.NS,969.6500244140625,971.4000244140625,955.2999877929688,960.75,23088096
2025-11-07,State Bank of India,SBIN.NS,958.75,964.8499755859375,944.0,955.8499755859375,13371323
2025-11-10,State Bank of India,SBIN.NS,956.0,963.2000122070312,949.0999755859375,951.1500244140625,7343249
2025-11-11,State Bank of India,SBIN.NS,953.5999755859375,954.9500122070312,945.0499877929688,953.2999877929688,8648917
2025-11-12,State Bank of India,SBIN.NS,957.7000122070312,961.5499877929688,951.4000244140625,957.1500244140625,7043323
2025-11-13,State Bank of India,SBIN.NS,954.25,963.9500122070312,952.4500122070312,954.0,8894441
2025-11-14,State Bank of India,SBIN.NS,952.9500122070312,969.0499877929688,952.0,967.8499755859375,11032927
2025-11-17,State Bank of India,SBIN.NS,971.0,976.0,968.5,973.3499755859375,7415026
2025-11-18,State Bank of India,SBIN.NS,975.5999755859375,976.7000122070312,968.8499755859375,972.4500122070312,6594686
2025-11-19,State Bank of India,SBIN.NS,972.4500122070312,984.4500122070312,968.7999877929688,982.75,8291226
2025-11-20,State Bank of India,SBIN.NS,986.0,986.5999755859375,979.3499755859375,981.5499877929688,6440857
2025-11-21,State Bank of India,SBIN.NS,979.7000122070312,980.5999755859375,971.0499877929688,972.5999755859375,5377241
2025-11-24,State Bank of India,SBIN.NS,975.5499877929688,977.7000122070312,968.0499877929688,970.5999755859375,9901946
2025-11-25,State Bank of India,SBIN.NS,975.5499877929688,988.9500122070312,971.3499755859375,983.5999755859375,9140201
2025-11-26,State Bank of India,SBIN.NS,986.5999755859375,999.0,982.1500244140625,983.9000244140625,13943490
2025-11-27,State Bank of India,SBIN.NS,986.7000122070312,988.5499877929688,968.9000244140625,972.8499755859375,11909168
2025-11-28,State Bank of India,SBIN.NS,976.7999877929688,983.0,973.0499877929688,979.0,8117842
2025-12-01,State Bank of India,SBIN.NS,985.4500122070312,991.2000122070312,969.8499755859375,973.0999755859375,8808306
2025-12-02,State Bank of India,SBIN.NS,976.0,980.4500122070312,964.9000244140625,967.2999877929688,13444314
2025-12-03,State Bank of India,SBIN.NS,970.4500122070312,972.5499877929688,947.5499877929688,951.0499877929688,14051968
2025-12-04,State Bank of India,SBIN.NS,951.0499877929688,952.5499877929688,944.4500122070312,948.0999755859375,13622724
2025-12-05,State Bank of India,SBIN.NS,948.8499755859375,973.2999877929688,946.7000122070312,971.5,17347847
2025-12-08,State Bank of India,SBIN.NS,970.8499755859375,972.5,951.7000122070312,956.4000244140625,15386438
2025-12-09,State Bank of India,SBIN.NS,954.7999877929688,964.0,950.4500122070312,959.3499755859375,9580294
2025-12-10,State Bank of India,SBIN.NS,960.0999755859375,963.9500122070312,955.25,959.75,6989178
2025-12-11,State Bank of India,SBIN.NS,962.0999755859375,966.5,958.4500122070312,963.25,5979035
2025-12-12,State Bank of India,SBIN.NS,966.0,967.0,958.0,963.1500244140625,5681930
2025-12-15,State Bank of India,SBIN.NS,957.25,968.8499755859375,957.25,967.25,4416952
2025-12-16,State Bank of India,SBIN.NS,966.0499877929688,969.0,958.0499877929688,961.1500244140625,4764786
2025-12-17,State Bank of India,SBIN.NS,965.5499877929688,978.5,964.2999877929688,975.8499755859375,8013382
2025-12-18,State Bank of India,SBIN.NS,977.9000244140625,981.4500122070312,973.5,977.5499877929688,4926879
2025-12-19,State Bank of India,SBIN.NS,979.9500122070312,982.0,977.0499877929688,980.2999877929688,5376584
2025-12-22,State Bank of India,SBIN.NS,981.0999755859375,983.0,972.5499877929688,974.2999877929688,5959037
2025-12-23,State Bank of India,SBIN.NS,976.2999877929688,977.5499877929688,970.7000122070312,971.9000244140625,5123287
2025-12-24,State Bank of India,SBIN.NS,973.2000122070312,977.2999877929688,967.5,968.9500122070312,4105643
2025-12-26,State Bank of India,SBIN.NS,968.9500122070312,971.0,964.75,966.2999877929688,3286321
2025-12-29,State Bank of India,SBIN.NS,966.9000244140625,968.9000244140625,961.4500122070312,965.0499877929688,5267233
2025-12-30,State Bank of India,SBIN.NS,963.0,976.2000122070312,959.5,973.4500122070312,15030644
2025-12-31,State Bank of India,SBIN.NS,975.25,985.6500244140625,973.5,982.2000122070312,5807630
2026-01-01,State Bank of India,SBIN.NS,983.2000122070312,987.6500244140625,980.3499755859375,984.75,4328348
2026-01-02,State Bank of India,SBIN.NS,984.5,1009.5,983.9500122070312,998.9500122070312,7357435
2026-01-05,State Bank of India,SBIN.NS,1000.0,1015.5,1000.0,1005.5499877929688,11259060
2026-01-06,State Bank of India,SBIN.NS,1007.9500122070312,1024.0,1004.9500122070312,1018.9000244140625,9575742
2026-01-07,State Bank of India,SBIN.NS,1022.7000122070312,1022.7000122070312,1004.0,1007.1500244140625,7896720
2026-01-08,State Bank of India,SBIN.NS,1006.5999755859375,1011.5999755859375,995.8499755859375,998.0,6854268
2026-01-09,State Bank of India,SBIN.NS,996.0,1008.0,994.0,1000.5,7809460
2026-01-12,State Bank of India,SBIN.NS,1008.0,1017.25,996.0,1015.1500244140625,7617922
2026-01-13,State Bank of India,SBIN.NS,1022.7999877929688,1029.5,1016.0,1028.449951171875,11016895
2026-01-14,State Bank of India,SBIN.NS,1030.0,1030.4000244140625,1020.5,1028.3499755859375,7370514
2026-01-15,State Bank of India,SBIN.NS,1028.3499755859375,1028.3499755859375,1028.3499755859375,1028.3499755859375,0
2026-01-16,State Bank of India,SBIN.NS,1032.0,1047.449951171875,1028.4000244140625,1042.300048828125,11051580
2026-01-19,State Bank of India,SBIN.NS,1035.0,1043.5999755859375,1034.0,1038.4000244140625,5460164
2026-01-20,State Bank of India,SBIN.NS,1039.75,1052.0,1033.050048828125,1036.4000244140625,8905718
2026-01-21,State Bank of India,SBIN.NS,1032.0,1040.5999755859375,1022.0,1028.6500244140625,7408949
2026-01-22,State Bank of India,SBIN.NS,1035.0,1055.5,1034.050048828125,1048.3499755859375,12001641
2026-01-23,State Bank of India,SBIN.NS,1051.9000244140625,1053.0,1025.5999755859375,1029.5,10917698
2026-01-27,State Bank of India,SBIN.NS,1034.0999755859375,1055.0,1030.25,1053.1500244140625,14420630
2026-01-28,State Bank of India,SBIN.NS,1059.4000244140625,1065.5999755859375,1044.1500244140625,1063.5,12171257
2026-01-29,State Bank of India,SBIN.NS,1063.0,1075.0,1060.300048828125,1066.199951171875,14800724
2026-01-30,State Bank of India,SBIN.NS,1064.0,1082.5,1060.4000244140625,1077.1500244140625,9480769
2026-02-02,State Bank of India,SBIN.NS,1019.9000244140625,1031.300048828125,990.0,1028.699951171875,14434549
2026-02-03,State Bank of India,SBIN.NS,1087.0,1089.800048828125,1040.300048828125,1064.199951171875,16129381
2026-02-04,State Bank of India,SBIN.NS,1064.199951171875,1073.9000244140625,1056.300048828125,1068.199951171875,7312276
2026-02-05,State Bank of India,SBIN.NS,1068.199951171875,1081.0,1067.5,1073.5,9551567
2026-02-06,State Bank of India,SBIN.NS,1070.0,1073.5999755859375,1051.0,1066.4000244140625,7041557
2026-02-09,State Bank of India,SBIN.NS,1120.0,1150.0,1100.5,1146.0,40852966
2026-02-10,State Bank of India,SBIN.NS,1151.0,1154.0,1138.0999755859375,1144.0999755859375,17280036
2026-02-11,State Bank of India,SBIN.NS,1144.699951171875,1187.5,1142.800048828125,1182.9000244140625,29491859
2026-02-12,State Bank of India,SBIN.NS,1183.0,1203.699951171875,1174.800048828125,1192.4000244140625,33214985
2026-02-13,State Bank of India,SBIN.NS,1189.0,1201.0,1184.5,1198.5999755859375,18141390
2026-02-16,State Bank of India,SBIN.NS,1194.0,1212.300048828125,1185.300048828125,1208.0999755859375,14972739
2026-02-17,State Bank of India,SBIN.NS,1206.0999755859375,1225.5,1204.0999755859375,1213.4000244140625,20107196
2026-02-18,State Bank of India,SBIN.NS,1218.800048828125,1224.0999755859375,1214.0,1218.9000244140625,10417264
2026-02-19,State Bank of India,SBIN.NS,1222.9000244140625,1224.9000244140625,1199.199951171875,1205.699951171875,9630899
2026-02-20,State Bank of India,SBIN.NS,1206.199951171875,1218.0,1201.800048828125,1216.0999755859375,9958162
2026-02-23,State Bank of India,SBIN.NS,1222.0,1231.0999755859375,1217.0999755859375,1227.800048828125,9733835
2026-02-24,State Bank of India,SBIN.NS,1232.0,1234.699951171875,1219.699951171875,1223.300048828125,15788449
2026-02-25,State Bank of India,SBIN.NS,1228.0999755859375,1228.0999755859375,1197.5,1200.0999755859375,19581100
2026-02-26,State Bank of India,SBIN.NS,1201.0,1215.4000244140625,1188.9000244140625,1209.5,16196052
2026-02-27,State Bank of India,SBIN.NS,1207.0,1211.800048828125,1198.5999755859375,1201.699951171875,10700355
2026-03-02,State Bank of India,SBIN.NS,1185.0,1197.300048828125,1179.4000244140625,1189.9000244140625,16270835
2026-03-04,State Bank of India,SBIN.NS,1172.0999755859375,1182.699951171875,1157.5999755859375,1174.5,13855065
2026-03-05,State Bank of India,SBIN.NS,1181.0,1183.199951171875,1150.5999755859375,1169.5,22100665
2026-03-06,State Bank of India,SBIN.NS,1168.5,1169.300048828125,1138.0,1143.0,20333328
2026-03-09,State Bank of India,SBIN.NS,1115.0,1115.0,1064.300048828125,1098.5,24631198
2026-03-10,State Bank of India,SBIN.NS,1111.0999755859375,1119.9000244140625,1104.5,1112.199951171875,17491459
2026-03-11,State Bank of India,SBIN.NS,1113.4000244140625,1115.9000244140625,1088.0,1091.0999755859375,8364878
2026-03-12,State Bank of India,SBIN.NS,1075.0999755859375,1098.0,1070.5,1085.199951171875,14614140
2026-03-13,State Bank of India,SBIN.NS,1077.5,1081.300048828125,1042.300048828125,1047.0,15978675
2026-03-16,State Bank of India,SBIN.NS,1048.699951171875,1073.0,1036.0999755859375,1066.699951171875,15322269
2026-03-17,State Bank of India,SBIN.NS,1073.9000244140625,1073.9000244140625,1047.0,1064.699951171875,16427877
2026-03-18,State Bank of India,SBIN.NS,1067.5,1075.4000244140625,1061.300048828125,1069.800048828125,10749915
2026-03-19,State Bank of India,SBIN.NS,1049.5,1059.699951171875,1041.0,1048.9000244140625,13431191
2026-03-20,State Bank of India,SBIN.NS,1058.4000244140625,1085.0,1054.0,1058.0,17748625
2026-03-23,State Bank of India,SBIN.NS,1039.0,1045.5999755859375,1014.2000122070312,1031.9000244140625,16039603
2026-03-24,State Bank of India,SBIN.NS,1055.199951171875,1059.0,1020.0,1030.800048828125,30416734
2026-03-25,State Bank of India,SBIN.NS,1043.0,1065.5,1043.0,1060.5999755859375,16205333
2026-03-27,State Bank of India,SBIN.NS,1051.300048828125,1055.300048828125,1013.0,1019.5,20445349
2026-03-30,State Bank of India,SBIN.NS,1005.0,1009.4000244140625,975.7999877929688,979.4000244140625,21438137
2026-04-01,State Bank of India,SBIN.NS,1008.0,1031.0,998.4500122070312,1017.7999877929688,17424479
2026-04-02,State Bank of India,SBIN.NS,1000.0,1026.0,977.9000244140625,1018.4000244140625,20777629
2026-04-06,State Bank of India,SBIN.NS,1020.0,1035.699951171875,1005.0499877929688,1032.75,23576634
2026-04-07,State Bank of India,SBIN.NS,1025.0,1033.699951171875,1012.0,1030.4000244140625,15021291
2026-04-08,State Bank of India,SBIN.NS,1074.0,1077.800048828125,1059.449951171875,1061.449951171875,28533742
2026-04-09,State Bank of India,SBIN.NS,1060.0999755859375,1064.3499755859375,1038.300048828125,1040.949951171875,24772948
2026-04-10,State Bank of India,SBIN.NS,1049.0,1069.449951171875,1046.1500244140625,1066.699951171875,17861336
2026-04-13,State Bank of India,SBIN.NS,1042.0,1067.25,1030.0,1063.550048828125,17763348
2026-04-15,State Bank of India,SBIN.NS,1076.0,1088.0,1068.199951171875,1071.5,16195810
2026-04-16,State Bank of India,SBIN.NS,1078.0,1084.1500244140625,1062.0,1067.1500244140625,20313165
2026-04-17,State Bank of India,SBIN.NS,1067.0,1082.1500244140625,1060.0,1080.25,16823879
2026-04-20,State Bank of India,SBIN.NS,1080.300048828125,1120.949951171875,1075.8499755859375,1107.8499755859375,31179584
2026-04-21,State Bank of India,SBIN.NS,1113.4000244140625,1114.75,1105.949951171875,1111.8499755859375,16963734
2026-04-22,State Bank of India,SBIN.NS,1110.0,1117.8499755859375,1100.0999755859375,1103.300048828125,12412659
2026-04-23,State Bank of India,SBIN.NS,1095.0,1101.9000244140625,1082.199951171875,1094.25,13669001
2026-04-24,State Bank of India,SBIN.NS,1091.3499755859375,1106.0,1090.050048828125,1101.0999755859375,13774745
2026-04-27,State Bank of India,SBIN.NS,1110.949951171875,1114.800048828125,1103.4000244140625,1111.8499755859375,11624385
2026-04-28,State Bank of India,SBIN.NS,1102.300048828125,1110.5,1089.1500244140625,1091.300048828125,10727835
2026-04-29,State Bank of India,SBIN.NS,1094.0,1105.0,1084.25,1086.9000244140625,10611104
2026-04-30,State Bank of India,SBIN.NS,1075.0,1077.699951171875,1063.0,1068.449951171875,14269539
2026-05-01,State Bank of India,SBIN.NS,1068.449951171875,1068.449951171875,1068.449951171875,1068.449951171875,0
2026-05-04,State Bank of India,SBIN.NS,1063.5999755859375,1089.0999755859375,1063.5999755859375,1068.4000244140625,11693211
2026-05-05,State Bank of India,SBIN.NS,1060.5999755859375,1068.5,1049.4000244140625,1059.9000244140625,12194631
2026-05-06,State Bank of India,SBIN.NS,1072.0,1101.0999755859375,1061.199951171875,1096.0,14384779
2026-05-07,State Bank of India,SBIN.NS,1106.0,1108.0,1086.0999755859375,1092.0,16105163
2026-05-08,State Bank of India,SBIN.NS,1090.0,1095.0,1010.9000244140625,1019.2999877929688,48065909
2026-05-11,State Bank of India,SBIN.NS,1007.0,1007.0,971.0999755859375,973.5999755859375,46927396
2026-05-12,State Bank of India,SBIN.NS,976.9000244140625,981.4000244140625,962.4000244140625,974.5999755859375,25787092
2026-05-13,State Bank of India,SBIN.NS,978.0,981.2000122070312,961.2000122070312,970.0999755859375,17584580
2026-05-14,State Bank of India,SBIN.NS,973.5,987.0,963.5999755859375,979.9000244140625,16487142
2026-05-15,State Bank of India,SBIN.NS,971.2000122070312,972.5,957.0,963.2000122070312,26972493
2026-05-18,State Bank of India,SBIN.NS,952.0,954.9000244140625,933.9000244140625,939.4000244140625,16554877
2026-05-19,State Bank of India,SBIN.NS,942.0,956.5999755859375,939.5,948.7999877929688,17280869
2026-05-20,State Bank of India,SBIN.NS,941.0999755859375,955.0,935.0,950.9000244140625,11928460
2026-05-21,State Bank of India,SBIN.NS,957.0,960.9000244140625,946.5,950.9000244140625,11756520
2026-05-22,State Bank of India,SBIN.NS,950.9000244140625,958.5999755859375,947.7000122070312,949.2000122070312,7807192
2026-05-25,State Bank of India,SBIN.NS,959.9000244140625,972.5,957.5,969.5999755859375,10934747
2026-05-26,State Bank of India,SBIN.NS,969.9000244140625,978.7999877929688,962.0999755859375,968.5,16269800
2026-05-27,State Bank of India,SBIN.NS,969.7999877929688,975.9000244140625,966.5999755859375,967.7999877929688,8111259
2026-05-28,State Bank of India,SBIN.NS,967.7999877929688,967.7999877929688,967.7999877929688,967.7999877929688,0
2026-05-29,State Bank of India,SBIN.NS,967.7999877929688,973.7000122070312,960.2999877929688,964.4000244140625,22292535
2026-06-01,State Bank of India,SBIN.NS,966.25,970.25,950.0999755859375,954.0999755859375,11118975
2026-06-02,State Bank of India,SBIN.NS,950.9500122070312,961.2999877929688,939.9000244140625,956.6500244140625,15911760
2026-06-03,State Bank of India,SBIN.NS,953.75,974.0,937.2000122070312,970.4500122070312,27947005
2026-06-04,State Bank of India,SBIN.NS,969.9000244140625,985.7999877929688,961.0999755859375,979.25,18875883
2026-06-05,State Bank of India,SBIN.NS,980.0,992.5999755859375,970.5999755859375,977.7000122070312,20955539
2026-06-08,State Bank of India,SBIN.NS,966.0,988.6500244140625,965.1500244140625,981.9500122070312,12895416
2026-06-09,State Bank of India,SBIN.NS,985.0,1009.0,983.0,1002.7000122070312,22142480
2026-06-10,State Bank of India,SBIN.NS,1002.7000122070312,1012.4000244140625,999.5,1003.25,19122317
2026-06-11,State Bank of India,SBIN.NS,998.0999755859375,1009.4000244140625,993.0,1000.7000122070312,13773978
2026-06-12,State Bank of India,SBIN.NS,1018.0,1018.7000122070312,1004.3499755859375,1017.1500244140625,11081119
2026-06-15,State Bank of India,SBIN.NS,1034.0,1034.0,1018.5,1020.8499755859375,12463437
2026-06-16,State Bank of India,SBIN.NS,1023.7999877929688,1026.550048828125,1007.4000244140625,1015.2999877929688,9693677
2026-06-17,State Bank of India,SBIN.NS,1017.0,1028.0999755859375,1013.4500122070312,1026.5,8190062
2026-06-18,State Bank of India,SBIN.NS,1027.9000244140625,1045.699951171875,1024.449951171875,1042.699951171875,11048009
2026-06-19,State Bank of India,SBIN.NS,1042.0,1042.0,1029.300048828125,1035.0999755859375,9099878
2026-06-22,State Bank of India,SBIN.NS,1038.0,1043.0,1033.5999755859375,1040.75,6209440
2026-06-23,State Bank of India,SBIN.NS,1041.0,1045.5,1022.3499755859375,1024.199951171875,10411004
2026-06-24,State Bank of India,SBIN.NS,1024.0,1044.5,1020.5,1034.5999755859375,11724076
2026-06-25,State Bank of India,SBIN.NS,1040.0,1055.4000244140625,1038.550048828125,1045.4000244140625,16002360
2026-06-26,State Bank of India,SBIN.NS,1045.4000244140625,1045.4000244140625,1045.4000244140625,1045.4000244140625,0
2026-06-29,State Bank of India,SBIN.NS,1044.449951171875,1046.4000244140625,1030.8499755859375,1036.0999755859375,16818246
2026-06-30,State Bank of India,SBIN.NS,1040.0,1044.0,1025.050048828125,1026.9000244140625,11161643
2026-07-01,State Bank of India,SBIN.NS,1031.0,1049.9000244140625,1025.5,1047.4000244140625,6295315
2026-07-02,State Bank of India,SBIN.NS,1050.9000244140625,1059.800048828125,1045.0,1051.5999755859375,14682790
2026-07-03,State Bank of India,SBIN.NS,1055.0,1057.0,1034.5,1040.0,10441493
2026-07-06,State Bank of India,SBIN.NS,1041.9000244140625,1048.4000244140625,1036.5,1037.699951171875,8761017
2026-07-07,State Bank of India,SBIN.NS,1039.300048828125,1049.5999755859375,1035.5,1038.0999755859375,11053574
2026-07-08,State Bank of India,SBIN.NS,1029.5999755859375,1038.300048828125,1011.7000122070312,1016.9000244140625,14141694
2026-07-09,State Bank of India,SBIN.NS,1019.7999877929688,1031.699951171875,1019.2999877929688,1022.0999755859375,7661699
2026-07-10,State Bank of India,SBIN.NS,1029.5,1047.800048828125,1023.5,1036.0,8792150
2026-07-13,State Bank of India,SBIN.NS,1023.5,1042.9000244140625,1022.0999755859375,1037.0,8381510
2026-07-14,State Bank of India,SBIN.NS,1033.300048828125,1033.699951171875,1011.4000244140625,1015.4000244140625,11562326
2026-07-15,State Bank of India,SBIN.NS,1015.5,1036.0,1013.7000122070312,1030.0999755859375,14275394
2026-07-16,State Bank of India,SBIN.NS,1030.0999755859375,1036.0,1027.300048828125,1031.199951171875,7708316
2026-07-17,State Bank of India,SBIN.NS,1030.5999755859375,1048.0,1028.300048828125,1044.300048828125,8452780
2026-07-20,State Bank of India,SBIN.NS,1041.5999755859375,1065.0,1038.300048828125,1060.0,16540411
2026-07-21,State Bank of India,SBIN.NS,1056.199951171875,1067.0,1042.800048828125,1044.4000244140625,10514887
2026-07-22,State Bank of India,SBIN.NS,1044.4000244140625,1044.4000244140625,1019.2000122070312,1025.0,11227214
2026-07-23,State Bank of India,SBIN.NS,1022.0,1023.0999755859375,1006.5,1012.5999755859375,8910230
2026-07-24,State Bank of India,SBIN.NS,1006.0,1017.7999877929688,1000.7999877929688,1015.0,13797053
2026-07-27,State Bank of India,SBIN.NS,1020.2999877929688,1023.7000122070312,1015.9000244140625,1020.5999755859375,6093002
2026-07-28,State Bank of India,SBIN.NS,1018.0,1022.0,1008.2999877929688,1013.2000122070312,9873370
2026-07-29,State Bank of India,SBIN.NS,1020.0,1020.2000122070312,1012.0,1013.7000122070312,4792964
2026-07-30,State Bank of India,SBIN.NS,1013.5,1028.300048828125,1007.5999755859375,1025.300048828125,6847458
2026-07-31,State Bank of India,SBIN.NS,1028.0999755859375,1034.300048828125,1023.5,1027.4000244140625,10921417
2026-08-03,State Bank of India,SBIN.NS,1035.0,1051.5,1031.5999755859375,1045.0,10507450
2026-08-04,State Bank of India,SBIN.NS,1047.5999755859375,1047.5999755859375,1030.9000244140625,1042.699951171875,8544184
2026-08-05,State Bank of India,SBIN.NS,1043.0,1055.0,1040.300048828125,1055.0,8707119
2026-08-06,State Bank of India,SBIN.NS,1052.5,1088.0999755859375,1052.5,1085.0,13822265
2026-08-07,State Bank of India,SBIN.NS,1080.0999755859375,1124.5,1075.699951171875,1097.199951171875,29410622
2026-08-10,State Bank of India,SBIN.NS,1108.0,1113.300048828125,1068.5999755859375,1071.0,16623448
2026-08-11,State Bank of India,SBIN.NS,1071.0,1071.0,1060.4000244140625,1066.0,9456913
2026-08-12,State Bank of India,SBIN.NS,1066.0,1085.5,1066.0,1082.0,17673922
2026-08-13,State Bank of India,SBIN.NS,1083.0,1086.800048828125,1073.0,1083.0,9502483
2026-08-14,State Bank of India,SBIN.NS,1082.0,1082.0,1065.0999755859375,1067.699951171875,6273501
2026-08-17,State Bank of India,SBIN.NS,1064.199951171875,1068.800048828125,1052.4000244140625,1061.199951171875,7039473
2026-08-18,State Bank of India,SBIN.NS,1059.5999755859375,1067.699951171875,1053.0,1053.0,5583771
2026-08-19,State Bank of India,SBIN.NS,1053.199951171875,1054.800048828125,1041.4000244140625,1048.5999755859375,7182636
2026-08-20,State Bank of India,SBIN.NS,1052.9000244140625,1052.9000244140625,1045.699951171875,1048.0,5879949
2026-08-21,State Bank of India,SBIN.NS,1052.699951171875,1054.699951171875,1040.0999755859375,1048.699951171875,6534213
2026-08-24,State Bank of India,SBIN.NS,1047.9000244140625,1047.9000244140625,1032.0999755859375,1039.5,8868193
2026-08-25,State Bank of India,SBIN.NS,1036.0,1048.0,1031.300048828125,1048.0,9982723
2026-08-26,State Bank of India,SBIN.NS,1051.4000244140625,1062.300048828125,1051.199951171875,1052.0,5858099
2026-08-27,State Bank of India,SBIN.NS,1052.0,1054.4000244140625,1042.9000244140625,1042.9000244140625,4788716
2026-08-28,State Bank of India,SBIN.NS,1046.0,1051.199951171875,1040.5,1047.5,4969272
2026-08-31,State Bank of India,SBIN.NS,1041.199951171875,1060.0,1034.5,1060.0,5138732
2026-09-01,State Bank of India,SBIN.NS,1051.300048828125,1051.300048828125,1027.0999755859375,1034.5,7605132
2026-09-02,State Bank of India,SBIN.NS,1026.0,1035.300048828125,1017.2999877929688,1020.9000244140625,13843678
2026-09-03,State Bank of India,SBIN.NS,1028.9000244140625,1036.0,1021.0999755859375,1023.4000244140625,7371804
2026-09-04,State Bank of India,SBIN.NS,1026.0,1029.199951171875,1016.0999755859375,1016.0999755859375,6724566
2026-09-07,State Bank of India,SBIN.NS,1020.7999877929688,1021.7000122070312,1000.5999755859375,1005.9000244140625,10220001
2026-09-08,State Bank of India,SBIN.NS,1004.9000244140625,1011.2000122070312,1002.0999755859375,1008.0,7084768
2026-09-09,State Bank of India,SBIN.NS,999.0,1012.2000122070312,992.4000244140625,1000.5,7091386
2026-09-10,State Bank of India,SBIN.NS,1002.0,1011.9000244140625,1001.0,1009.7000122070312,5504031
2026-09-11,State Bank of India,SBIN.NS,1000.0,1001.9000244140625,993.0,995.7000122070312,7771109
2026-09-14,State Bank of India,SBIN.NS,995.7000122070312,995.7000122070312,995.7000122070312,995.7000122070312,0
2026-09-15,State Bank of India,SBIN.NS,994.0,999.7999877929688,968.0,968.0,10004115
2026-09-16,State Bank of India,SBIN.NS,976.0,991.4000244140625,973.2000122070312,991.4000244140625,8609956
2026-09-17,State Bank of India,SBIN.NS,991.2000122070312,1000.9000244140625,985.2000122070312,988.7000122070312,8624398
2026-09-18,State Bank of India,SBIN.NS,992.0,996.2000122070312,985.0999755859375,996.2000122070312,5699456
2026-09-21,State Bank of India,SBIN.NS,993.5999755859375,997.5,989.0999755859375,996.0,3590054
2026-09-22,State Bank of India,SBIN.NS,999.0999755859375,1000.0999755859375,981.2999877929688,987.0,6126235
2026-09-23,State Bank of India,SBIN.NS,987.0,996.4000244140625,986.4000244140625,994.0999755859375,4522248
2026-09-24,State Bank of India,SBIN.NS,982.2999877929688,992.0,975.7999877929688,978.5,13724672
2026-09-25,State Bank of India,SBIN.NS,980.7999877929688,985.7000122070312,977.0,983.0,3759097
2026-09-28,State Bank of India,SBIN.NS,980.0999755859375,982.5,956.0999755859375,962.0,9846646
2026-09-29,State Bank of India,SBIN.NS,960.9000244140625,968.0999755859375,953.0,964.7000122070312,26781498
2026-09-30,State Bank of India,SBIN.NS,964.7000122070312,972.7999877929688,959.5,959.5,8010571
2026-10-01,State Bank of India,SBIN.NS,953.0999755859375,965.4000244140625,945.7999877929688,954.0999755859375,7390452
2025-10-03,Tata Consultancy Services Ltd,TCS.NS,2924.0,2924.0,2891.10009765625,2901.89990234375,2899519
2025-10-06,Tata Consultancy Services Ltd,TCS.NS,2902.0,2993.60009765625,2895.60009765625,2988.39990234375,2112774
2025-10-07,Tata Consultancy Services Ltd,TCS.NS,2995.0,3004.5,2955.5,2973.699951171875,3062943
2025-10-08,Tata Consultancy Services Ltd,TCS.NS,2975.0,3043.0,2968.0,3027.199951171875,4121889
2025-10-09,Tata Consultancy Services Ltd,TCS.NS,3034.0,3066.0,3020.0,3061.699951171875,3211304
2025-10-10,Tata Consultancy Services Ltd,TCS.NS,3050.0,3070.0,3006.89990234375,3028.300048828125,8817365
2025-10-13,Tata Consultancy Services Ltd,TCS.NS,3027.0,3035.5,2998.199951171875,3007.199951171875,2866865
2025-10-14,Tata Consultancy Services Ltd,TCS.NS,3021.0,3027.199951171875,2955.5,2960.300048828125,3611416
2025-10-15,Tata Consultancy Services Ltd,TCS.NS,2971.0,2979.699951171875,2951.0,2969.800048828125,4282226
2025-10-16,Tata Consultancy Services Ltd,TCS.NS,2969.89990234375,2975.0,2943.10009765625,2970.699951171875,3251495
2025-10-17,Tata Consultancy Services Ltd,TCS.NS,2970.0,2988.800048828125,2955.39990234375,2962.199951171875,4374683
2025-10-20,Tata Consultancy Services Ltd,TCS.NS,2985.5,3023.0,2978.5,3015.199951171875,3133039
2025-10-21,Tata Consultancy Services Ltd,TCS.NS,3031.10009765625,3031.800048828125,2996.0,3006.699951171875,310644
2025-10-23,Tata Consultancy Services Ltd,TCS.NS,3055.0,3098.0,3036.10009765625,3073.199951171875,5564758
2025-10-24,Tata Consultancy Services Ltd,TCS.NS,3080.0,3090.0,3058.300048828125,3063.199951171875,2684318
2025-10-27,Tata Consultancy Services Ltd,TCS.NS,3066.5,3094.199951171875,3060.199951171875,3084.89990234375,1946312
2025-10-28,Tata Consultancy Services Ltd,TCS.NS,3076.0,3090.199951171875,3040.199951171875,3057.89990234375,3470737
2025-10-29,Tata Consultancy Services Ltd,TCS.NS,3057.89990234375,3076.0,3046.10009765625,3057.60009765625,2895420
2025-10-30,Tata Consultancy Services Ltd,TCS.NS,3049.10009765625,3063.800048828125,3032.800048828125,3035.300048828125,2241536
2025-10-31,Tata Consultancy Services Ltd,TCS.NS,3035.0,3067.39990234375,3025.10009765625,3058.0,1868085
2025-11-03,Tata Consultancy Services Ltd,TCS.NS,3046.89990234375,3058.0,3010.0,3016.800048828125,2194877
2025-11-04,Tata Consultancy Services Ltd,TCS.NS,3019.60009765625,3029.300048828125,2976.0,2990.199951171875,2670720
2025-11-06,Tata Consultancy Services Ltd,TCS.NS,2990.10009765625,3024.0,2990.0,3010.89990234375,2542721
2025-11-07,Tata Consultancy Services Ltd,TCS.NS,3001.0,3004.0,2960.5,2991.800048828125,1830520
2025-11-10,Tata Consultancy Services Ltd,TCS.NS,2993.0,3047.89990234375,2992.0,3025.199951171875,1556656
2025-11-11,Tata Consultancy Services Ltd,TCS.NS,3045.0,3055.699951171875,3018.0,3047.0,2806868
2025-11-12,Tata Consultancy Services Ltd,TCS.NS,3060.0,3136.39990234375,3057.10009765625,3131.800048828125,4460315
2025-11-13,Tata Consultancy Services Ltd,TCS.NS,3131.800048828125,3131.89990234375,3102.0,3105.699951171875,1740435
2025-11-14,Tata Consultancy Services Ltd,TCS.NS,3090.0,3113.10009765625,3077.300048828125,3106.0,2210794
2025-11-17,Tata Consultancy Services Ltd,TCS.NS,3106.0,3123.5,3086.60009765625,3102.199951171875,2232853
2025-11-18,Tata Consultancy Services Ltd,TCS.NS,3102.0,3105.0,3078.0,3087.10009765625,2548350
2025-11-19,Tata Consultancy Services Ltd,TCS.NS,3097.0,3155.0,3083.5,3147.699951171875,3151053
2025-11-20,Tata Consultancy Services Ltd,TCS.NS,3148.0,3164.5,3138.10009765625,3144.800048828125,2700767
2025-11-21,Tata Consultancy Services Ltd,TCS.NS,3144.800048828125,3170.0,3135.199951171875,3150.60009765625,4177037
2025-11-24,Tata Consultancy Services Ltd,TCS.NS,3158.0,3178.89990234375,3131.0,3141.199951171875,6703764
2025-11-25,Tata Consultancy Services Ltd,TCS.NS,3145.300048828125,3149.800048828125,3115.0,3119.199951171875,2737920
2025-11-26,Tata Consultancy Services Ltd,TCS.NS,3118.800048828125,3178.0,3117.0,3162.89990234375,2508527
2025-11-27,Tata Consultancy Services Ltd,TCS.NS,3180.0,3180.0,3125.0,3136.60009765625,2836233
2025-11-28,Tata Consultancy Services Ltd,TCS.NS,3140.0,3147.300048828125,3125.0,3137.5,1616690
2025-12-01,Tata Consultancy Services Ltd,TCS.NS,3137.89990234375,3154.0,3122.199951171875,3133.39990234375,1747647
2025-12-02,Tata Consultancy Services Ltd,TCS.NS,3131.0,3144.0,3120.39990234375,3135.699951171875,2512003
2025-12-03,Tata Consultancy Services Ltd,TCS.NS,3140.0,3211.89990234375,3139.0,3180.0,3952112
2025-12-04,Tata Consultancy Services Ltd,TCS.NS,3194.0,3250.0,3187.39990234375,3229.199951171875,5025905
2025-12-05,Tata Consultancy Services Ltd,TCS.NS,3230.0,3271.60009765625,3222.39990234375,3238.199951171875,5244013
2025-12-08,Tata Consultancy Services Ltd,TCS.NS,3243.0,3259.89990234375,3208.60009765625,3236.5,2544725
2025-12-09,Tata Consultancy Services Ltd,TCS.NS,3230.0,3233.699951171875,3181.199951171875,3208.300048828125,2734893
2025-12-10,Tata Consultancy Services Ltd,TCS.NS,3225.0,3225.0,3178.10009765625,3189.199951171875,1386849
2025-12-11,Tata Consultancy Services Ltd,TCS.NS,3205.0,3208.39990234375,3153.10009765625,3191.89990234375,1914362
2025-12-12,Tata Consultancy Services Ltd,TCS.NS,3197.699951171875,3223.0,3185.699951171875,3220.5,1146554
2025-12-15,Tata Consultancy Services Ltd,TCS.NS,3211.10009765625,3238.199951171875,3197.300048828125,3230.199951171875,1562190
2025-12-16,Tata Consultancy Services Ltd,TCS.NS,3220.0,3220.0,3191.10009765625,3205.10009765625,1734623
2025-12-17,Tata Consultancy Services Ltd,TCS.NS,3200.5,3236.89990234375,3200.5,3217.800048828125,1376350
2025-12-18,Tata Consultancy Services Ltd,TCS.NS,3228.0,3287.800048828125,3221.0,3280.800048828125,2307422
2025-12-19,Tata Consultancy Services Ltd,TCS.NS,3299.0,3317.89990234375,3278.800048828125,3282.0,3902511
2025-12-22,Tata Consultancy Services Ltd,TCS.NS,3310.0,3328.60009765625,3291.0,3324.89990234375,2632816
2025-12-23,Tata Consultancy Services Ltd,TCS.NS,3319.89990234375,3319.89990234375,3293.5,3310.0,2365420
2025-12-24,Tata Consultancy Services Ltd,TCS.NS,3304.10009765625,3327.10009765625,3296.10009765625,3319.0,1367708
2025-12-26,Tata Consultancy Services Ltd,TCS.NS,3313.10009765625,3320.0,3271.800048828125,3280.0,1176664
2025-12-29,Tata Consultancy Services Ltd,TCS.NS,3280.0,3288.0,3242.89990234375,3251.5,2079473
2025-12-30,Tata Consultancy Services Ltd,TCS.NS,3250.0,3267.5,3239.5,3246.800048828125,2807593
2025-12-31,Tata Consultancy Services Ltd,TCS.NS,3240.0,3246.0,3198.5,3206.199951171875,3362634
2026-01-01,Tata Consultancy Services Ltd,TCS.NS,3215.0,3234.10009765625,3198.199951171875,3227.39990234375,1255735
2026-01-02,Tata Consultancy Services Ltd,TCS.NS,3234.0,3254.300048828125,3219.5,3250.699951171875,1184324
2026-01-05,Tata Consultancy Services Ltd,TCS.NS,3240.5,3247.0,3191.0,3216.10009765625,2341703
2026-01-06,Tata Consultancy Services Ltd,TCS.NS,3210.0,3263.199951171875,3205.0,3255.800048828125,2912325
2026-01-07,Tata Consultancy Services Ltd,TCS.NS,3242.89990234375,3300.60009765625,3223.199951171875,3295.60009765625,1989442
2026-01-08,Tata Consultancy Services Ltd,TCS.NS,3286.89990234375,3286.89990234375,3182.0,3203.89990234375,4159336
2026-01-09,Tata Consultancy Services Ltd,TCS.NS,3191.0,3229.699951171875,3191.0,3207.800048828125,1938673
2026-01-12,Tata Consultancy Services Ltd,TCS.NS,3203.0,3252.0,3174.300048828125,3239.60009765625,2228342
2026-01-13,Tata Consultancy Services Ltd,TCS.NS,3245.0,3280.0,3210.5,3268.0,5645341
2026-01-14,Tata Consultancy Services Ltd,TCS.NS,3260.0,3260.0,3183.0,3192.5,3539511
2026-01-15,Tata Consultancy Services Ltd,TCS.NS,3192.5,3192.5,3192.5,3192.5,0
2026-01-16,Tata Consultancy Services Ltd,TCS.NS,3219.39990234375,3221.89990234375,3171.0,3206.699951171875,4293470
2026-01-19,Tata Consultancy Services Ltd,TCS.NS,3188.0,3220.0,3152.10009765625,3163.60009765625,3387562
2026-01-20,Tata Consultancy Services Ltd,TCS.NS,3151.60009765625,3160.0,3091.10009765625,3102.300048828125,4499273
2026-01-21,Tata Consultancy Services Ltd,TCS.NS,3100.0,3138.5,3082.0,3122.60009765625,2015150
2026-01-22,Tata Consultancy Services Ltd,TCS.NS,3150.0,3160.0,3122.300048828125,3150.39990234375,2269827
2026-01-23,Tata Consultancy Services Ltd,TCS.NS,3190.300048828125,3194.5,3152.0,3162.5,2068857
2026-01-27,Tata Consultancy Services Ltd,TCS.NS,3175.0,3175.0,3130.0,3158.0,4279874
2026-01-28,Tata Consultancy Services Ltd,TCS.NS,3176.0,3205.199951171875,3170.60009765625,3200.10009765625,2751234
2026-01-29,Tata Consultancy Services Ltd,TCS.NS,3200.10009765625,3200.10009765625,3125.60009765625,3144.39990234375,2457641
2026-01-30,Tata Consultancy Services Ltd,TCS.NS,3141.0,3141.0,3092.0,3123.89990234375,3022068
2026-02-02,Tata Consultancy Services Ltd,TCS.NS,3198.0,3198.0,3134.0,3169.60009765625,2636272
2026-02-03,Tata Consultancy Services Ltd,TCS.NS,3350.0,3350.0,3186.300048828125,3225.300048828125,4366060
2026-02-04,Tata Consultancy Services Ltd,TCS.NS,3120.0,3120.0,2986.0,2999.10009765625,10852595
2026-02-05,Tata Consultancy Services Ltd,TCS.NS,2990.0,3029.699951171875,2972.300048828125,2991.5,3521545
2026-02-06,Tata Consultancy Services Ltd,TCS.NS,2976.60009765625,2985.0,2916.0,2941.60009765625,4687389
2026-02-09,Tata Consultancy Services Ltd,TCS.NS,2959.10009765625,2977.0,2937.5,2948.199951171875,2380318
2026-02-10,Tata Consultancy Services Ltd,TCS.NS,2949.800048828125,3011.60009765625,2943.5,2984.60009765625,3547763
2026-02-11,Tata Consultancy Services Ltd,TCS.NS,2980.0,2998.0,2904.199951171875,2909.800048828125,3363513
2026-02-12,Tata Consultancy Services Ltd,TCS.NS,2869.800048828125,2880.0,2740.0,2750.10009765625,10612156
2026-02-13,Tata Consultancy Services Ltd,TCS.NS,2585.0,2713.0,2585.0,2692.199951171875,11168735
2026-02-16,Tata Consultancy Services Ltd,TCS.NS,2700.0,2719.800048828125,2671.0,2706.60009765625,2918730
2026-02-17,Tata Consultancy Services Ltd,TCS.NS,2716.0,2760.0,2695.199951171875,2717.39990234375,4209118
2026-02-18,Tata Consultancy Services Ltd,TCS.NS,2730.0,2730.0,2657.300048828125,2694.89990234375,2950820
2026-02-19,Tata Consultancy Services Ltd,TCS.NS,2708.0,2748.699951171875,2666.60009765625,2677.89990234375,3238849
2026-02-20,Tata Consultancy Services Ltd,TCS.NS,2667.0,2702.60009765625,2647.5,2686.199951171875,2293482
2026-02-23,Tata Consultancy Services Ltd,TCS.NS,2686.0,2704.0,2660.199951171875,2676.300048828125,4699596
2026-02-24,Tata Consultancy Services Ltd,TCS.NS,2641.0,2647.5,2561.300048828125,2573.699951171875,7798833
2026-02-25,Tata Consultancy Services Ltd,TCS.NS,2596.0,2654.199951171875,2595.0,2629.300048828125,3621285
2026-02-26,Tata Consultancy Services Ltd,TCS.NS,2650.0,2671.0,2635.0,2647.699951171875,3464267
2026-02-27,Tata Consultancy Services Ltd,TCS.NS,2681.60009765625,2688.60009765625,2626.10009765625,2637.39990234375,5083717
2026-03-02,Tata Consultancy Services Ltd,TCS.NS,2592.0,2623.800048828125,2580.300048828125,2613.5,3374385
2026-03-04,Tata Consultancy Services Ltd,TCS.NS,2625.0,2635.0,2580.39990234375,2587.800048828125,3446434
2026-03-05,Tata Consultancy Services Ltd,TCS.NS,2600.0,2609.5,2546.39990234375,2578.800048828125,2960636
2026-03-06,Tata Consultancy Services Ltd,TCS.NS,2572.0,2619.199951171875,2553.60009765625,2557.60009765625,3998643
2026-03-09,Tata Consultancy Services Ltd,TCS.NS,2530.0,2560.0,2505.0,2527.39990234375,3653428
2026-03-10,Tata Consultancy Services Ltd,TCS.NS,2541.0,2545.199951171875,2490.10009765625,2513.10009765625,4323710
2026-03-11,Tata Consultancy Services Ltd,TCS.NS,2508.10009765625,2521.0,2460.10009765625,2464.89990234375,2720664
2026-03-12,Tata Consultancy Services Ltd,TCS.NS,2459.800048828125,2472.89990234375,2436.0,2442.39990234375,2752075
2026-03-13,Tata Consultancy Services Ltd,TCS.NS,2437.0,2445.89990234375,2397.0,2410.5,2466488
2026-03-16,Tata Consultancy Services Ltd,TCS.NS,2410.0,2425.0,2366.10009765625,2409.199951171875,3807907
2026-03-17,Tata Consultancy Services Ltd,TCS.NS,2420.0,2420.0,2360.0,2391.699951171875,2993367
2026-03-18,Tata Consultancy Services Ltd,TCS.NS,2410.0,2482.89990234375,2410.0,2440.800048828125,3082388
2026-03-19,Tata Consultancy Services Ltd,TCS.NS,2417.0,2424.0,2350.199951171875,2356.0,2757060
2026-03-20,Tata Consultancy Services Ltd,TCS.NS,2386.0,2407.800048828125,2364.199951171875,2390.60009765625,4206320
2026-03-23,Tata Consultancy Services Ltd,TCS.NS,2365.0,2406.800048828125,2348.0,2383.800048828125,3860515
2026-03-24,Tata Consultancy Services Ltd,TCS.NS,2404.10009765625,2435.39990234375,2379.10009765625,2398.800048828125,3420182
2026-03-25,Tata Consultancy Services Ltd,TCS.NS,2400.89990234375,2421.60009765625,2369.800048828125,2377.39990234375,5843778
2026-03-27,Tata Consultancy Services Ltd,TCS.NS,2403.89990234375,2422.10009765625,2385.0,2389.800048828125,4979411
2026-03-30,Tata Consultancy Services Ltd,TCS.NS,2375.10009765625,2398.0,2346.199951171875,2358.89990234375,6804756
2026-04-01,Tata Consultancy Services Ltd,TCS.NS,2429.0,2472.0,2397.89990234375,2408.199951171875,4132661
2026-04-02,Tata Consultancy Services Ltd,TCS.NS,2386.0,2469.89990234375,2375.699951171875,2450.699951171875,5378361
2026-04-06,Tata Consultancy Services Ltd,TCS.NS,2474.0,2482.0,2448.199951171875,2473.89990234375,2572417
2026-04-07,Tata Consultancy Services Ltd,TCS.NS,2461.0,2543.89990234375,2448.0,2539.800048828125,4516550
2026-04-08,Tata Consultancy Services Ltd,TCS.NS,2572.0,2580.300048828125,2540.10009765625,2559.199951171875,4769337
2026-04-09,Tata Consultancy Services Ltd,TCS.NS,2554.0,2605.0,2531.10009765625,2589.0,5628261
2026-04-10,Tata Consultancy Services Ltd,TCS.NS,2565.800048828125,2565.800048828125,2501.10009765625,2524.300048828125,10480239
2026-04-13,Tata Consultancy Services Ltd,TCS.NS,2489.89990234375,2504.89990234375,2470.0,2472.60009765625,3739587
2026-04-15,Tata Consultancy Services Ltd,TCS.NS,2501.89990234375,2559.0,2493.39990234375,2554.89990234375,5261384
2026-04-16,Tata Consultancy Services Ltd,TCS.NS,2572.0,2594.0,2558.0,2576.89990234375,3905403
2026-04-17,Tata Consultancy Services Ltd,TCS.NS,2570.0,2589.0,2555.89990234375,2581.5,2718206
2026-04-20,Tata Consultancy Services Ltd,TCS.NS,2587.10009765625,2594.0,2561.199951171875,2579.60009765625,2288558
2026-04-21,Tata Consultancy Services Ltd,TCS.NS,2560.0,2614.0,2560.0,2610.5,2719959
2026-04-22,Tata Consultancy Services Ltd,TCS.NS,2580.0,2580.0,2503.60009765625,2538.5,5232045
2026-04-23,Tata Consultancy Services Ltd,TCS.NS,2529.0,2559.5,2516.300048828125,2521.800048828125,2509050
2026-04-24,Tata Consultancy Services Ltd,TCS.NS,2488.0,2505.0,2388.800048828125,2396.89990234375,5107719
2026-04-27,Tata Consultancy Services Ltd,TCS.NS,2396.89990234375,2459.0,2396.89990234375,2447.60009765625,5853425
2026-04-28,Tata Consultancy Services Ltd,TCS.NS,2444.0,2487.0,2427.39990234375,2444.699951171875,4508363
2026-04-29,Tata Consultancy Services Ltd,TCS.NS,2451.0,2487.89990234375,2447.60009765625,2474.699951171875,2835961
2026-04-30,Tata Consultancy Services Ltd,TCS.NS,2479.0,2491.0,2438.0,2473.89990234375,3970446
2026-05-01,Tata Consultancy Services Ltd,TCS.NS,2473.89990234375,2473.89990234375,2473.89990234375,2473.89990234375,0
2026-05-04,Tata Consultancy Services Ltd,TCS.NS,2494.0,2498.300048828125,2425.0,2431.300048828125,2632358
2026-05-05,Tata Consultancy Services Ltd,TCS.NS,2430.0,2460.39990234375,2412.199951171875,2427.300048828125,3385720
2026-05-06,Tata Consultancy Services Ltd,TCS.NS,2441.89990234375,2471.0,2406.5,2435.39990234375,3147628
2026-05-07,Tata Consultancy Services Ltd,TCS.NS,2438.199951171875,2439.699951171875,2398.0,2401.39990234375,5829594
2026-05-08,Tata Consultancy Services Ltd,TCS.NS,2398.0,2407.0,2375.10009765625,2394.39990234375,3792199
2026-05-11,Tata Consultancy Services Ltd,TCS.NS,2371.0,2415.0,2371.0,2392.89990234375,1975188
2026-05-12,Tata Consultancy Services Ltd,TCS.NS,2375.0,2375.0,2283.0,2300.300048828125,6347884
2026-05-13,Tata Consultancy Services Ltd,TCS.NS,2306.0,2309.199951171875,2269.0,2272.800048828125,3171843
2026-05-14,Tata Consultancy Services Ltd,TCS.NS,2265.0,2265.0,2206.39990234375,2246.0,5633313
2026-05-15,Tata Consultancy Services Ltd,TCS.NS,2252.0,2304.89990234375,2252.0,2264.0,3410637
2026-05-18,Tata Consultancy Services Ltd,TCS.NS,2264.0,2292.89990234375,2252.199951171875,2283.199951171875,3773336
2026-05-19,Tata Consultancy Services Ltd,TCS.NS,2300.0,2377.60009765625,2297.10009765625,2327.10009765625,10394707
2026-05-20,Tata Consultancy Services Ltd,TCS.NS,2323.89990234375,2342.0,2317.800048828125,2327.39990234375,2537422
2026-05-21,Tata Consultancy Services Ltd,TCS.NS,2331.0,2335.89990234375,2314.0,2327.199951171875,3299087
2026-05-22,Tata Consultancy Services Ltd,TCS.NS,2331.10009765625,2340.0,2308.10009765625,2317.300048828125,2617262
2026-05-25,Tata Consultancy Services Ltd,TCS.NS,2325.0,2326.10009765625,2293.0,2308.199951171875,3298364
2026-05-26,Tata Consultancy Services Ltd,TCS.NS,2308.199951171875,2327.89990234375,2272.39990234375,2276.199951171875,3587597
2026-05-27,Tata Consultancy Services Ltd,TCS.NS,2275.0,2295.60009765625,2260.89990234375,2284.199951171875,2653950
2026-05-28,Tata Consultancy Services Ltd,TCS.NS,2284.199951171875,2284.199951171875,2284.199951171875,2284.199951171875,0
2026-05-29,Tata Consultancy Services Ltd,TCS.NS,2291.0,2334.0,2235.0,2258.89990234375,16331582
2026-06-01,Tata Consultancy Services Ltd,TCS.NS,2284.0,2335.0,2280.0,2297.39990234375,7505095
2026-06-02,Tata Consultancy Services Ltd,TCS.NS,2320.0,2457.39990234375,2316.199951171875,2446.89990234375,11306127
2026-06-03,Tata Consultancy Services Ltd,TCS.NS,2393.0,2393.0,2224.800048828125,2241.699951171875,15660062
2026-06-04,Tata Consultancy Services Ltd,TCS.NS,2241.699951171875,2253.10009765625,2216.60009765625,2241.0,4867263
2026-06-05,Tata Consultancy Services Ltd,TCS.NS,2262.89990234375,2271.800048828125,2192.0,2198.89990234375,5019717
2026-06-08,Tata Consultancy Services Ltd,TCS.NS,2170.0,2177.0,2143.300048828125,2151.39990234375,6536734
2026-06-09,Tata Consultancy Services Ltd,TCS.NS,2174.0,2174.0,2132.800048828125,2151.0,4148655
2026-06-10,Tata Consultancy Services Ltd,TCS.NS,2151.300048828125,2180.800048828125,2144.800048828125,2153.89990234375,2848650
2026-06-11,Tata Consultancy Services Ltd,TCS.NS,2127.0,2154.60009765625,2110.0,2135.60009765625,3079815
2026-06-12,Tata Consultancy Services Ltd,TCS.NS,2150.0,2168.0,2138.0,2161.39990234375,2124656
2026-06-15,Tata Consultancy Services Ltd,TCS.NS,2192.0,2192.0,2159.300048828125,2162.0,3337083
2026-06-16,Tata Consultancy Services Ltd,TCS.NS,2167.0,2209.0,2160.60009765625,2199.0,3079898
2026-06-17,Tata Consultancy Services Ltd,TCS.NS,2209.0,2231.0,2200.699951171875,2223.0,2865010
2026-06-18,Tata Consultancy Services Ltd,TCS.NS,2209.0,2214.0,2182.0,2203.300048828125,3735188
2026-06-19,Tata Consultancy Services Ltd,TCS.NS,2105.0,2138.0,2059.89990234375,2125.0,13286502
2026-06-22,Tata Consultancy Services Ltd,TCS.NS,2132.199951171875,2157.0,2121.0,2127.800048828125,4566101
2026-06-23,Tata Consultancy Services Ltd,TCS.NS,2111.0,2114.0,2055.0,2059.60009765625,6392736
2026-06-24,Tata Consultancy Services Ltd,TCS.NS,2061.0,2120.699951171875,2061.0,2109.0,4747277
2026-06-25,Tata Consultancy Services Ltd,TCS.NS,2133.60009765625,2148.5,2088.0,2094.699951171875,4738903
2026-06-26,Tata Consultancy Services Ltd,TCS.NS,2094.699951171875,2094.699951171875,2094.699951171875,2094.699951171875,0
2026-06-29,Tata Consultancy Services Ltd,TCS.NS,2090.0,2105.0,2071.0,2097.89990234375,3412470
2026-06-30,Tata Consultancy Services Ltd,TCS.NS,2090.0,2104.300048828125,2018.800048828125,2031.5,6848411
2026-07-01,Tata Consultancy Services Ltd,TCS.NS,2039.9000244140625,2052.0,1976.800048828125,1982.5999755859375,4658295
2026-07-02,Tata Consultancy Services Ltd,TCS.NS,2008.0,2076.89990234375,2002.5,2068.10009765625,6040621
2026-07-03,Tata Consultancy Services Ltd,TCS.NS,2100.0,2116.60009765625,2085.0,2093.5,4028819
2026-07-06,Tata Consultancy Services Ltd,TCS.NS,2090.0,2093.0,2050.60009765625,2057.60009765625,2567386
2026-07-07,Tata Consultancy Services Ltd,TCS.NS,2050.0,2122.699951171875,2049.0,2096.10009765625,4769048
2026-07-08,Tata Consultancy Services Ltd,TCS.NS,2094.0,2109.699951171875,2048.800048828125,2057.5,3666985
2026-07-09,Tata Consultancy Services Ltd,TCS.NS,2057.5,2065.0,2016.0,2049.5,3791498
2026-07-10,Tata Consultancy Services Ltd,TCS.NS,2105.199951171875,2133.300048828125,2064.60009765625,2069.0,6714551
2026-07-13,Tata Consultancy Services Ltd,TCS.NS,2075.0,2204.89990234375,2065.10009765625,2181.5,12382622
2026-07-14,Tata Consultancy Services Ltd,TCS.NS,2182.89990234375,2228.0,2179.0,2200.60009765625,9546290
2026-07-15,Tata Consultancy Services Ltd,TCS.NS,2174.10009765625,2202.89990234375,2145.39990234375,2189.199951171875,5426489
2026-07-16,Tata Consultancy Services Ltd,TCS.NS,2206.0,2231.39990234375,2187.800048828125,2201.0,5197595
2026-07-17,Tata Consultancy Services Ltd,TCS.NS,2224.800048828125,2275.0,2215.10009765625,2269.0,5615138
2026-07-20,Tata Consultancy Services Ltd,TCS.NS,2280.10009765625,2283.39990234375,2245.10009765625,2251.10009765625,2202693
2026-07-21,Tata Consultancy Services Ltd,TCS.NS,2245.10009765625,2259.89990234375,2218.5,2221.10009765625,2382160
2026-07-22,Tata Consultancy Services Ltd,TCS.NS,2216.0,2226.800048828125,2201.0,2208.300048828125,1599665
2026-07-23,Tata Consultancy Services Ltd,TCS.NS,2204.0,2250.0,2193.60009765625,2242.89990234375,2503539
2026-07-24,Tata Consultancy Services Ltd,TCS.NS,2205.10009765625,2264.300048828125,2205.10009765625,2254.300048828125,3211699
2026-07-27,Tata Consultancy Services Ltd,TCS.NS,2286.0,2315.0,2272.39990234375,2295.60009765625,4007292
2026-07-28,Tata Consultancy Services Ltd,TCS.NS,2325.0,2417.39990234375,2323.0,2398.0,8248513
2026-07-29,Tata Consultancy Services Ltd,TCS.NS,2440.0,2475.5,2415.10009765625,2446.60009765625,7169419
2026-07-30,Tata Consultancy Services Ltd,TCS.NS,2440.0,2495.0,2423.0,2431.800048828125,4901582
2026-07-31,Tata Consultancy Services Ltd,TCS.NS,2385.0,2391.0,2326.10009765625,2365.60009765625,4343683
2026-08-03,Tata Consultancy Services Ltd,TCS.NS,2383.89990234375,2473.699951171875,2383.0,2473.699951171875,3036839
2026-08-04,Tata Consultancy Services Ltd,TCS.NS,2463.10009765625,2467.39990234375,2435.10009765625,2460.0,2792792
2026-08-05,Tata Consultancy Services Ltd,TCS.NS,2460.0,2460.89990234375,2408.0,2413.0,3014409
2026-08-06,Tata Consultancy Services Ltd,TCS.NS,2417.0,2434.5,2368.5,2373.0,2729141
2026-08-07,Tata Consultancy Services Ltd,TCS.NS,2375.0,2457.699951171875,2375.0,2452.699951171875,4547979
2026-08-10,Tata Consultancy Services Ltd,TCS.NS,2452.699951171875,2472.89990234375,2423.5,2425.699951171875,2322023
2026-08-11,Tata Consultancy Services Ltd,TCS.NS,2438.0,2456.60009765625,2428.0,2445.699951171875,1514105
2026-08-12,Tata Consultancy Services Ltd,TCS.NS,2445.699951171875,2445.800048828125,2300.10009765625,2349.699951171875,7022647
2026-08-13,Tata Consultancy Services Ltd,TCS.NS,2349.699951171875,2375.0,2332.300048828125,2375.0,2123494
2026-08-14,Tata Consultancy Services Ltd,TCS.NS,2375.10009765625,2390.0,2333.39990234375,2361.0,2232160
2026-08-17,Tata Consultancy Services Ltd,TCS.NS,2351.0,2361.10009765625,2310.60009765625,2313.199951171875,2237636
2026-08-18,Tata Consultancy Services Ltd,TCS.NS,2300.0,2307.0,2280.0,2280.0,1797822
2026-08-19,Tata Consultancy Services Ltd,TCS.NS,2293.60009765625,2308.199951171875,2258.300048828125,2289.0,3368922
2026-08-20,Tata Consultancy Services Ltd,TCS.NS,2319.39990234375,2329.0,2288.10009765625,2298.0,2047848
2026-08-21,Tata Consultancy Services Ltd,TCS.NS,2290.10009765625,2307.199951171875,2263.300048828125,2302.0,2066749
2026-08-24,Tata Consultancy Services Ltd,TCS.NS,2302.39990234375,2321.60009765625,2279.5,2284.10009765625,1542723
2026-08-25,Tata Consultancy Services Ltd,TCS.NS,2305.0,2313.5,2262.0,2296.199951171875,3041609
2026-08-26,Tata Consultancy Services Ltd,TCS.NS,2305.10009765625,2306.300048828125,2266.39990234375,2270.0,1660737
2026-08-27,Tata Consultancy Services Ltd,TCS.NS,2270.0,2283.60009765625,2243.89990234375,2248.39990234375,1709113
2026-08-28,Tata Consultancy Services Ltd,TCS.NS,2272.0,2348.5,2263.300048828125,2342.0,4054069
2026-08-31,Tata Consultancy Services Ltd,TCS.NS,2342.0,2399.300048828125,2306.199951171875,2399.300048828125,2905846
2026-09-01,Tata Consultancy Services Ltd,TCS.NS,2355.0,2372.0,2325.0,2369.0,2678034
2026-09-02,Tata Consultancy Services Ltd,TCS.NS,2347.89990234375,2363.0,2303.5,2348.0,2533005
2026-09-03,Tata Consultancy Services Ltd,TCS.NS,2353.60009765625,2353.60009765625,2316.10009765625,2320.10009765625,1892786
2026-09-04,Tata Consultancy Services Ltd,TCS.NS,2330.0,2363.89990234375,2302.39990234375,2304.0,2564322
2026-09-07,Tata Consultancy Services Ltd,TCS.NS,2290.10009765625,2299.89990234375,2260.10009765625,2270.0,2297551
2026-09-08,Tata Consultancy Services Ltd,TCS.NS,2270.0,2274.5,2244.0,2255.5,2148114
2026-09-09,Tata Consultancy Services Ltd,TCS.NS,2237.0,2237.0,2193.199951171875,2208.0,3370071
2026-09-10,Tata Consultancy Services Ltd,TCS.NS,2199.0,2232.0,2190.60009765625,2204.10009765625,2490912
2026-09-11,Tata Consultancy Services Ltd,TCS.NS,2185.5,2232.60009765625,2185.5,2200.800048828125,2634124
2026-09-14,Tata Consultancy Services Ltd,TCS.NS,2200.800048828125,2200.800048828125,2200.800048828125,2200.800048828125,0
2026-09-15,Tata Consultancy Services Ltd,TCS.NS,2275.5,2323.0,2251.0,2251.0,5406210
2026-09-16,Tata Consultancy Services Ltd,TCS.NS,2270.0,2273.89990234375,2172.0,2188.800048828125,2763709
2026-09-17,Tata Consultancy Services Ltd,TCS.NS,2171.0,2263.60009765625,2162.5,2190.0,3295917
2026-09-18,Tata Consultancy Services Ltd,TCS.NS,2177.199951171875,2177.300048828125,2101.199951171875,2105.0,6875428
2026-09-21,Tata Consultancy Services Ltd,TCS.NS,2090.0,2145.0,2075.300048828125,2128.699951171875,2330811
2026-09-22,Tata Consultancy Services Ltd,TCS.NS,2135.10009765625,2135.199951171875,2098.199951171875,2105.0,3641623
2026-09-23,Tata Consultancy Services Ltd,TCS.NS,2099.0,2104.199951171875,2077.60009765625,2089.60009765625,2228402
2026-09-24,Tata Consultancy Services Ltd,TCS.NS,2076.0,2096.89990234375,2067.10009765625,2087.0,1760662
2026-09-25,Tata Consultancy Services Ltd,TCS.NS,2054.0,2090.199951171875,2038.0999755859375,2082.0,3342195
2026-09-28,Tata Consultancy Services Ltd,TCS.NS,2100.0,2100.0,2051.0,2070.699951171875,2457049
2026-09-29,Tata Consultancy Services Ltd,TCS.NS,2065.0,2085.10009765625,2032.4000244140625,2032.4000244140625,4437783
2026-09-30,Tata Consultancy Services Ltd,TCS.NS,2069.0,2101.0,2050.60009765625,2050.60009765625,3656425
2026-10-01,Tata Consultancy Services Ltd,TCS.NS,2052.60009765625,2093.89990234375,2045.0999755859375,2075.0,3428501
2025-10-03,Titan Company Ltd,TITAN.NS,3379.89990234375,3459.0,3378.0,3453.300048828125,1655328
2025-10-06,Titan Company Ltd,TITAN.NS,3453.300048828125,3459.300048828125,3401.0,3425.39990234375,1184781
2025-10-07,Titan Company Ltd,TITAN.NS,3425.0,3445.89990234375,3411.0,3418.199951171875,996165
2025-10-08,Titan Company Ltd,TITAN.NS,3474.0,3580.0,3460.0,3565.60009765625,4531362
2025-10-09,Titan Company Ltd,TITAN.NS,3559.800048828125,3561.699951171875,3526.39990234375,3550.60009765625,597739
2025-10-10,Titan Company Ltd,TITAN.NS,3548.89990234375,3571.699951171875,3523.300048828125,3531.89990234375,825274
2025-10-13,Titan Company Ltd,TITAN.NS,3518.0,3545.0,3509.5,3533.60009765625,606122
2025-10-14,Titan Company Ltd,TITAN.NS,3533.0,3549.39990234375,3506.5,3537.39990234375,925998
2025-10-15,Titan Company Ltd,TITAN.NS,3532.89990234375,3561.89990234375,3511.0,3549.0,1005045
2025-10-16,Titan Company Ltd,TITAN.NS,3549.0,3652.0,3540.0,3640.300048828125,1528118
2025-10-17,Titan Company Ltd,TITAN.NS,3635.0,3715.0,3633.0,3674.800048828125,1123500
2025-10-20,Titan Company Ltd,TITAN.NS,3680.0,3749.89990234375,3676.199951171875,3737.199951171875,707974
2025-10-21,Titan Company Ltd,TITAN.NS,3737.199951171875,3746.0,3719.0,3729.0,156306
2025-10-23,Titan Company Ltd,TITAN.NS,3765.0,3800.0,3738.300048828125,3772.300048828125,1622402
2025-10-24,Titan Company Ltd,TITAN.NS,3775.0,3781.0,3706.10009765625,3714.89990234375,563296
2025-10-27,Titan Company Ltd,TITAN.NS,3714.0,3753.89990234375,3710.0,3739.800048828125,856124
2025-10-28,Titan Company Ltd,TITAN.NS,3750.0,3770.0,3688.10009765625,3717.0,1482961
2025-10-29,Titan Company Ltd,TITAN.NS,3734.199951171875,3753.5,3714.199951171875,3748.300048828125,789557
2025-10-30,Titan Company Ltd,TITAN.NS,3745.0,3773.89990234375,3720.10009765625,3750.699951171875,544151
2025-10-31,Titan Company Ltd,TITAN.NS,3758.89990234375,3783.0,3739.5,3746.699951171875,900994
2025-11-03,Titan Company Ltd,TITAN.NS,3730.0,3762.0,3667.300048828125,3724.5,1119367
2025-11-04,Titan Company Ltd,TITAN.NS,3724.5,3827.0,3715.0,3813.5,2524600
2025-11-06,Titan Company Ltd,TITAN.NS,3780.0,3837.699951171875,3761.60009765625,3774.39990234375,927231
2025-11-07,Titan Company Ltd,TITAN.NS,3766.0,3792.0,3736.0,3769.300048828125,728998
2025-11-10,Titan Company Ltd,TITAN.NS,3788.0,3815.0,3769.300048828125,3803.0,599567
2025-11-11,Titan Company Ltd,TITAN.NS,3810.5,3820.0,3752.10009765625,3812.39990234375,668789
2025-11-12,Titan Company Ltd,TITAN.NS,3838.0,3877.0,3804.199951171875,3851.10009765625,805025
2025-11-13,Titan Company Ltd,TITAN.NS,3860.0,3867.89990234375,3817.0,3839.199951171875,668623
2025-11-14,Titan Company Ltd,TITAN.NS,3839.199951171875,3854.699951171875,3800.0,3829.199951171875,575050
2025-11-17,Titan Company Ltd,TITAN.NS,3848.0,3874.300048828125,3821.5,3868.60009765625,504928
2025-11-18,Titan Company Ltd,TITAN.NS,3865.0,3900.0,3841.60009765625,3879.199951171875,849966
2025-11-19,Titan Company Ltd,TITAN.NS,3882.89990234375,3940.5,3862.39990234375,3933.10009765625,1578123
2025-11-20,Titan Company Ltd,TITAN.NS,3950.0,3956.0,3895.0,3902.39990234375,762391
2025-11-21,Titan Company Ltd,TITAN.NS,3901.0,3925.0,3882.10009765625,3904.199951171875,383311
2025-11-24,Titan Company Ltd,TITAN.NS,3915.5,3937.199951171875,3865.0,3874.300048828125,1258036
2025-11-25,Titan Company Ltd,TITAN.NS,3874.39990234375,3908.39990234375,3845.0,3855.10009765625,680366
2025-11-26,Titan Company Ltd,TITAN.NS,3845.0,3914.5,3843.5,3897.699951171875,364592
2025-11-27,Titan Company Ltd,TITAN.NS,3900.60009765625,3927.0,3875.10009765625,3903.300048828125,542241
2025-11-28,Titan Company Ltd,TITAN.NS,3906.199951171875,3934.89990234375,3896.5,3907.699951171875,574817
2025-12-01,Titan Company Ltd,TITAN.NS,3907.699951171875,3910.699951171875,3861.300048828125,3894.89990234375,603073
2025-12-02,Titan Company Ltd,TITAN.NS,3875.0,3899.60009765625,3867.5,3885.800048828125,661018
2025-12-03,Titan Company Ltd,TITAN.NS,3870.0,3880.0,3785.89990234375,3817.800048828125,770638
2025-12-04,Titan Company Ltd,TITAN.NS,3805.0,3830.0,3778.0,3800.39990234375,776693
2025-12-05,Titan Company Ltd,TITAN.NS,3777.0,3828.0,3777.0,3813.300048828125,508448
2025-12-08,Titan Company Ltd,TITAN.NS,3796.300048828125,3825.0,3758.10009765625,3767.0,545864
2025-12-09,Titan Company Ltd,TITAN.NS,3775.0,3874.0,3751.0,3849.0,1121068
2025-12-10,Titan Company Ltd,TITAN.NS,3831.0,3858.199951171875,3825.60009765625,3845.699951171875,616248
2025-12-11,Titan Company Ltd,TITAN.NS,3830.39990234375,3855.800048828125,3777.0,3844.800048828125,669180
2025-12-12,Titan Company Ltd,TITAN.NS,3844.800048828125,3894.800048828125,3831.89990234375,3880.199951171875,547866
2025-12-15,Titan Company Ltd,TITAN.NS,3861.300048828125,3876.39990234375,3850.0,3866.199951171875,332337
2025-12-16,Titan Company Ltd,TITAN.NS,3850.0,3937.5,3828.0,3929.5,1560827
2025-12-17,Titan Company Ltd,TITAN.NS,3930.0,3935.699951171875,3890.0,3907.89990234375,601010
2025-12-18,Titan Company Ltd,TITAN.NS,3900.0,3924.0,3890.10009765625,3919.300048828125,516547
2025-12-19,Titan Company Ltd,TITAN.NS,3919.0,3961.89990234375,3913.0,3930.10009765625,730780
2025-12-22,Titan Company Ltd,TITAN.NS,3940.0,3950.800048828125,3917.10009765625,3933.800048828125,569521
2025-12-23,Titan Company Ltd,TITAN.NS,3933.800048828125,3956.300048828125,3916.39990234375,3925.800048828125,445656
2025-12-24,Titan Company Ltd,TITAN.NS,3925.800048828125,3935.0,3900.0,3909.300048828125,399227
2025-12-26,Titan Company Ltd,TITAN.NS,3908.89990234375,4006.89990234375,3900.0,3992.0,1113050
2025-12-29,Titan Company Ltd,TITAN.NS,4010.0,4031.699951171875,3978.0,3983.699951171875,1242846
2025-12-30,Titan Company Ltd,TITAN.NS,3982.0,3993.5,3954.10009765625,3974.10009765625,1169570
2025-12-31,Titan Company Ltd,TITAN.NS,3984.0,4061.89990234375,3975.10009765625,4051.5,1358731
2026-01-01,Titan Company Ltd,TITAN.NS,4063.699951171875,4068.0,4035.699951171875,4049.300048828125,444679
2026-01-02,Titan Company Ltd,TITAN.NS,4039.0,4060.0,3986.199951171875,4051.699951171875,659997
2026-01-05,Titan Company Ltd,TITAN.NS,4051.699951171875,4094.0,4046.0,4079.699951171875,629273
2026-01-06,Titan Company Ltd,TITAN.NS,4079.699951171875,4120.5,4068.5,4111.7998046875,820331
2026-01-07,Titan Company Ltd,TITAN.NS,4225.0,4312.10009765625,4202.0,4273.2001953125,3496340
2026-01-08,Titan Company Ltd,TITAN.NS,4273.2001953125,4303.2001953125,4239.0,4249.0,1055725
2026-01-09,Titan Company Ltd,TITAN.NS,4231.0,4279.0,4183.10009765625,4201.7998046875,883117
2026-01-12,Titan Company Ltd,TITAN.NS,4205.0,4242.0,4145.0,4231.60009765625,514767
2026-01-13,Titan Company Ltd,TITAN.NS,4231.60009765625,4267.60009765625,4210.0,4239.2001953125,770707
2026-01-14,Titan Company Ltd,TITAN.NS,4241.89990234375,4283.0,4211.0,4221.5,998692
2026-01-15,Titan Company Ltd,TITAN.NS,4221.5,4221.5,4221.5,4221.5,0
2026-01-16,Titan Company Ltd,TITAN.NS,4221.5,4236.39990234375,4181.10009765625,4196.89990234375,686949
2026-01-19,Titan Company Ltd,TITAN.NS,4165.7001953125,4207.39990234375,4129.10009765625,4144.10009765625,365905
2026-01-20,Titan Company Ltd,TITAN.NS,4155.0,4155.0,4064.300048828125,4075.5,586156
2026-01-21,Titan Company Ltd,TITAN.NS,4075.5,4109.89990234375,4053.5,4079.199951171875,552760
2026-01-22,Titan Company Ltd,TITAN.NS,4099.0,4128.0,3980.800048828125,4018.60009765625,818966
2026-01-23,Titan Company Ltd,TITAN.NS,4025.10009765625,4063.300048828125,3980.0,4021.800048828125,1015415
2026-01-27,Titan Company Ltd,TITAN.NS,4021.800048828125,4040.0,3955.0,3997.0,1760501
2026-01-28,Titan Company Ltd,TITAN.NS,4002.0,4025.800048828125,3964.89990234375,3975.199951171875,809022
2026-01-29,Titan Company Ltd,TITAN.NS,3960.800048828125,3968.60009765625,3843.10009765625,3939.699951171875,1145612
2026-01-30,Titan Company Ltd,TITAN.NS,3945.0,3995.0,3909.800048828125,3977.39990234375,1427639
2026-02-02,Titan Company Ltd,TITAN.NS,4000.0,4000.0,3893.300048828125,3953.199951171875,1273196
2026-02-03,Titan Company Ltd,TITAN.NS,4143.0,4143.0,4044.10009765625,4068.60009765625,1043274
2026-02-04,Titan Company Ltd,TITAN.NS,4087.0,4160.0,4066.199951171875,4144.0,917279
2026-02-05,Titan Company Ltd,TITAN.NS,4152.2998046875,4152.2998046875,4063.10009765625,4097.60009765625,693637
2026-02-06,Titan Company Ltd,TITAN.NS,4097.60009765625,4154.0,4065.300048828125,4141.0,888701
2026-02-09,Titan Company Ltd,TITAN.NS,4200.2001953125,4269.39990234375,4155.0,4257.7998046875,1092387
2026-02-10,Titan Company Ltd,TITAN.NS,4300.0,4329.60009765625,4239.60009765625,4269.10009765625,1713633
2026-02-11,Titan Company Ltd,TITAN.NS,4350.0,4378.39990234375,4208.0,4249.10009765625,3342226
2026-02-12,Titan Company Ltd,TITAN.NS,4232.39990234375,4286.39990234375,4182.2998046875,4275.7998046875,998509
2026-02-13,Titan Company Ltd,TITAN.NS,4267.2998046875,4271.7998046875,4164.7998046875,4179.2001953125,524758
2026-02-16,Titan Company Ltd,TITAN.NS,4155.0,4196.0,4128.7998046875,4181.10009765625,500349
2026-02-17,Titan Company Ltd,TITAN.NS,4167.10009765625,4244.89990234375,4155.0,4236.39990234375,464123
2026-02-18,Titan Company Ltd,TITAN.NS,4251.0,4257.89990234375,4214.2998046875,4248.60009765625,387328
2026-02-19,Titan Company Ltd,TITAN.NS,4225.0,4261.0,4191.0,4198.2001953125,406232
2026-02-20,Titan Company Ltd,TITAN.NS,4200.5,4252.10009765625,4200.2001953125,4236.39990234375,532169
2026-02-23,Titan Company Ltd,TITAN.NS,4270.0,4280.0,4240.10009765625,4272.7001953125,516387
2026-02-24,Titan Company Ltd,TITAN.NS,4240.39990234375,4300.0,4235.0,4294.5,491126
2026-02-25,Titan Company Ltd,TITAN.NS,4304.0,4349.0,4289.7998046875,4325.0,586295
2026-02-26,Titan Company Ltd,TITAN.NS,4330.0,4352.2001953125,4307.0,4342.60009765625,520985
2026-02-27,Titan Company Ltd,TITAN.NS,4341.60009765625,4352.0,4311.7998046875,4327.5,1146258
2026-03-02,Titan Company Ltd,TITAN.NS,4288.7998046875,4330.0,4193.0,4270.2998046875,770589
2026-03-04,Titan Company Ltd,TITAN.NS,4205.0,4238.2998046875,4083.5,4204.39990234375,1024050
2026-03-05,Titan Company Ltd,TITAN.NS,4238.0,4302.5,4173.2001953125,4275.2001953125,691367
2026-03-06,Titan Company Ltd,TITAN.NS,4250.0,4302.0,4227.0,4244.60009765625,580562
2026-03-09,Titan Company Ltd,TITAN.NS,4160.0,4199.7001953125,4112.7001953125,4159.2001953125,576017
2026-03-10,Titan Company Ltd,TITAN.NS,4175.10009765625,4242.89990234375,4175.10009765625,4220.10009765625,788850
2026-03-11,Titan Company Ltd,TITAN.NS,4192.0,4234.89990234375,4126.2001953125,4140.2998046875,454575
2026-03-12,Titan Company Ltd,TITAN.NS,4100.0,4179.0,4033.800048828125,4129.60009765625,1071366
2026-03-13,Titan Company Ltd,TITAN.NS,4091.0,4147.2001953125,4046.0,4073.199951171875,868825
2026-03-16,Titan Company Ltd,TITAN.NS,4057.0,4125.0,4002.199951171875,4090.800048828125,1013667
2026-03-17,Titan Company Ltd,TITAN.NS,4090.5,4110.0,4036.5,4090.5,1126905
2026-03-18,Titan Company Ltd,TITAN.NS,4083.699951171875,4174.7998046875,4077.800048828125,4145.5,751307
2026-03-19,Titan Company Ltd,TITAN.NS,4104.39990234375,4138.10009765625,4017.89990234375,4037.89990234375,567278
2026-03-20,Titan Company Ltd,TITAN.NS,4046.89990234375,4149.89990234375,4040.89990234375,4106.60009765625,1019586
2026-03-23,Titan Company Ltd,TITAN.NS,4056.60009765625,4059.0,3825.0,3853.10009765625,1533645
2026-03-24,Titan Company Ltd,TITAN.NS,3950.300048828125,3985.0,3843.0,3899.5,1300547
2026-03-25,Titan Company Ltd,TITAN.NS,3950.0,4097.0,3940.5,4039.300048828125,1306823
2026-03-27,Titan Company Ltd,TITAN.NS,4000.0,4032.800048828125,3972.0,3981.5,1040658
2026-03-30,Titan Company Ltd,TITAN.NS,3942.0,4007.39990234375,3914.10009765625,3951.39990234375,1488223
2026-04-01,Titan Company Ltd,TITAN.NS,4000.0,4100.0,4000.0,4065.5,781974
2026-04-02,Titan Company Ltd,TITAN.NS,3996.0,4109.10009765625,3944.699951171875,4097.2001953125,1614868
2026-04-06,Titan Company Ltd,TITAN.NS,4105.0,4257.89990234375,4105.0,4246.10009765625,1678285
2026-04-07,Titan Company Ltd,TITAN.NS,4235.2998046875,4243.5,4168.7998046875,4230.60009765625,1274146
2026-04-08,Titan Company Ltd,TITAN.NS,4351.2998046875,4505.0,4309.10009765625,4492.5,3834533
2026-04-09,Titan Company Ltd,TITAN.NS,4475.0,4497.39990234375,4414.10009765625,4439.7998046875,1385274
2026-04-10,Titan Company Ltd,TITAN.NS,4430.10009765625,4523.89990234375,4425.10009765625,4505.0,1565192
2026-04-13,Titan Company Ltd,TITAN.NS,4391.10009765625,4496.0,4391.10009765625,4439.2998046875,850456
2026-04-15,Titan Company Ltd,TITAN.NS,4490.10009765625,4534.0,4447.2998046875,4522.2001953125,918513
2026-04-16,Titan Company Ltd,TITAN.NS,4554.0,4554.0,4440.0,4461.39990234375,1283713
2026-04-17,Titan Company Ltd,TITAN.NS,4461.39990234375,4531.7998046875,4330.0,4525.89990234375,2124034
2026-04-20,Titan Company Ltd,TITAN.NS,4532.10009765625,4549.0,4467.7001953125,4513.0,1646815
2026-04-21,Titan Company Ltd,TITAN.NS,4513.5,4544.5,4465.0,4479.7001953125,656106
2026-04-22,Titan Company Ltd,TITAN.NS,4461.7001953125,4492.0,4445.2001953125,4454.60009765625,596352
2026-04-23,Titan Company Ltd,TITAN.NS,4411.0,4474.0,4393.5,4456.5,680187
2026-04-24,Titan Company Ltd,TITAN.NS,4475.5,4486.60009765625,4361.39990234375,4410.0,958536
2026-04-27,Titan Company Ltd,TITAN.NS,4438.7998046875,4464.0,4388.39990234375,4441.7998046875,649222
2026-04-28,Titan Company Ltd,TITAN.NS,4412.2998046875,4475.0,4395.39990234375,4417.0,620778
2026-04-29,Titan Company Ltd,TITAN.NS,4419.89990234375,4472.39990234375,4410.2001953125,4439.7998046875,702730
2026-04-30,Titan Company Ltd,TITAN.NS,4438.0,4438.0,4358.0,4385.2001953125,869299
2026-05-01,Titan Company Ltd,TITAN.NS,4385.2001953125,4385.2001953125,4385.2001953125,4385.2001953125,0
2026-05-04,Titan Company Ltd,TITAN.NS,4407.10009765625,4447.39990234375,4352.7001953125,4363.0,709160
2026-05-05,Titan Company Ltd,TITAN.NS,4355.0,4397.0,4330.2998046875,4373.60009765625,850790
2026-05-06,Titan Company Ltd,TITAN.NS,4397.5,4441.10009765625,4297.10009765625,4359.60009765625,1459870
2026-05-07,Titan Company Ltd,TITAN.NS,4349.89990234375,4359.0,4261.0,4307.5,1377631
2026-05-08,Titan Company Ltd,TITAN.NS,4314.0,4605.0,4213.39990234375,4509.0,4777990
2026-05-11,Titan Company Ltd,TITAN.NS,4350.39990234375,4379.5,4150.10009765625,4205.60009765625,5925166
2026-05-12,Titan Company Ltd,TITAN.NS,4160.0,4213.60009765625,4047.0,4055.300048828125,1978748
2026-05-13,Titan Company Ltd,TITAN.NS,4030.0,4110.0,3985.10009765625,4090.699951171875,2841521
2026-05-14,Titan Company Ltd,TITAN.NS,4115.0,4147.0,4059.10009765625,4135.2001953125,1127140
2026-05-15,Titan Company Ltd,TITAN.NS,4155.0,4194.0,4142.39990234375,4169.10009765625,901617
2026-05-18,Titan Company Ltd,TITAN.NS,4130.10009765625,4182.7001953125,4065.60009765625,4169.7001953125,851825
2026-05-19,Titan Company Ltd,TITAN.NS,4136.2998046875,4167.89990234375,4095.0,4102.0,711398
2026-05-20,Titan Company Ltd,TITAN.NS,4053.0,4116.7001953125,4053.0,4106.39990234375,913576
2026-05-21,Titan Company Ltd,TITAN.NS,4120.0,4136.39990234375,4070.0,4083.10009765625,863060
2026-05-22,Titan Company Ltd,TITAN.NS,4057.199951171875,4113.7998046875,4054.10009765625,4079.800048828125,768112
2026-05-25,Titan Company Ltd,TITAN.NS,4120.10009765625,4170.0,4110.39990234375,4159.2001953125,606086
2026-05-26,Titan Company Ltd,TITAN.NS,4151.89990234375,4160.0,4091.0,4105.89990234375,766717
2026-05-27,Titan Company Ltd,TITAN.NS,4098.2998046875,4165.10009765625,4091.10009765625,4137.89990234375,474044
2026-05-28,Titan Company Ltd,TITAN.NS,4137.89990234375,4137.89990234375,4137.89990234375,4137.89990234375,0
2026-05-29,Titan Company Ltd,TITAN.NS,4116.2001953125,4163.2998046875,4059.0,4074.89990234375,2001419
2026-06-01,Titan Company Ltd,TITAN.NS,4100.0,4105.0,4007.0,4024.60009765625,450200
2026-06-02,Titan Company Ltd,TITAN.NS,4017.39990234375,4088.0,3986.0,4078.10009765625,522015
2026-06-03,Titan Company Ltd,TITAN.NS,4057.0,4103.7998046875,4002.0,4088.800048828125,959352
2026-06-04,Titan Company Ltd,TITAN.NS,4075.0,4273.7998046875,4052.300048828125,4231.0,1761933
2026-06-05,Titan Company Ltd,TITAN.NS,4269.0,4289.0,4223.2001953125,4260.2001953125,1390200
2026-06-08,Titan Company Ltd,TITAN.NS,4196.7998046875,4238.10009765625,4180.7001953125,4192.39990234375,666737
2026-06-09,Titan Company Ltd,TITAN.NS,4190.89990234375,4217.0,4087.199951171875,4104.89990234375,1284964
2026-06-10,Titan Company Ltd,TITAN.NS,4104.89990234375,4119.10009765625,4035.0,4042.10009765625,613629
2026-06-11,Titan Company Ltd,TITAN.NS,4020.10009765625,4069.699951171875,3962.800048828125,4025.199951171875,767665
2026-06-12,Titan Company Ltd,TITAN.NS,4067.800048828125,4200.0,4052.699951171875,4184.0,1122271
2026-06-15,Titan Company Ltd,TITAN.NS,4221.0,4297.0,4220.2998046875,4283.5,1076822
2026-06-16,Titan Company Ltd,TITAN.NS,4298.10009765625,4344.0,4283.5,4338.0,779706
2026-06-17,Titan Company Ltd,TITAN.NS,4338.0,4395.0,4327.5,4380.5,623868
2026-06-18,Titan Company Ltd,TITAN.NS,4380.0,4410.0,4333.10009765625,4387.89990234375,562833
2026-06-19,Titan Company Ltd,TITAN.NS,4360.0,4441.7001953125,4360.0,4419.89990234375,941346
2026-06-22,Titan Company Ltd,TITAN.NS,4405.2998046875,4414.5,4353.0,4372.5,390835
2026-06-23,Titan Company Ltd,TITAN.NS,4375.0,4417.39990234375,4291.10009765625,4305.2998046875,586588
2026-06-24,Titan Company Ltd,TITAN.NS,4302.0,4340.7998046875,4263.7001953125,4323.7998046875,652078
2026-06-25,Titan Company Ltd,TITAN.NS,4335.0,4335.0,4225.0,4291.2998046875,754050
2026-06-26,Titan Company Ltd,TITAN.NS,4291.2998046875,4291.2998046875,4291.2998046875,4291.2998046875,0
2026-06-29,Titan Company Ltd,TITAN.NS,4285.0,4316.2998046875,4266.60009765625,4277.2001953125,569087
2026-06-30,Titan Company Ltd,TITAN.NS,4277.5,4428.39990234375,4275.0,4404.0,1243464
2026-07-01,Titan Company Ltd,TITAN.NS,4469.0,4504.5,4390.10009765625,4398.60009765625,1168751
2026-07-02,Titan Company Ltd,TITAN.NS,4404.0,4497.0,4383.10009765625,4481.10009765625,820705
2026-07-03,Titan Company Ltd,TITAN.NS,4495.0,4507.7001953125,4451.0,4461.10009765625,542120
2026-07-06,Titan Company Ltd,TITAN.NS,4450.0,4490.5,4450.0,4484.39990234375,589165
2026-07-07,Titan Company Ltd,TITAN.NS,4550.0,4655.89990234375,4505.0,4604.2001953125,3385946
2026-07-08,Titan Company Ltd,TITAN.NS,4590.39990234375,4630.0,4561.7001953125,4586.39990234375,1045703
2026-07-09,Titan Company Ltd,TITAN.NS,4614.7998046875,4679.7998046875,4546.10009765625,4555.7998046875,1777107
2026-07-10,Titan Company Ltd,TITAN.NS,4578.60009765625,4602.7998046875,4560.7001953125,4584.39990234375,652646
2026-07-13,Titan Company Ltd,TITAN.NS,4578.0,4635.0,4524.39990234375,4601.5,770367
2026-07-14,Titan Company Ltd,TITAN.NS,4579.7998046875,4600.0,4554.0,4573.7001953125,631158
2026-07-15,Titan Company Ltd,TITAN.NS,4573.7001953125,4607.0,4565.10009765625,4579.39990234375,619451
2026-07-16,Titan Company Ltd,TITAN.NS,4585.2998046875,4668.7998046875,4580.0,4625.7998046875,1136159
2026-07-17,Titan Company Ltd,TITAN.NS,4626.0,4647.5,4610.10009765625,4638.10009765625,667212
2026-07-20,Titan Company Ltd,TITAN.NS,4638.10009765625,4660.0,4625.2998046875,4643.39990234375,274158
2026-07-21,Titan Company Ltd,TITAN.NS,4644.2001953125,4691.7001953125,4629.2001953125,4688.7001953125,530094
2026-07-22,Titan Company Ltd,TITAN.NS,4685.7001953125,4733.0,4675.0,4711.60009765625,996475
2026-07-23,Titan Company Ltd,TITAN.NS,4700.0,4709.7998046875,4671.60009765625,4697.2998046875,421185
2026-07-24,Titan Company Ltd,TITAN.NS,4605.0,4697.0,4604.10009765625,4677.0,513858
2026-07-27,Titan Company Ltd,TITAN.NS,4686.89990234375,4749.10009765625,4686.89990234375,4740.10009765625,500721
2026-07-28,Titan Company Ltd,TITAN.NS,4750.0,4860.0,4712.89990234375,4849.7001953125,1321587
2026-07-29,Titan Company Ltd,TITAN.NS,4849.7001953125,4866.89990234375,4823.2001953125,4850.2001953125,837059
2026-07-30,Titan Company Ltd,TITAN.NS,4820.89990234375,4869.89990234375,4820.89990234375,4850.0,777361
2026-07-31,Titan Company Ltd,TITAN.NS,4850.0,4886.0,4820.89990234375,4875.2001953125,1003314
2026-08-03,Titan Company Ltd,TITAN.NS,4875.2001953125,5000.0,4851.7998046875,5000.0,505420
2026-08-04,Titan Company Ltd,TITAN.NS,4935.0,4935.0,4862.0,4935.0,1181747
2026-08-05,Titan Company Ltd,TITAN.NS,4910.2001953125,4920.60009765625,4882.2998046875,4912.39990234375,546332
2026-08-06,Titan Company Ltd,TITAN.NS,4883.89990234375,5005.0,4883.89990234375,4998.0,1283840
2026-08-07,Titan Company Ltd,TITAN.NS,4978.10009765625,5003.0,4891.2998046875,4941.0,1166858
2026-08-10,Titan Company Ltd,TITAN.NS,4932.0,5122.2001953125,4886.2001953125,5090.0,3664718
2026-08-11,Titan Company Ltd,TITAN.NS,5090.0,5168.0,5090.0,5128.0,1664853
2026-08-12,Titan Company Ltd,TITAN.NS,5128.0,5128.0,4992.0,5099.0,1105157
2026-08-13,Titan Company Ltd,TITAN.NS,5069.5,5071.5,5010.0,5063.7001953125,533274
2026-08-14,Titan Company Ltd,TITAN.NS,5064.0,5090.5,5046.39990234375,5056.2001953125,587764
2026-08-17,Titan Company Ltd,TITAN.NS,5056.2001953125,5111.0,5037.2001953125,5068.5,565258
2026-08-18,Titan Company Ltd,TITAN.NS,5060.0,5094.89990234375,5042.5,5048.60009765625,354873
2026-08-19,Titan Company Ltd,TITAN.NS,5045.0,5074.7998046875,5038.0,5068.0,412981
2026-08-20,Titan Company Ltd,TITAN.NS,5084.89990234375,5110.0,5060.10009765625,5068.0,614435
2026-08-21,Titan Company Ltd,TITAN.NS,5068.0,5090.39990234375,5011.0,5086.10009765625,352381
2026-08-24,Titan Company Ltd,TITAN.NS,5086.7998046875,5093.39990234375,5050.0,5079.0,256376
2026-08-25,Titan Company Ltd,TITAN.NS,5059.10009765625,5124.7998046875,5052.7001953125,5124.7998046875,347515
2026-08-26,Titan Company Ltd,TITAN.NS,5149.89990234375,5149.89990234375,5091.0,5100.0,377617
2026-08-27,Titan Company Ltd,TITAN.NS,5100.0,5186.7001953125,5069.5,5139.2998046875,1101845
2026-08-28,Titan Company Ltd,TITAN.NS,5155.0,5169.89990234375,5136.0,5169.2001953125,547804
2026-08-31,Titan Company Ltd,TITAN.NS,5159.0,5159.0,5088.0,5102.39990234375,630695
2026-09-01,Titan Company Ltd,TITAN.NS,5104.0,5126.5,5010.5,5050.0,466855
2026-09-02,Titan Company Ltd,TITAN.NS,4972.0,5092.0,4971.5,5074.0,812660
2026-09-03,Titan Company Ltd,TITAN.NS,5057.5,5072.5,4952.0,5027.0,571600
2026-09-04,Titan Company Ltd,TITAN.NS,5010.0,5022.0,4980.0,5020.0,310845
2026-09-07,Titan Company Ltd,TITAN.NS,5010.0,5028.0,4958.5,4995.0,480336
2026-09-08,Titan Company Ltd,TITAN.NS,4975.0,5015.5,4969.0,4987.0,432671
2026-09-09,Titan Company Ltd,TITAN.NS,5010.0,5019.0,4968.0,5005.0,502050
2026-09-10,Titan Company Ltd,TITAN.NS,5000.5,5021.0,4974.5,5021.0,336565
2026-09-11,Titan Company Ltd,TITAN.NS,4964.0,5015.0,4943.0,5009.5,403235
2026-09-14,Titan Company Ltd,TITAN.NS,5009.5,5009.5,5009.5,5009.5,0
2026-09-15,Titan Company Ltd,TITAN.NS,5003.0,5003.0,4856.0,4856.0,504447
2026-09-16,Titan Company Ltd,TITAN.NS,4880.0,4921.5,4845.0,4908.5,376036
2026-09-17,Titan Company Ltd,TITAN.NS,4895.0,4915.5,4838.5,4841.0,489416
2026-09-18,Titan Company Ltd,TITAN.NS,4851.0,4864.5,4772.0,4798.5,1066023
2026-09-21,Titan Company Ltd,TITAN.NS,4816.5,4880.0,4780.0,4875.0,665067
2026-09-22,Titan Company Ltd,TITAN.NS,4876.0,4982.0,4862.5,4928.5,1238174
2026-09-23,Titan Company Ltd,TITAN.NS,4928.5,4951.0,4852.5,4880.0,769737
2026-09-24,Titan Company Ltd,TITAN.NS,4868.0,4912.0,4830.0,4832.5,504126
2026-09-25,Titan Company Ltd,TITAN.NS,4855.0,4884.0,4821.5,4884.0,368677
2026-09-28,Titan Company Ltd,TITAN.NS,4881.0,4881.0,4810.0,4819.5,632938
2026-09-29,Titan Company Ltd,TITAN.NS,4808.0,4818.5,4675.0,4675.0,1188414
2026-09-30,Titan Company Ltd,TITAN.NS,4683.0,4698.0,4587.0,4587.0,927060
2026-10-01,Titan Company Ltd,TITAN.NS,4574.89990234375,4621.7998046875,4491.0,4515.7001953125,694098
2025-10-03,Wipro Ltd,WIPRO.NS,240.97999572753906,241.39999389648438,238.05999755859375,240.97999572753906,10968346
2025-10-06,Wipro Ltd,WIPRO.NS,240.0,242.9600067138672,239.32000732421875,242.1300048828125,6064946
2025-10-07,Wipro Ltd,WIPRO.NS,242.89999389648438,245.0,242.13999938964844,243.52999877929688,6587728
2025-10-08,Wipro Ltd,WIPRO.NS,243.25,246.35000610351562,242.57000732421875,244.27000427246094,7360563
2025-10-09,Wipro Ltd,WIPRO.NS,243.99000549316406,246.8000030517578,243.16000366210938,246.39999389648438,4629760
2025-10-10,Wipro Ltd,WIPRO.NS,248.0,251.25,246.25,248.6999969482422,7070200
2025-10-13,Wipro Ltd,WIPRO.NS,246.05999755859375,247.6999969482422,244.50999450683594,245.1300048828125,6717589
2025-10-14,Wipro Ltd,WIPRO.NS,245.8000030517578,250.14999389648438,245.11000061035156,248.4199981689453,7888607
2025-10-15,Wipro Ltd,WIPRO.NS,250.0,252.1300048828125,248.5399932861328,250.2100067138672,13278925
2025-10-16,Wipro Ltd,WIPRO.NS,250.39999389648438,254.07000732421875,248.8000030517578,253.80999755859375,10661302
2025-10-17,Wipro Ltd,WIPRO.NS,250.0,250.0,239.11000061035156,240.89999389648438,43802251
2025-10-20,Wipro Ltd,WIPRO.NS,240.89999389648438,241.94000244140625,239.27000427246094,241.24000549316406,9871824
2025-10-21,Wipro Ltd,WIPRO.NS,241.0,242.16000366210938,240.36000061035156,241.36000061035156,2082336
2025-10-23,Wipro Ltd,WIPRO.NS,244.8000030517578,247.8000030517578,243.3699951171875,244.3000030517578,18964626
2025-10-24,Wipro Ltd,WIPRO.NS,245.0,245.8800048828125,242.16000366210938,242.97999572753906,6803979
2025-10-27,Wipro Ltd,WIPRO.NS,243.2899932861328,245.72999572753906,243.05999755859375,243.91000366210938,9550336
2025-10-28,Wipro Ltd,WIPRO.NS,243.66000366210938,244.6999969482422,241.39999389648438,242.3800048828125,8780789
2025-10-29,Wipro Ltd,WIPRO.NS,243.60000610351562,243.60000610351562,241.63999938964844,242.27999877929688,8776917
2025-10-30,Wipro Ltd,WIPRO.NS,242.88999938964844,244.77000427246094,240.5,241.9199981689453,8344622
2025-10-31,Wipro Ltd,WIPRO.NS,242.11000061035156,243.19000244140625,240.5,240.6699981689453,5659566
2025-11-03,Wipro Ltd,WIPRO.NS,240.6699981689453,241.2899932861328,239.5,240.5,4902693
2025-11-04,Wipro Ltd,WIPRO.NS,240.5,240.83999633789062,237.52000427246094,237.9199981689453,6848284
2025-11-06,Wipro Ltd,WIPRO.NS,240.0,240.6199951171875,238.3699951171875,240.0500030517578,7141517
2025-11-07,Wipro Ltd,WIPRO.NS,238.6999969482422,239.25,236.0,236.49000549316406,5520619
2025-11-10,Wipro Ltd,WIPRO.NS,237.44000244140625,241.5500030517578,237.02000427246094,239.83999633789062,8566758
2025-11-11,Wipro Ltd,WIPRO.NS,241.10000610351562,242.0500030517578,238.80999755859375,241.69000244140625,8831094
2025-11-12,Wipro Ltd,WIPRO.NS,242.75,246.3000030517578,242.10000610351562,245.22000122070312,13152546
2025-11-13,Wipro Ltd,WIPRO.NS,246.0,246.0,244.0,245.3300018310547,6211124
2025-11-14,Wipro Ltd,WIPRO.NS,243.9199981689453,245.89999389648438,242.14999389648438,244.3699951171875,6841554
2025-11-17,Wipro Ltd,WIPRO.NS,243.97000122070312,244.77999877929688,242.69000244140625,244.0500030517578,6559062
2025-11-18,Wipro Ltd,WIPRO.NS,242.92999267578125,244.0,240.3000030517578,240.89999389648438,4730012
2025-11-19,Wipro Ltd,WIPRO.NS,241.1999969482422,246.85000610351562,240.5399932861328,246.07000732421875,13298452
2025-11-20,Wipro Ltd,WIPRO.NS,247.5,247.8000030517578,245.7100067138672,246.25999450683594,6705862
2025-11-21,Wipro Ltd,WIPRO.NS,245.0,247.25,243.61000061035156,244.49000549316406,5516450
2025-11-24,Wipro Ltd,WIPRO.NS,245.02000427246094,249.3800048828125,245.02000427246094,247.27000427246094,19711070
2025-11-25,Wipro Ltd,WIPRO.NS,248.0,248.0,244.0,245.63999938964844,8188793
2025-11-26,Wipro Ltd,WIPRO.NS,246.0,250.5500030517578,245.6199951171875,250.19000244140625,8202096
2025-11-27,Wipro Ltd,WIPRO.NS,250.39999389648438,251.9199981689453,247.69000244140625,249.55999755859375,5268129
2025-11-28,Wipro Ltd,WIPRO.NS,251.0,251.99000549316406,248.60000610351562,249.52999877929688,7049965
2025-12-01,Wipro Ltd,WIPRO.NS,250.10000610351562,250.75,248.86000061035156,250.27999877929688,3865446
2025-12-02,Wipro Ltd,WIPRO.NS,250.0,251.4499969482422,248.8699951171875,250.1699981689453,8535708
2025-12-03,Wipro Ltd,WIPRO.NS,250.60000610351562,257.1300048828125,250.5500030517578,254.69000244140625,17215454
2025-12-04,Wipro Ltd,WIPRO.NS,256.0,258.79998779296875,255.5,256.92999267578125,10687381
2025-12-05,Wipro Ltd,WIPRO.NS,258.20001220703125,261.1000061035156,257.70001220703125,259.9100036621094,7886562
2025-12-08,Wipro Ltd,WIPRO.NS,260.010009765625,263.07000732421875,259.7099914550781,261.3800048828125,9684253
2025-12-09,Wipro Ltd,WIPRO.NS,261.3800048828125,261.82000732421875,257.04998779296875,257.4100036621094,8560580
2025-12-10,Wipro Ltd,WIPRO.NS,258.010009765625,260.3699951171875,257.25,257.9800109863281,7944200
2025-12-11,Wipro Ltd,WIPRO.NS,258.30999755859375,259.9800109863281,257.7200012207031,259.25,6473376
2025-12-12,Wipro Ltd,WIPRO.NS,259.5,260.82000732421875,257.3599853515625,260.6000061035156,4008271
2025-12-15,Wipro Ltd,WIPRO.NS,259.989990234375,262.5,258.5400085449219,261.739990234375,4023911
2025-12-16,Wipro Ltd,WIPRO.NS,261.739990234375,261.75,258.79998779296875,259.2200012207031,2982041
2025-12-17,Wipro Ltd,WIPRO.NS,259.0,262.1300048828125,258.30999755859375,261.1400146484375,4923276
2025-12-18,Wipro Ltd,WIPRO.NS,261.17999267578125,264.989990234375,261.0,263.8500061035156,9008412
2025-12-19,Wipro Ltd,WIPRO.NS,267.0,267.0,263.29998779296875,264.45001220703125,12750745
2025-12-22,Wipro Ltd,WIPRO.NS,267.510009765625,273.1000061035156,266.79998779296875,272.6700134277344,14651313
2025-12-23,Wipro Ltd,WIPRO.NS,272.0,272.4800109863281,270.2099914550781,271.3999938964844,7572420
2025-12-24,Wipro Ltd,WIPRO.NS,270.94000244140625,270.9800109863281,267.20001220703125,268.05999755859375,4694861
2025-12-26,Wipro Ltd,WIPRO.NS,267.20001220703125,268.8800048828125,265.739990234375,266.29998779296875,2899112
2025-12-29,Wipro Ltd,WIPRO.NS,265.989990234375,267.3900146484375,263.6000061035156,264.239990234375,3755074
2025-12-30,Wipro Ltd,WIPRO.NS,264.0,264.7200012207031,263.0199890136719,263.6499938964844,5117699
2025-12-31,Wipro Ltd,WIPRO.NS,264.0,264.6000061035156,261.260009765625,263.2799987792969,5705044
2026-01-01,Wipro Ltd,WIPRO.NS,264.5,268.04998779296875,263.75,267.3500061035156,3639755
2026-01-02,Wipro Ltd,WIPRO.NS,267.3500061035156,272.3999938964844,266.1499938964844,269.0,8286204
2026-01-05,Wipro Ltd,WIPRO.NS,269.45001220703125,269.6499938964844,261.70001220703125,263.29998779296875,7006599
2026-01-06,Wipro Ltd,WIPRO.NS,263.29998779296875,266.1000061035156,262.95001220703125,265.6000061035156,4083654
2026-01-07,Wipro Ltd,WIPRO.NS,265.0,272.5,264.5,270.79998779296875,10242615
2026-01-08,Wipro Ltd,WIPRO.NS,270.8999938964844,270.8999938964844,261.3500061035156,262.20001220703125,9269522
2026-01-09,Wipro Ltd,WIPRO.NS,261.3500061035156,263.95001220703125,260.45001220703125,261.95001220703125,4735387
2026-01-12,Wipro Ltd,WIPRO.NS,260.70001220703125,264.5,259.04998779296875,263.1000061035156,3802164
2026-01-13,Wipro Ltd,WIPRO.NS,263.45001220703125,264.8500061035156,261.29998779296875,264.20001220703125,6931244
2026-01-14,Wipro Ltd,WIPRO.NS,264.0,264.0,259.6000061035156,260.20001220703125,5625861
2026-01-15,Wipro Ltd,WIPRO.NS,260.20001220703125,260.20001220703125,260.20001220703125,260.20001220703125,0
2026-01-16,Wipro Ltd,WIPRO.NS,263.25,269.79998779296875,263.0,267.45001220703125,12028289
2026-01-19,Wipro Ltd,WIPRO.NS,252.0,252.0,241.5500030517578,245.9499969482422,65833247
2026-01-20,Wipro Ltd,WIPRO.NS,245.9499969482422,246.0,239.39999389648438,239.89999389648438,16796201
2026-01-21,Wipro Ltd,WIPRO.NS,239.89999389648438,242.60000610351562,237.60000610351562,239.5500030517578,14397792
2026-01-22,Wipro Ltd,WIPRO.NS,242.0,242.89999389648438,239.1999969482422,240.64999389648438,8537915
2026-01-23,Wipro Ltd,WIPRO.NS,242.3000030517578,243.5500030517578,237.85000610351562,238.39999389648438,13546802
2026-01-27,Wipro Ltd,WIPRO.NS,235.1999969482422,236.39999389648438,231.75,234.8000030517578,15677537
2026-01-28,Wipro Ltd,WIPRO.NS,235.5,238.10000610351562,234.9499969482422,237.35000610351562,10155128
2026-01-29,Wipro Ltd,WIPRO.NS,236.1999969482422,240.89999389648438,235.4499969482422,239.8000030517578,12201949
2026-01-30,Wipro Ltd,WIPRO.NS,238.0,238.0,235.3000030517578,236.89999389648438,11362317
2026-02-02,Wipro Ltd,WIPRO.NS,244.0,244.0800018310547,239.2899932861328,242.3000030517578,12335721
2026-02-03,Wipro Ltd,WIPRO.NS,259.2099914550781,259.8900146484375,242.27999877929688,242.69000244140625,25915412
2026-02-04,Wipro Ltd,WIPRO.NS,235.91000366210938,235.9199981689453,226.25999450683594,233.33999633789062,25995324
2026-02-05,Wipro Ltd,WIPRO.NS,233.33999633789062,235.57000732421875,231.6999969482422,233.38999938964844,10102736
2026-02-06,Wipro Ltd,WIPRO.NS,232.92999267578125,232.92999267578125,228.60000610351562,230.72000122070312,12279085
2026-02-09,Wipro Ltd,WIPRO.NS,231.85000610351562,232.92999267578125,229.61000061035156,230.0800018310547,9112474
2026-02-10,Wipro Ltd,WIPRO.NS,229.97999572753906,232.86000061035156,227.1999969482422,231.47000122070312,12435622
2026-02-11,Wipro Ltd,WIPRO.NS,231.47000122070312,233.0,229.5,229.80999755859375,7874912
2026-02-12,Wipro Ltd,WIPRO.NS,226.1999969482422,226.25999450683594,218.5,219.0800018310547,40899346
2026-02-13,Wipro Ltd,WIPRO.NS,210.64999389648438,216.47999572753906,209.00999450683594,214.08999633789062,23721186
2026-02-16,Wipro Ltd,WIPRO.NS,214.6199951171875,216.91000366210938,210.11000061035156,213.25999450683594,20754327
2026-02-17,Wipro Ltd,WIPRO.NS,213.25999450683594,219.38999938964844,212.25999450683594,215.69000244140625,26941553
2026-02-18,Wipro Ltd,WIPRO.NS,216.1999969482422,216.39999389648438,210.25999450683594,211.9499969482422,22679760
2026-02-19,Wipro Ltd,WIPRO.NS,214.0,215.44000244140625,210.39999389648438,211.2100067138672,14151588
2026-02-20,Wipro Ltd,WIPRO.NS,209.6999969482422,211.9600067138672,208.25,209.86000061035156,17690420
2026-02-23,Wipro Ltd,WIPRO.NS,210.36000061035156,211.74000549316406,204.27999877929688,205.88999938964844,20946229
2026-02-24,Wipro Ltd,WIPRO.NS,203.0,203.2899932861328,199.36000061035156,200.13999938964844,25036686
2026-02-25,Wipro Ltd,WIPRO.NS,201.30999755859375,205.47999572753906,201.30999755859375,201.9199981689453,13979068
2026-02-26,Wipro Ltd,WIPRO.NS,203.7100067138672,204.6300048828125,199.1199951171875,201.0800018310547,14378069
2026-02-27,Wipro Ltd,WIPRO.NS,204.0,204.0,200.0500030517578,200.9600067138672,13288519
2026-03-02,Wipro Ltd,WIPRO.NS,195.0,200.36000061035156,194.6999969482422,198.57000732421875,10486866
2026-03-04,Wipro Ltd,WIPRO.NS,196.00999450683594,197.1199951171875,194.50999450683594,195.5500030517578,19562075
2026-03-05,Wipro Ltd,WIPRO.NS,196.39999389648438,196.97000122070312,193.22000122070312,195.67999267578125,13149281
2026-03-06,Wipro Ltd,WIPRO.NS,195.60000610351562,198.92999267578125,195.0,195.39999389648438,9022914
2026-03-09,Wipro Ltd,WIPRO.NS,194.0,199.5,193.02999877929688,198.75,25862728
2026-03-10,Wipro Ltd,WIPRO.NS,200.5,201.30999755859375,197.4199981689453,200.92999267578125,12982340
2026-03-11,Wipro Ltd,WIPRO.NS,202.69000244140625,205.9499969482422,201.5800018310547,202.22999572753906,29199002
2026-03-12,Wipro Ltd,WIPRO.NS,201.05999755859375,203.8000030517578,199.6999969482422,202.50999450683594,19042475
2026-03-13,Wipro Ltd,WIPRO.NS,200.60000610351562,202.07000732421875,196.0399932861328,197.5800018310547,12629652
2026-03-16,Wipro Ltd,WIPRO.NS,196.24000549316406,198.2899932861328,192.77000427246094,195.11000061035156,12631649
2026-03-17,Wipro Ltd,WIPRO.NS,195.0,195.11000061035156,188.25,191.32000732421875,21778468
2026-03-18,Wipro Ltd,WIPRO.NS,193.0,198.0,192.69000244140625,194.3000030517578,24529164
2026-03-19,Wipro Ltd,WIPRO.NS,191.97999572753906,192.7899932861328,187.67999267578125,188.41000366210938,13685195
2026-03-20,Wipro Ltd,WIPRO.NS,191.19000244140625,192.3000030517578,188.41000366210938,190.89999389648438,24395304
2026-03-23,Wipro Ltd,WIPRO.NS,189.41000366210938,190.6199951171875,187.0,187.5399932861328,12014988
2026-03-24,Wipro Ltd,WIPRO.NS,191.5,191.5,187.8000030517578,188.74000549316406,11843191
2026-03-25,Wipro Ltd,WIPRO.NS,189.0,190.6199951171875,187.89999389648438,189.0500030517578,13862888
2026-03-27,Wipro Ltd,WIPRO.NS,189.0500030517578,192.2899932861328,187.89999389648438,191.60000610351562,26269256
2026-03-30,Wipro Ltd,WIPRO.NS,189.99000549316406,191.6300048828125,186.5,187.63999938964844,27946986
2026-04-01,Wipro Ltd,WIPRO.NS,191.50999450683594,194.49000549316406,190.41000366210938,191.17999267578125,11769673
2026-04-02,Wipro Ltd,WIPRO.NS,190.5,195.33999633789062,188.5800018310547,194.91000366210938,16623045
2026-04-06,Wipro Ltd,WIPRO.NS,197.0,201.17999267578125,196.11000061035156,197.2899932861328,23282287
2026-04-07,Wipro Ltd,WIPRO.NS,197.00999450683594,205.27000427246094,197.00999450683594,204.72000122070312,24771466
2026-04-08,Wipro Ltd,WIPRO.NS,207.6999969482422,209.0,202.8000030517578,203.4199981689453,22084158
2026-04-09,Wipro Ltd,WIPRO.NS,203.7100067138672,204.16000366210938,201.6300048828125,202.8699951171875,14540807
2026-04-10,Wipro Ltd,WIPRO.NS,208.6999969482422,208.6999969482422,200.6199951171875,204.8800048828125,51219565
2026-04-13,Wipro Ltd,WIPRO.NS,203.00999450683594,203.39999389648438,200.30999755859375,202.97000122070312,21930624
2026-04-15,Wipro Ltd,WIPRO.NS,206.5,210.49000549316406,205.10000610351562,209.75,27890080
2026-04-16,Wipro Ltd,WIPRO.NS,212.97999572753906,212.97999572753906,208.2100067138672,210.25999450683594,36305074
2026-04-17,Wipro Ltd,WIPRO.NS,205.0,206.4499969482422,202.5,204.32000732421875,80542603
2026-04-20,Wipro Ltd,WIPRO.NS,204.5,205.1999969482422,202.0,202.47999572753906,27927164
2026-04-21,Wipro Ltd,WIPRO.NS,203.0,205.6999969482422,202.47999572753906,205.00999450683594,21530723
2026-04-22,Wipro Ltd,WIPRO.NS,203.5,205.3800048828125,202.1999969482422,204.0,21790433
2026-04-23,Wipro Ltd,WIPRO.NS,204.0,204.89999389648438,202.3000030517578,202.75999450683594,20307250
2026-04-24,Wipro Ltd,WIPRO.NS,202.75,202.75,197.8800048828125,199.36000061035156,39363394
2026-04-27,Wipro Ltd,WIPRO.NS,199.36000061035156,205.25,199.36000061035156,205.0500030517578,42632215
2026-04-28,Wipro Ltd,WIPRO.NS,204.55999755859375,205.67999267578125,201.02000427246094,201.5800018310547,23455983
2026-04-29,Wipro Ltd,WIPRO.NS,201.5800018310547,203.60000610351562,200.3000030517578,200.67999267578125,15667662
2026-04-30,Wipro Ltd,WIPRO.NS,200.88999938964844,202.14999389648438,200.0,200.64999389648438,15300274
2026-05-01,Wipro Ltd,WIPRO.NS,200.64999389648438,200.64999389648438,200.64999389648438,200.64999389648438,0
2026-05-04,Wipro Ltd,WIPRO.NS,202.39999389648438,203.3699951171875,200.05999755859375,200.75,8446995
2026-05-05,Wipro Ltd,WIPRO.NS,200.0,202.3000030517578,199.60000610351562,199.77999877929688,8899200
2026-05-06,Wipro Ltd,WIPRO.NS,200.50999450683594,201.1300048828125,198.25,199.1199951171875,13166683
2026-05-07,Wipro Ltd,WIPRO.NS,199.5,200.27999877929688,197.19000244140625,197.36000061035156,19303572
2026-05-08,Wipro Ltd,WIPRO.NS,198.0,198.94000244140625,196.6999969482422,197.91000366210938,15970687
2026-05-11,Wipro Ltd,WIPRO.NS,197.8800048828125,198.24000549316406,196.14999389648438,196.67999267578125,9199527
2026-05-12,Wipro Ltd,WIPRO.NS,196.10000610351562,196.13999938964844,189.10000610351562,189.57000732421875,27435195
2026-05-13,Wipro Ltd,WIPRO.NS,190.6699981689453,191.3000030517578,187.30999755859375,187.8000030517578,17242394
2026-05-14,Wipro Ltd,WIPRO.NS,188.25,190.17999267578125,187.0,188.3000030517578,18280387
2026-05-15,Wipro Ltd,WIPRO.NS,189.89999389648438,191.89999389648438,188.8000030517578,190.0,17902610
2026-05-18,Wipro Ltd,WIPRO.NS,190.99000549316406,192.75,189.1999969482422,192.1699981689453,16327369
2026-05-19,Wipro Ltd,WIPRO.NS,192.39999389648438,198.0,192.39999389648438,195.1699981689453,20534622
2026-05-20,Wipro Ltd,WIPRO.NS,194.61000061035156,197.94000244140625,194.00999450683594,197.1199951171875,16201692
2026-05-21,Wipro Ltd,WIPRO.NS,198.5,200.0399932861328,197.5,199.74000549316406,18980608
2026-05-22,Wipro Ltd,WIPRO.NS,200.0,205.39999389648438,198.8300018310547,203.11000061035156,40014399
2026-05-25,Wipro Ltd,WIPRO.NS,207.0,209.5500030517578,204.05999755859375,206.83999633789062,72041558
2026-05-26,Wipro Ltd,WIPRO.NS,206.99000549316406,208.69000244140625,202.94000244140625,203.72999572753906,46458415
2026-05-27,Wipro Ltd,WIPRO.NS,203.85000610351562,205.99000549316406,200.1999969482422,201.5800018310547,39465643
2026-05-28,Wipro Ltd,WIPRO.NS,201.5800018310547,201.5800018310547,201.5800018310547,201.5800018310547,0
2026-05-29,Wipro Ltd,WIPRO.NS,211.0,211.0,203.64999389648438,204.25,82734524
2026-06-01,Wipro Ltd,WIPRO.NS,205.10000610351562,207.75,205.10000610351562,206.41000366210938,26491139
2026-06-02,Wipro Ltd,WIPRO.NS,208.0,210.17999267578125,206.50999450683594,209.83999633789062,42476874
2026-06-03,Wipro Ltd,WIPRO.NS,208.0,208.39999389648438,202.0,204.10000610351562,62282204
2026-06-04,Wipro Ltd,WIPRO.NS,203.0,205.08999633789062,202.10000610351562,204.32000732421875,40659957
2026-06-05,Wipro Ltd,WIPRO.NS,191.52000427246094,199.0,188.14999389648438,198.3699951171875,43539069
2026-06-08,Wipro Ltd,WIPRO.NS,193.38999938964844,193.88999938964844,181.0,181.75999450683594,75164049
2026-06-09,Wipro Ltd,WIPRO.NS,183.97000122070312,184.35000610351562,180.60000610351562,181.6699981689453,28381665
2026-06-10,Wipro Ltd,WIPRO.NS,182.10000610351562,182.2899932861328,178.5,178.92999267578125,16935979
2026-06-11,Wipro Ltd,WIPRO.NS,176.97000122070312,178.1999969482422,175.8300018310547,177.3699951171875,14468882
2026-06-12,Wipro Ltd,WIPRO.NS,178.64999389648438,180.4499969482422,177.57000732421875,180.13999938964844,13850153
2026-06-15,Wipro Ltd,WIPRO.NS,183.0,183.0,180.91000366210938,181.3800048828125,13870660
2026-06-16,Wipro Ltd,WIPRO.NS,182.38999938964844,183.3800048828125,181.6300048828125,182.6699981689453,11706020
2026-06-17,Wipro Ltd,WIPRO.NS,184.0,185.25,183.5800018310547,184.47000122070312,16131548
2026-06-18,Wipro Ltd,WIPRO.NS,184.47000122070312,184.75999450683594,181.7100067138672,182.83999633789062,18165845
2026-06-19,Wipro Ltd,WIPRO.NS,176.75999450683594,181.47999572753906,174.88999938964844,180.8000030517578,37469436
2026-06-22,Wipro Ltd,WIPRO.NS,180.83999633789062,182.39999389648438,180.0,180.17999267578125,10368112
2026-06-23,Wipro Ltd,WIPRO.NS,179.5,179.5,174.0,174.49000549316406,23954730
2026-06-24,Wipro Ltd,WIPRO.NS,171.5,175.49000549316406,171.49000549316406,174.47999572753906,56627728
2026-06-25,Wipro Ltd,WIPRO.NS,176.0,176.38999938964844,172.69000244140625,175.0,21544904
2026-06-26,Wipro Ltd,WIPRO.NS,175.0,175.0,175.0,175.0,0
2026-06-29,Wipro Ltd,WIPRO.NS,176.27999877929688,176.69000244140625,174.60000610351562,175.47999572753906,24484011
2026-06-30,Wipro Ltd,WIPRO.NS,175.0,175.39999389648438,170.0500030517578,170.38999938964844,26845383
2026-07-01,Wipro Ltd,WIPRO.NS,171.0,172.14999389648438,169.25,170.1300048828125,34638511
2026-07-02,Wipro Ltd,WIPRO.NS,169.49000549316406,174.97000122070312,169.0,174.0,43447174
2026-07-03,Wipro Ltd,WIPRO.NS,176.1999969482422,178.13999938964844,174.58999633789062,176.0800018310547,29538753
2026-07-06,Wipro Ltd,WIPRO.NS,176.0800018310547,176.3000030517578,173.57000732421875,174.32000732421875,8304046
2026-07-07,Wipro Ltd,WIPRO.NS,173.89999389648438,176.1999969482422,172.77000427246094,173.0,18837725
2026-07-08,Wipro Ltd,WIPRO.NS,173.0,175.39999389648438,172.24000549316406,172.72000122070312,16482564
2026-07-09,Wipro Ltd,WIPRO.NS,173.0,174.2899932861328,171.64999389648438,172.75999450683594,10270117
2026-07-10,Wipro Ltd,WIPRO.NS,175.22999572753906,177.22000122070312,175.0,175.4600067138672,16249590
2026-07-13,Wipro Ltd,WIPRO.NS,174.60000610351562,179.9499969482422,174.36000061035156,178.42999267578125,22417855
2026-07-14,Wipro Ltd,WIPRO.NS,178.5,180.5,176.7100067138672,177.13999938964844,14461463
2026-07-15,Wipro Ltd,WIPRO.NS,175.1199951171875,176.60000610351562,174.49000549316406,174.64999389648438,10398720
2026-07-16,Wipro Ltd,WIPRO.NS,175.60000610351562,177.99000549316406,175.41000366210938,177.74000549316406,11184572
2026-07-17,Wipro Ltd,WIPRO.NS,173.5500030517578,176.25999450683594,173.5500030517578,176.0,22960032
2026-07-20,Wipro Ltd,WIPRO.NS,177.0,177.8000030517578,175.85000610351562,176.3800048828125,10183661
2026-07-21,Wipro Ltd,WIPRO.NS,176.11000061035156,177.5,174.5,174.97000122070312,11350578
2026-07-22,Wipro Ltd,WIPRO.NS,174.77000427246094,174.9600067138672,173.4199981689453,174.44000244140625,5057035
2026-07-23,Wipro Ltd,WIPRO.NS,173.80999755859375,175.55999755859375,173.30999755859375,174.82000732421875,9055905
2026-07-24,Wipro Ltd,WIPRO.NS,174.0,177.89999389648438,172.8000030517578,177.1199951171875,13282944
2026-07-27,Wipro Ltd,WIPRO.NS,177.5,178.77999877929688,175.61000061035156,178.52999877929688,12504426
2026-07-28,Wipro Ltd,WIPRO.NS,178.5500030517578,181.6999969482422,178.5500030517578,181.1199951171875,26873060
2026-07-29,Wipro Ltd,WIPRO.NS,183.0,185.75999450683594,181.4499969482422,183.61000061035156,26147867
2026-07-30,Wipro Ltd,WIPRO.NS,183.39999389648438,191.33999633789062,183.39999389648438,186.3300018310547,54015268
2026-07-31,Wipro Ltd,WIPRO.NS,184.85000610351562,185.24000549316406,180.8300018310547,183.64999389648438,18762810
2026-08-03,Wipro Ltd,WIPRO.NS,184.02000427246094,189.80999755859375,184.02000427246094,188.66000366210938,15840516
2026-08-04,Wipro Ltd,WIPRO.NS,189.0,189.39999389648438,186.3000030517578,186.3000030517578,11903457
2026-08-05,Wipro Ltd,WIPRO.NS,187.0,188.5399932861328,186.07000732421875,186.99000549316406,8829250
2026-08-06,Wipro Ltd,WIPRO.NS,186.0,188.24000549316406,185.41000366210938,186.1199951171875,6629768
2026-08-07,Wipro Ltd,WIPRO.NS,185.8699951171875,188.3699951171875,185.64999389648438,187.52999877929688,7823102
2026-08-10,Wipro Ltd,WIPRO.NS,187.52999877929688,187.88999938964844,185.0,185.5,5337618
2026-08-11,Wipro Ltd,WIPRO.NS,185.5,187.47999572753906,183.30999755859375,184.60000610351562,9182421
2026-08-12,Wipro Ltd,WIPRO.NS,184.50999450683594,185.0,181.91000366210938,183.94000244140625,8624548
2026-08-13,Wipro Ltd,WIPRO.NS,183.49000549316406,183.75,181.72000122070312,183.10000610351562,5434084
2026-08-14,Wipro Ltd,WIPRO.NS,183.5500030517578,185.83999633789062,183.10000610351562,184.0,7366162
2026-08-17,Wipro Ltd,WIPRO.NS,183.5,183.7100067138672,181.0,181.89999389648438,4436515
2026-08-18,Wipro Ltd,WIPRO.NS,181.89999389648438,181.99000549316406,178.05999755859375,178.05999755859375,7074731
2026-08-19,Wipro Ltd,WIPRO.NS,179.05999755859375,179.9499969482422,178.22000122070312,179.5500030517578,5964187
2026-08-20,Wipro Ltd,WIPRO.NS,181.55999755859375,182.4600067138672,180.50999450683594,181.0,5364164
2026-08-21,Wipro Ltd,WIPRO.NS,180.60000610351562,181.75999450683594,180.0,180.7899932861328,4637869
2026-08-24,Wipro Ltd,WIPRO.NS,181.0,183.9199981689453,180.55999755859375,181.30999755859375,9441129
2026-08-25,Wipro Ltd,WIPRO.NS,181.2899932861328,181.2899932861328,178.38999938964844,180.08999633789062,8352475
2026-08-26,Wipro Ltd,WIPRO.NS,180.08999633789062,180.9499969482422,176.66000366210938,177.35000610351562,9355776
2026-08-27,Wipro Ltd,WIPRO.NS,177.35000610351562,178.6999969482422,176.39999389648438,176.39999389648438,4695019
2026-08-28,Wipro Ltd,WIPRO.NS,178.25,181.85000610351562,178.25,180.9499969482422,14686269
2026-08-31,Wipro Ltd,WIPRO.NS,180.1699981689453,184.5,176.1699981689453,184.5,16666567
2026-09-01,Wipro Ltd,WIPRO.NS,181.0,182.10000610351562,178.5,181.6999969482422,6813425
2026-09-02,Wipro Ltd,WIPRO.NS,180.0,180.38999938964844,176.8000030517578,177.08999633789062,12056634
2026-09-03,Wipro Ltd,WIPRO.NS,177.5,178.0399932861328,175.72000122070312,175.72000122070312,6496396
2026-09-04,Wipro Ltd,WIPRO.NS,176.74000549316406,178.75,176.39999389648438,176.39999389648438,6882678
2026-09-07,Wipro Ltd,WIPRO.NS,175.88999938964844,176.47000122070312,172.64999389648438,172.8000030517578,10720636
2026-09-08,Wipro Ltd,WIPRO.NS,172.8000030517578,172.89999389648438,171.1300048828125,171.5,6948945
2026-09-09,Wipro Ltd,WIPRO.NS,168.6999969482422,169.14999389648438,166.3699951171875,167.0,12001620
2026-09-10,Wipro Ltd,WIPRO.NS,167.89999389648438,169.19000244140625,166.0,166.3000030517578,9586645
2026-09-11,Wipro Ltd,WIPRO.NS,165.1999969482422,167.75,165.16000366210938,167.39999389648438,8484897
2026-09-14,Wipro Ltd,WIPRO.NS,167.39999389648438,167.39999389648438,167.39999389648438,167.39999389648438,0
2026-09-15,Wipro Ltd,WIPRO.NS,172.1999969482422,173.35000610351562,169.00999450683594,170.0,11722173
2026-09-16,Wipro Ltd,WIPRO.NS,170.02000427246094,170.88999938964844,166.11000061035156,166.88999938964844,11030339
2026-09-17,Wipro Ltd,WIPRO.NS,165.75,167.60000610351562,165.02000427246094,166.39999389648438,9129514
2026-09-18,Wipro Ltd,WIPRO.NS,166.89999389648438,166.89999389648438,163.3000030517578,166.8300018310547,23606474
2026-09-21,Wipro Ltd,WIPRO.NS,165.24000549316406,165.5,163.33999633789062,164.5500030517578,9282035
2026-09-22,Wipro Ltd,WIPRO.NS,164.80999755859375,166.0,163.2100067138672,166.0,14726893
2026-09-23,Wipro Ltd,WIPRO.NS,164.6999969482422,165.6999969482422,164.10000610351562,164.89999389648438,10856986
2026-09-24,Wipro Ltd,WIPRO.NS,164.16000366210938,165.6699981689453,163.36000061035156,163.63999938964844,7033397
2026-09-25,Wipro Ltd,WIPRO.NS,163.0500030517578,164.5,161.66000366210938,164.02000427246094,9700283
2026-09-28,Wipro Ltd,WIPRO.NS,164.02000427246094,164.4499969482422,160.97000122070312,161.55999755859375,10309220
2026-09-29,Wipro Ltd,WIPRO.NS,161.0,162.42999267578125,156.7899932861328,156.7899932861328,164453787
2026-09-30,Wipro Ltd,WIPRO.NS,157.00999450683594,161.72999572753906,157.00999450683594,158.5,15966068
2026-10-01,Wipro Ltd,WIPRO.NS,158.61000061035156,160.9499969482422,157.25,159.35000610351562,18521731
